:040000006F10D0119C
:100004000000000000000000900000208C0200208E
:10001400A9BDF9F544030020000000000000000021
:1000240044030020900000200000000000000000B5
:10003400900000200000000090000020000000005C
:1000440090000020900000209000002090000020EC
:10005400900000203C0B00209000002000000000D5
:1000640090000020900000209000002090000020CC
:10007400AA0300209000002090000020900000209F
:1000840090000020900000209000002090000020AC
:1000940001A0011113078008F337078093F787083D
:1000A4003EC201000100B71700409305700523808C
:1000B400B704130680FA2380C7040100010083C635
:1000C400B70493F6F60DA385D7042380070492465C
:1000D400F3A606800100010093760502D5CEF3361F
:1000E400078093F6860836C4010001002380B70414
:1000F4002380C70401000100B70614007D89558DD3
:1001040088C7010001000100010023800704A24602
:10011400F3A6068001000100733707801377870870
:100124003AC6010001002380B7042380C7040100FC
:100134000100010001003727004093061005A303C6
:10014400D78023800704B247F3A70780010001008A
:1001540093078008F3B7078093F787083ECE010022
:100164000100B7170040130770052380E704130745
:1001740080FA2380E7040100010003C7B704136772
:100184000708A385E70423800704F247F3A7078041
:10019400010001000561828093760504BDC6F33633
:1001A400078093F6860836C8010001002380B7044F
:1001B4002380C70401000100B706140093860604D7
:1001C4007D89558D88C7010001000100010023804D
:1001D4000704C246F3A606800100010073370780B6
:1001E400137787083ACA010001002380B7042380EB
:1001F400C704010001003727004093062005A3032C
:10020400D78023800704D24781B7733707801377D9
:1002140087083ACC010001002380B7042380C70477
:100224000100010098471367070C98C7238007044F
:10023400E24719BF0111814601468145114506CEA9
:10024400992493078008F3B7078093F787083EC67D
:1002540001000100B7170040130770052380E7046D
:10026400130780FA2380E7040100010003C7670431
:10027400136717002383E70423800704B247F3A717
:10028400078001000100F24005618280411181462E
:10029400014681451145C52A13078008F3370780B5
:1002A40093F787083EC401000100B7170040130606
:1002B40070052380C704930680FA2380D7040100C5
:1002C4000100FD552396B70223800704A245F3A538
:1002D40005800100010073370780137787083AC649
:1002E400010001002380C7042380D704010001001A
:1002F40003C76704136717002383E70423800704F5
:10030400B247F3A707800100010001A0BD473305F0
:10031400F50201007D1575FD8280411122C426C2BB
:1003240006C6AA84014463179400B240224492444E
:100334004101828005041305803E4204C13F41808F
:10034400DDB700009305000273A0458082457390D9
:10035400153492402242B2424243D2436244F244B0
:10036400025592552256B2564257D2576258F25805
:1003740006499649264AB64A464BD64B664CF64C35
:10038400065D965D265EB65E465FD65F09617300C4
:1003940020304111B7170040985F3AC6945F324746
:1003A400E39CE6FE324541018280B7170040130703
:1003B40000032388E702854723A8F18273002030D5
:1003C400411106C6EF00B02BF5BF23030480154787
:1003D4002303E48001002302A480828083076480D5
:1003E400E3CE07FE23030480828083076480E3CE88
:1003F40007FE03454480828083076480E3CE07FEC2
:100404002302A4808280411126C44AC24EC006C67B
:100414001377F50BAD47AA892E8995446306F70037
:1004240019456537653F8D444E854537FD59FD14A3
:1004340063983401B240A244124982494101828046
:10044400135509011375F50F453F2209CDB7011165
:1004540026CC06CEB704080051371545BD37713791
:1004640069372AC6A53F32459377150089EB136592
:1004740015001375F50FF240E24405618280FD1406
:10048400E9FC0145CDBF397126DC4ADA4ED852D693
:1004940056D45AD25ED006DE62CE66CCB7E700E010
:1004A4007D5783AA070022C603AA470023A0E718A2
:1004B40023A2E718B7170040130770052380E70449
:1004C400130780FA2380E70483C74704930B75FF5F
:1004D400B684E20793FBFB0F8546AA892E8B3289EB
:1004E40037240040E187015763FA76016308D50099
:1004F4008946130700026313D5000157D98F93F778
:10050400F70FB71C00402382FC0411472303E48047
:100514001305F00F5D3D094CD135636D7C11B705B2
:100524000700DA9537870700795563F2E504B38746
:100534009500636EF702370B0800A94733EB65019A
:100544006399F90689E48144513D26850DA0DA8535
:100554000945553D05090345F9FFFD14050B693DA2
:1005640081C49377FB0FFDF7DD3569FD7D55B71722
:100574000040130770052380E704130780FA2380E3
:10058400E70403C74704418B2382E704F250B7E72B
:1005940000E023A0571123A24711E25432445259D8
:1005A400C259325AA25A125B825B724CE24C2161EC
:1005B4008280A5476395F90685691309F00FB30690
:1005C4009900B3742B01B6941349F9FFB3749900DD
:1005D400856B33796901416B9387F9FFB3F7270181
:1005E40099E363FC340193D94900C147E3E637FF3B
:1005F40099BF0569C1697D19D9B71305800D638851
:100604006901130500026384790113051008CA8582
:10061400DD3B353D21DD4E99B3843441D9B7DA85CC
:100624002D45D533CA94E30099F205097D3BA30F08
:10063400A9FED5BF9387F9FF93F7F70F6361FC0C0D
:1006440083C71C0413073008631FF7043707080027
:10065400636BEB04B3079B00B706100063F5D70484
:10066400334BEB0089476393F9068980D549E38CC2
:1006740004ECDA850945413B11090327C9FF914779
:100684002320E48003076480E34E07FE23033481C0
:10069400FD17EDFBFD14110B81C49377FB0FE9FFEC
:1006A4007D3371F5E1B5B717004003C75704B707A9
:1006B40008001377070219E3B78707007955E37831
:1006C400FBEA33079B00E3FFE7F855B58547E38270
:1006D400F9F2DA852D45053B9389F4FFE38504E6B9
:1006E400293393F7390091EB83260480032709000B
:1006F40093074900E39AE6E43E89CE84F1BFB54707
:100704006396F9001305900BC93135BDB147130544
:10071400B00AE38BF9FE99476391F904B705080021
:10072400B365BB002D45C53181448D4BA149753955
:1007340063967401832704802320F9008504E398D9
:1007440034FF8327048013172B01635507002312FA
:10075400F900D5BB2322F900FDB39D476399F90243
:1007640081451305B0044531BD44232009002322EB
:100774000900FD599D3993F77400CA9703C7070010
:10078400FD14398D2380A700E39634FF6DBBA14788
:100794006392F9046D398144630D0B008D47930412
:1007A400C0036308FB009304000563048B019304F6
:1007B40040041375C507E30895D81945393139390B
:1007C4000545213126850D3909453D314931E31C63
:1007D40005D669BB91476399F90013056006F536A0
:1007E400F53E130590090DB7E38F09D4F154A9BB65
:1007F400BD66014717360000130606F9938606A660
:1008040085458347060093F7F70F91C38280050758
:10081400E3F9E6FE973700002388B7F6DDB77D16C7
:100824006206618693178601E18763D40700014558
:100834008280931726003307F500AE9718439C4334
:1008440063E7E7007D16E37FF7FC7D55828005456D
:100854008280FD15E205E18513978501618793F791
:10086400F50F63480700FD15139725002A97584391
:1008740065D7138517006205618582803308B50248
:100884001C4283A80600B335B502C29733B50701ED
:10089400AE98469585486367B5006394A50063E305
:1008A400070181480C43C6950CC388C21CC28280D0
:1008B40081471397870161876343B7008280139749
:1008C40027002A97232007008507E5B781470147BA
:1008D40093968701E18663C5B600133517008280BD
:1008E40093962700AA9694428507558FD5B793D738
:1008F40055408A07AA979C4305453315B5007D8D5D
:100904008280171300E0E702830F2A84993705C514
:10091400931725003E940327C4FF814711EB7D15EF
:1009240016053E9542054185171300E06700630FE5
:1009340005838507E5B70145C5BF8147139787013F
:1009440061876343C700828013972700B386E5005D
:1009540094422A97850714C3D5B77D16620661862B
:10096400014793178601E18763D507001335170004
:10097400828093172600B306F500AE9794429C43F9
:100984007D16B58F5D8FF1BF8A05AA950147636314
:10099400B500828083A6C5FFF11593D71600D98FC1
:1009A4009CC11397F601E5B72A8301480147014525
:1009B4006343D7008280B387050183A80700B30788
:1009C40006019C43C697AA976384F80033B51701C0
:1009D4000507B3080301620723A0F8006187110823
:1009E400C1BF2A8301478147014563C3D700828081
:1009F4003388E50083280800330EE600032E0E003A
:100A04003388A8403308C8416384080133B508011A
:100A14008507B308E300E20723A00801E187110773
:100A2400E9B7171300E0E70283FD0111B286B2842F
:100A34002E86AA850A8575372A84A6850A8579357E
:100A440033348000060413351500018D0561171336
:100A540000E0670003FD171300E0E702C3F741114C
:100A6400AA89AE8A328BB68402C202C402C6014489
:100A7400131C8401135C8C4163499C02939B1400F6
:100A8400FD1B0549138CF4FFF15C330489016204F6
:100A94006184634D740592478E04CE9423AEF4FEB4
:100AA4004101171300E0670083F613192400B30B08
:100AB4002B01014A93172A00D69783A50B0088437C
:100AC4007800340050005D3B050A93178A01E187E2
:100AD400F11BE351FCFE92474E9905042320F900D3
:100AE400A2473EC2B24702C63EC459B7131A89018F
:100AF400135A8A41131D240093178A01E18763CF97
:100B0400970092470A044E941CC0A2470509137922
:100B1400F90F3EC2B24702C63EC485BFB3079A036B
:100B240013152A0056950841780034005000050A30
:100B3400EA97DA978C439933C1B70000197106C25A
:100B440012C416C61AC81ECA22CC26CE2AD02ED249
:100B540032D436D63AD83EDA42DC46DECAC0CEC2F9
:100B6400D2C4D6C6DAC8DECAE2CCE6CEEAD0EED229
:100B7400F2D4F6D6FAD8FEDA938581828841E7006A
:100B8400050092402242B2424243D2436244F244BC
:100B9400025592552256B2564257D2576258F258CD
:100BA40006499649264AB64A464BD64B664CF64CFD
:100BB400065D965D265EB65E465FD65F096173008C
:100BC4002030B7E700E09843B706200023A0D718E9
:100BD400758F0F10000001C599C1814711E6B7E771
:100BE40000E023A0E7108280B386F50003C8060066
:100BF400B306F500850723800601E317F6FEC5B7A3
:100C040037E700E01C43B70620002320D718F58FF0
:100C14000F10000001C53307C50011E637E700E0F7
:100C24002320F71082800505A30FB5FEE31DE5FE22
:100C3400F5B737E700E01C43B70620002320D71898
:100C4400F58F0F10000001C599C1014711EA37E77C
:100C540000E02320F710054582800507E309E6FE3E
:100C64003308E500B386E5000348080083C60600A0
:100C7400E305D8FE37E700E02320F7100145828022
:100C840037E700E01C43B70620002320D718F58F70
:100C94000F1000001307F6FFBA952A966317C500D4
:100CA40037E700E02320F7108280FD1503C7150005
:100CB4000505A30FE5FEDDB737E700E01C43B706E3
:100CC40020002320D718F58F0F10000001C533072B
:100CD400C50019E637E700E02320F71001458280BC
:100CE40005058346F5FFE397B6FEE31BE5FE37E70C
:100CF40000E02320F71005458280797197370000C2
:100D0400938707FA22D4804306D626D24AD04ECE01
:100D140052CC56CA5AC85EC679C0B7C4C901014B81
:100D240097390000938949F79384F437173A000000
:100D3400130A4AF7973A0000938A4AF117390000D8
:100D4400130909FB8357240095E35C44631D0B00DE
:100D5400173700002326F7F4832BC4002285EF0005
:100D6400102B5E84B9A82326FB00FDB783A70900D6
:100D740082971C443307F5406376F5000327490046
:100D84001D8F2A9763E2E4089737000023A807EC35
:100D94008355240003450400975001E0E78040C0D8
:100DA4005C405844A1CB0C4403264900AE97BE8650
:100DB40063E4B70063E4C700B386C74014C4228B5E
:100DC4003A8449F097370000938747E89C4B0947DA
:100DD4006372F706F917173700002321F7E8B250BA
:100DE400225492540259F249624AD24A424BB24BBB
:100DF4004561828063170B009737000023A2E7EA5E
:100E0400A1BF2326EB0089BF03274A0209CF63EF62
:100E1400A7003385A74083A70A016376F5009737B7
:100E2400000023ADA7E2228B404461BF03274900A1
:100E3400BA97C5B79737000023A207E24DB7973793
:100E44000000938767EA9C4385C3411106C68297D5
:100E54009737000083C727E489E79737000023A565
:100E640007E8B240410182809737000083C7A7E2B8
:100E740091E79737000023A907E682808280411119
:100E840022C417340000130424DF1C4006C626C203
:100E94004AC091C782979737000023AF07DC973782
:100EA400000083C7B7F9858B173900001309C9F807
:100EB40089CF8347790019476312F71097370000E9
:100EC400A38E07F665295C4482971C4491C38297DC
:100ED40097340000938484DC98401736000003465E
:100EE400F6D69737000083C767D693961700BA964D
:100EF40083D60600E5C29737000083C727D563E58C
:100F0400C70E97370000238307D41C40639E071441
:100F140097370000938747D89C4363870714973714
:100F240000009387E7DCDC43173700002328F7D25F
:100F3400E9339737000083C7D7F0639707129737D1
:100F4400000083C7F7EF91CF8347790093F7F70F3A
:100F540089EB97370000A38507EE976001E0E780EF
:100F6400A056973700009387E7D3DC53638E070EB0
:100F740097370000938787CD9C4BFDC78347790043
:100F840015476363F70E9737000083C767F0918BAB
:100F9400E1EF9737000083C707D0F9E79040973611
:100FA400000083C6B6CA63C7D70C2244B240924439
:100FB40002494101175301E0670023CE83477900BA
:100FC4001D47E314F7F097370000A38907E67D2651
:100FD4001C48DDBD850793F7F70F9736000023877C
:100FE400F6C6E3E0C7F001BF86073E9783550700C6
:100FF4002310070097370000239E07C89737000087
:10100400938747C79C4317350000034525C413172E
:101014002500BA979C4382979737000083D787C7E8
:1010240017370000034787C293C7F7FF7D8D9317D7
:10103400170098403E97835707005D8D2310A70043
:101044009737000083C787C091C78507173700000B
:10105400230EF7BE17370000034747BF973700003A
:1010640083C7D7BEE37FF7E8B240224492440249E3
:1010740041018280139717003297035707006DF7D9
:10108400850715B737C700408326C720B707FCFF7D
:10109400FD17F58F2326F720010001009737000084
:1010A4009387C7BAC84F832787262326D7206A0584
:1010B40093C7F7FF99835D8D82800000EFF03FD8DE
:1010C4007300000000000000973200009382A2BC6D
:1010D4000383020023800200630F0300F32510340E
:1010E4002EC0970500009385A5FD73901534EF007D
:1010F400A04B7300203086DCEF00004BE65082806A
:101104000000173700001307E7D21443411122C42B
:101114009C5E4AC006C6998326C2858B3A841739D9
:1011240000001309E9D0D1CB930700069CDE1737E2
:1011340000000347C7D09307000897340000938446
:10114400A4CF631BF700832709009C4393F707048C
:10115400173700002305F7CE83C7040093F707046D
:101164009DC397370000938727B39C438297973793
:10117400000023A1A7CE83C7040093F7F70B17370A
:101184000000230BF7CA83C7440093F7070495E7CD
:10119400854717370000A303F7CA973700009387E2
:1011A40027CC9C433707020098C7130700FC9736E7
:1011B40000002385E6C89848F8D318401C5F918343
:1011C400858B8DC31C5F93E707011CDF97370000F5
:1011D400938707C99C4323A2070685471737000056
:1011E400230EF7C483270900D8430583058B19C749
:1011F400D843759BD8C3D843799BD8C3B240224403
:101204009244024941018280ED3D730020309317DE
:10121400D50063D3070297370000938767C49C43C4
:101224007D57B8D797370000938747A2DC4F8507CF
:1012340017370000232AF7A2937785008DC39737C9
:10124400000083C787BF93E7170017370000230602
:10125400F7BE930700F8173700002301F7BE937712
:10126400150099CB9737000083C717BD93E7170084
:1012740017370000A302F7BC9377650095CB9377EB
:10128400450017370000130727BBCDCB8347070062
:1012940093E71700173700002300F7BA97370000C9
:1012A400938747B998435C57F19B93E717005CD742
:1012B4009317F50063D4070217370000034707CFDD
:1012C400418B973700009387E7C651C383C78707CD
:1012D40093E7070217370000230AF7CC9317E500BA
:1012E40063D707029737000083C747B5E207E18752
:1012F40063D707008547173700002301F7B49737F2
:1013040000009387E7B59C433707020098C79317FB
:10131400C50063D4070217370000034737C9058B9C
:1013240097370000938707C129C383C7970793E7BB
:10133400270017370000A30BF7C6828083473700C6
:1013440093E7170017370000A309F7AE81BF03C75F
:10135400870789463D8B6308D70083C787070D47F6
:10136400BD8BE39DE7F69147B5B703C79707118B8C
:1013740069D783C7970793E7870065BF973700004E
:10138400938707AE9443973700009387E7AA03C770
:101394000700058B11CB97370000238107AA9737E5
:1013A4000000A38D07A8828003C71700058B65F78B
:1013B400F85271FF83C75700DDB7173700001307D2
:1013C40067A703280700832788039583858BADEFE0
:1013D40011C683270803BD832300F6009DC61C4362
:1013E400985B4607935767016356070093E707C066
:1013F400C207C18303970600C207C18709C7BA970A
:101404000947B3C7E7022390F6008DCD8345150045
:1014140095C99737000083C787A293F707041387FA
:101424009500894585C33A95834705000547994545
:1014340093F6F7066398E600E207E187814563D3F4
:101444000700B9452E8582808545EDBF411126C22E
:1014540006C622C497340000938484A03DED9440D2
:10146400AE87F8527DFF37F400E03E8597370000E1
:101474002385079C832704D1B285ED9B2328F4D0D0
:10148400832704D193E787022328F4D073005010F4
:10149400976001E0E78000F0973700009387879911
:1014A4009C43B70680009843558F98C3D857719BC7
:1014B400D8D797370000A383079897370000A38DE8
:1014C40007969C40094798C3832704D193E7870074
:1014D4002328F4D0730050100DA08D476315F50434
:1014E40097370000938707959C43B706800098437D
:1014F400558F98C3D857719BD8D79440173700009D
:101504001307879383472700858B89EB834737002D
:10151400858BC1CB9737000023820792B2402244C7
:101524009244410182808547E319F5FCB7F700E056
:1015340003A707D16D9B23A8E7D003A707D113679F
:10154400870223A8E7D07300501098408177FD17D5
:101554005447F58F5CC70F1000009840B70702008E
:101564001CC7930700F8173600002309F68C973739
:1015740000009387278C9C439C439D83858B639FAA
:10158400A700930760197CD354C737F700E083277B
:1015940007D193E787002328F7D02DBF9307E01BDB
:1015A400DDB7FC52A5F39DBF973700009387478BA7
:1015B4009C438847D847798D09C988C79387818612
:1015C40003A307006303030002838280173700002C
:1015D400130747898346B7019737000083C7578BA2
:1015E4004C4BB697FD8B33D7F50097360000A38B91
:1015F400F68697360000A38DF688058B15EF17370E
:10160400000003473789B3F7E70281460147130512
:10161400000233D6E500058A1378F70F19CA6397D9
:10162400D70097370000A38F07838280850693F63F
:10163400F60F0507E31FA7FC828097270000938716
:10164400A7659C43011122CC4AC806CE26CA4EC6C1
:101654008297973700009387E782804701496301A7
:10166400A406BE8463668506018D1354550097371E
:10167400000083C7C7801379F5016360F4049729D8
:1016840000009389E966993703A88400972600002F
:1016940083C6E67E139756004297158C3A8683A537
:1016A4004900636407016364B7003306B7409727B2
:1016B400000023ADC77CE378D4FC1604336924010D
:1016C400F24062444A85D2444249B249056182806B
:1016D400972700009387C761DC43338487402295B2
:1016E40069B7972700009387A777984389679387FB
:1016F40007F47CD3972700009387C77B9C4383A67A
:101704000709139656006358060083A60709139623
:101714006600634406007453FDF282804111B7E70A
:1017240000E022C480433707200006C6798C23A03A
:10173400E7180F10000011C199E5B7E700E023A0F6
:10174400871001457DA893073500C207C183F19B2B
:10175400C207C183130740036369F7021727000018
:101764001307077D0843172700001307E77B14437B
:101774006392A602172700001307C752185B55DFB0
:10178400C207DD8D054502974DBF172700001307DB
:10179400E779C9BF035765002DEB0357450063661E
:1017A400F706B306F7402146637CD60203280500FA
:1017B400938687001D8FAA9661171726000003568B
:1017C40046492392E60023A006012393060014C190
:1017D4002312F500130786FF97260000239BE64695
:1017E4002313B5009725000083D5A546B387F5409C
:1017F40017270000231FF744B7E700E023A0871052
:101804002105B240224441018280084195B7B7E7DF
:1018140000E08C433707200023A0E718F98D0F1050
:10182400000001E523A0B71082809727000093876A
:10183400277003A30700972700009387E76E83A808
:10184400070081469A8763F2170D03A807006361B6
:10185400F50C636FA80A138787006368E50A03D64B
:101864006700216705076317E60003C7318605078C
:10187400A381E186172500001305453D03D64700E3
:101884000357650023930700329742074183172EBD
:1018940000002310EE3C638C67021723000013033F
:1018A400E368032303006304F30203D366006310B5
:1018B400030283D7460023A0060121073E96210692
:1018C4002392C600972700002395E738B6879843EC
:1018D400630D1703972600009386466594426306BA
:1018E400D7028356670095E283D647000356470024
:1018F4001843A106B2962392D70098C38357650074
:10190400A107172700002316F734B7E700E019BF33
:08191400BE86C2870DBF000072
:10191C00971100209381C1BA175100201301C1ED1A
:10192C001305400097E5FF1F9385056D17060020F2
:10193C00130606FE63FAC5008322050023A055009A
:10194C0011059105E3EAC5FE17B501001305057CE9
:10195C00970500209385C5FB1386018263FAC500A9
:10196C008322050023A0550011059105E3EAC5FE6D
:10197C0013850182972500209385056E6377B5004A
:10198C00232005001105E36DB5FEFD42739002BCEA
:10199C008D4273904280930280087390023097E2DC
:1019AC00FF1F9382626593E232007390523097224C
:1019BC000000938262C97390123473002030397125
:1019CC0001436EC619A0397141536AC866CA62CC0C
:1019DC005ECE19A0397101535AD056D252D44ED67C
:1019EC004AD826DA22DC06DE3301614082824111BC
:1019FC004AC026C222C406C68282B24D4101024DA3
:101A0C00924C224CB24B4101024B924A224AB249AF
:101A1C004101024992442244B240410182803D433B
:101A2C002A876373C3029377F700BDEFADE5937616
:101A3C0006FF3D8ABA960CC34CC30CC74CC7410772
:101A4C00E36BD7FE11E28280B306C3408A0697028D
:101A5C00000096966780A6002307B700A306B70080
:101A6C002306B700A305B7002305B700A304B700EE
:101A7C002304B700A303B7002303B700A302B700E6
:101A8C002302B700A301B7002301B700A300B700DE
:101A9C002300B700828093F5F50F93968500D58DC2
:101AAC0093960501D58D61B7939627009702000098
:101ABC0096968682E78086FA9680C1171D8F3E9691
:101ACC00E374C3F8A5B73367B500FD530D8B79E705
:101ADC00B7877F7F9387F7F710419441B372F60075
:101AEC003363F600BE92B3E262006397720C631824
:101AFC00D6065041D441B372F6003363F600BE9261
:101B0C00B3E262006398720A631BD60410459445D5
:101B1C00B372F6003363F600BE92B3E262006391D7
:101B2C00720A631ED6025045D445B372F600336375
:101B3C00F600BE92B3E26200639A72086311D60299
:101B4C0010499449B372F6003363F600BE92B3E2C7
:101B5C006200639372085105D105E30FD6F6131793
:101B6C00060193970601631CF7001357060193D7E0
:101B7C0006013305F7409375F50F91E98280418397
:101B8C00C1833305F7409375F50F91E1828013778C
:101B9C00F70F93F7F70F3305F740828003460500E4
:101BAC0083C60500050585056313D60065FA330564
:101BBC00D640828011059105E312D6FE0145828044
:101BCC002105A105E31CD6FC014582803105B10538
:101BDC00E316D6FC014582804105C105E310D6FC15
:101BEC0001458280B717004003C777051377E70FCD
:101BFC00A38BE704130700F8A38DE7043D47238C60
:101C0C00E70413075003A38CE70403C7A705137756
:101C1C00D70F238DE7048280B717004003C7E70274
:101C2C000D8941111377C70F498F93068008F3B6BE
:101C3C00068093F6860836C60100010093067005EF
:101C4C002380D704930680FA2380D7040100010077
:101C5C002387E70223800704B247F3A7078001001C
:101C6C0001004101828041112A83014E930E407E76
:101C7C00130F0019930F400663E56E1293080019B9
:101C8C0013034006B3781503854E0D4FA14F3373E4
:101C9C0065020D891335150063EFBE121308F6FFAC
:101CAC00794672984208135808013307C70213D6B5
:101CBC001700BE0732976146B3F6C6021306807052
:101CCC00B386C6023697A166F58F42075D8FB716AD
:101CDC00004083C7F60293F70708A303F1000346FD
:101CEC00710083C7F60293F70708E394C7FE834796
:101CFC007100B716004093F7F70F6388071293072C
:101D0C008008F3B7078093F787083EC401000100F1
:101D1C00B7170040930670052380D704930680FA0A
:101D2C002380D7040100010023AA070383C61703ED
:101D3C0093E60608A388D70223800704A247F3A7DB
:101D4C000780010001001166B71700407D16D45BB7
:101D5C00C85F93854703A98EF18EF5FA9306800828
:101D6C00F3B6068093F6860836C60100010093068A
:101D7C0070052380D704930680FA2380D7040100D2
:101D8C00010098C103C7170313670704A388E70270
:101D9C0023800704B247F3A707800100010041012B
:101DAC0082807D133368E3039308E016630E08000A
:101DBC003368F3039308D016630808009378330054
:101DCC0093B818009388D81633081E01131E080107
:101DDC00135E0E0155B56393E50305486386080051
:101DEC000148630303002A8871087298FD15131EBD
:101DFC000801C205135E0E01C18179BD13F81500EF
:101E0C0063F4BF007908D5B713381800E5BF83C752
:101E1C00F60293F70708A303F1000346710083C78A
:101E2C00F60293F70708E394C7FE8347710093F714
:101E3C00F70FF1DFE9B54111B7170040985F3AC6CB
:101E4C00945F3247E39CE6FE32454101828031715A
:101E5C004AD966CB06DF22DD26DB4ED752D556D3C8
:101E6C005AD15ECF62CD6AC96EC7AA8C02D8EF0078
:101E7C0090102A8993078008F3B7078093F7870897
:101E8C003EDA01000100B7170040130770052380EC
:101E9C00E704130780FA2380E7040100010003C75D
:101EAC00F7021377770FA387E70203C7F7021367CD
:101EBC008700A387E70223800704D257F3A7078084
:101ECC00010001000545893B130780C13347E90236
:101EDC00116A93070AE893065002BD69930BA0049C
:101EEC00814A014B13048008930470057D1AB34793
:101EFC00F9023307D7023EC0FD873ECC938709A673
:101F0C009309803E3347F7023AC27D873AC4334780
:101F1C0039038549B399990193D93940B306D7024E
:101F2C00B30B7703B3C6F602B3CBFB0236C6FD8602
:101F3C0036C893D6FB4136CEB7460F00938606249F
:101F4C003349D9028566938606FAB3969601B3890E
:101F5C00E902130760553309D90293060010B389BF
:101F6C00E9023349D902B3C9F9029316390036CACA
:101F7C0037190040FD8636D0930D090493D7F941EB
:101F8C003ED2F336048093F6860836DC010001005D
:101F9C00930770052380FD00930680FA2380DD00F3
:101FAC00010001008346390593F6860FA309D90475
:101FBC008346390593E61600A309D90423800D0046
:101FCC00E256F3A6068001000100130C80FA116D95
:101FDC00F336048093F6860836DE01000100930781
:101FEC0070052380FD0023808D01010001008346D4
:101FFC003905216693E60602A309D904835609051F
:10200C00B3E6A6012318D90483560905D18E2318EB
:10201C00D90423800D00F256F3A6068001000100BE
:10202C008346390593F60602638306180346390581
:10203C00218A6DDE081841277336048013768608D2
:10204C00B2C20100010023809D0023808D0101009C
:10205C000100B717004003C637051376F60DA389A8
:10206C00C70403C6370513660602A389C704835643
:10207C0009052166B3E6A6012318D9048356090580
:10208C00D18E2318D90423800D009646F3A6068022
:10209C00010001008346390593F60602638006149D
:1020AC0083463905A18AEDFE7933AA8636D461338D
:1020BC00A256E30DD5FE835609054255B3E6A6019B
:1020CC002318D904392783463905A18AEDDE035636
:1020DC0009058346290582473376CA00B306DA021E
:1020EC0093D5F641B296B388F640E24733B8C600B2
:1020FC002E983308F840A247B3B616013308D840DF
:10210C0063C70701631DF800924763FA1701C247C2
:10211C00634DF80E63950701B24763E8F80E8946E4
:10212C0063E7660FF2469315180013D3F8015E8629
:10213C0013951800B365B30042D646D4EF806139CD
:10214C003258050B137BFB0F63470001631C0836E9
:10215C00A2586389083613081500B336A800B69543
:10216C0013D6F5013298B336C800AE961358180042
:10217C00FE06B3E606017336048013768608B2C6F3
:10218C000100010023809D0023808D0101000100CE
:10219C000356C902B296C206C1822316D902238005
:1021AC000D00B646F3A606800100010015B5F33606
:1021BC00048093F68608B6C00100010023809D00C0
:1021CC0023808D01010001008346390593E6060248
:1021DC00A309D90423800D0086463DBDF336048047
:1021EC0093F68608B6C40100010023809D0023806D
:1021FC008D01010001008346390593E60602A3090F
:10220C00D90423800D00A64651B5E30D0BF0F3362F
:10221C00048093F68608B6C801000100930680FA84
:10222C0023809D002380DD000100010083463905D9
:10223C0093F5FC0F93F6860FA309D9048346390551
:10224C00CD8EA309D90423800D00C646F3A60680C3
:10225C0001000100130580FA034639059306390580
:10226C001D8A631E96277336048013768608B2CCBB
:10227C0001000100130680FA23809D002380CD000D
:10228C000100010003C606001376F60D2380C6007C
:10229C0003C60600136606022380C6008356090592
:1022AC001166D18E2318D904835609052166D18E67
:1022BC002318D90423800D00E646F3A606800100FE
:1022CC000100130680FA8346390593F606026382F1
:1022DC00062483463905130C3905A18AFDDA081842
:1022EC00D929F336048093F68608B6D00100010094
:1022FC00930680FA23809D002380DD0001000100FD
:10230C0083460C00116693F6F60D2300DC00834621
:10231C000C0093E606022300DC0083560905D18EDF
:10232C002318D904835609052166D18E2318D904A4
:10233C0023800D008656F3A60680010001001306CB
:10234C0080FA8346390593F60602638F061E834690
:10235C003905A18AEDFEC5342A8CF13CE30F85FFCB
:10236C008356090511664255D18E2318D90495213F
:10237C008346390513063905A18AFDDAF336048044
:10238C0093F68608B6D401000100930680FA2380E8
:10239C009D002380DD00010001008346060093F6BA
:1023AC00F60D2300D60023800D00A656F3A606805A
:1023BC00010001008356090503462905D247B3766F
:1023CC00DA003306CA021305800C9355F641369693
:1023DC00330DF6408257333CD6002E9C3336A60183
:1023EC00330CFC40330CCC403308850392564E869C
:1023FC00B335A5033305A503C295EF80810D634664
:10240C008001631E0C16630C0D1613061500333574
:10241C00A6002E959356F5013696B335D600AA959F
:10242C009396F50105828585D18E6346B000639D38
:10243C00051A638B061A0356C90215823305D6009A
:10244C003336C500B2956348B0006391052413067A
:10245C00F00F637DA622894663F356159307800817
:10246C00F3B7078093F78708BED601000100371732
:10247C000040930770052300F704930780FA2300AC
:10248C00F704010001008356C70289678117D58FB5
:10249C00C207C1832316F70223000704B657F3A71C
:1024AC00078001000100FA506A54DA544A59BA59AB
:1024BC002A5A9A5A0A5BFA4B6A4CDA4C4A4DBA4D74
:1024CC00296182801308F5FF3335A800FD152E9580
:1024DC001356F5013298B336C800AA9641B9F336B3
:1024EC00048093F68608B6CA0100010023809D0083
:1024FC002380AD000100010083463905CD8EA30970
:10250C00D90423800D00D646F3A6068001000100F5
:10251C00A1B3F336048093F68608B6CE0100010011
:10252C0023809D002380CD000100010083463905E6
:10253C0093E60602A309D90423800D00F646F3A600
:10254C0006800100010041B3F336048093F686083F
:10255C00B6D20100010023809D002380CD00010034
:10256C0001008346390593E60602A309D9042380AA
:10257C000D009656F3A6068001000100D9B3930610
:10258C00F5FF33B5A600FD152E959355F501AE96C6
:10259C00B3B5B600AA951396F501858269B5F336E5
:1025AC00048093F68608B6D801000100930680FAE1
:1025BC0023809D002380DD00010001008356C902A9
:1025CC000566011693F6F60FD18EC206C18223164C
:1025DC00D90223800D00C656F3A606800100010027
:1025EC00850A93FAFA0F71BA33E6B60045C2035660
:1025FC00C9023305D0403338A000B305B040B385D1
:10260C00054115826345B000D1E16371A608894686
:10261C0063F0560593078008F3B7078093F7870894
:10262C00BEDA01000100B7170040130770052380C4
:10263C00E704130780FA2380E7040100010003D7A5
:10264C00C7027D8B2396E70223800704D65781BDF2
:10265C00F336048093F68608B6DC0100010093067D
:10266C0080FA23809D002380DD0001000100835649
:10267C00C9020566011693F6F60FD18EC206C18209
:10268C002316D90223800D00E656B9B793078008AC
:10269C00F3B7078093F78708BEDE010001003717F8
:1026AC000040930770052300F704930780FA23007A
:1026BC00F704010001000356C70293975600B29726
:1026CC00C207C1832316F70223000704F657C1BBC8
:1026DC00914763EEB70217A70100130727948A05E9
:1026EC00BA959C41BA978287B717004003A7470B4E
:1026FC001345F5FF698F23AAE70A03A7070B698F18
:10270C0023A8E70A03A7070A798D23A0A70A8280CA
:10271C00B717004083A6470B1347F5FFF98E23AA82
:10272C00D70A83A6070B558D23A8A70A83A6070AE9
:10273C00758F23A0E70A8280B717004003A7470BC9
:10274C00498F23AAE70A03A7070B1345F5FF45BFDB
:10275C00B717004083A6470B1347F5FF758F23AAC5
:10276C00E70A03A7070A598D4DB7B717004003A70F
:10277C00470B498FEDB7B717004088474205418199
:10278C009377050491EB9377F5013755E801130521
:10279C0005803345F50282809377050C13070004FE
:1027AC006397E7009377F50137459C1CCDB72165FE
:1027BC00130505D0828037E700E01C435443A18306
:1027CC00E206D58F1CC1FD572320F7182322F718DA
:1027DC00828013178500B7E700E023A0E710618122
:1027EC0023A2A7108280B7F700E08847CC478280ED
:1027FC00814737370040A14663C4C70032858280C9
:10280C000345B740E38EA6FE3385F500034505006E
:10281C0085072304A740CDB7411122C406C62A84DC
:10282C00993F2947B307E502B2408D83B3D787029E
:10283C0022449507B3D7E70237370040C207C1835C
:10284C002316F74041018280716541111305052063
:10285C0006C6D937B7370040130770F82381E74015
:10286C000D47A381E74013070004A380E740054709
:10287C002387E740B240410182802380018223A25A
:10288C000182B717004003A7070CB706C0FFFD165F
:10289C00758F23A0E70C03A7070DB7064000558FD3
:1028AC0023A8E70C03A7070C3D9B23A0E70C03A769
:1028BC00070D1367070123A8E70C828023A2A182CE
:1028CC0013064006894503C5C1826F30E115B71761
:1028DC00004003A5470C83A7470C598113451500ED
:1028EC00C18B058999E31365250083C70182638C2D
:1028FC00A7002380A18201C99387418203A307000B
:10290C00630303000283828011456FF04FD44111A1
:10291C0093962500AA852D4506C697E0FF1FE780F4
:10292C0000B6B240014541018280011122CC06CE95
:10293C003714004026CA4AC84EC652C48344740594
:10294C00034AB4058349840503499405EFF08FA924
:10295C008347A40593F4F40F137AFA0F93E7170047
:10296C00230DF40493F9F90F1379F90FB7170040FD
:10297C0003C7A705058B6DFF03D5C705A38D4705B9
:10298C00238C3705A38C2705A38B9704F240624454
:10299C00D2444249B249224A05618280411193973F
:1029AC00050122C406C6C1872E8463DA0700EF2016
:1029BC00915019C1EF2011442165218D1DA093F771
:1029CC00150013C5150091EF93F7250099CF01372A
:1029DC001306000A894503C5C182EF30E104134593
:1029EC002400B2402244410182809397250163D098
:1029FC000702EF40F14D093F37F60200130606E0DF
:102A0C00896503C5C182EF30210209657DB79397B3
:102A1C0015010145E3D707FC179501001305C565A2
:102A2C00EF80814113060064916503C5C182EF20DC
:102A3C00B17F116559B72D71232A9110FD74E98C62
:102A4C00232C811023282111232631112A84AE89AD
:102A5C003289930600100A86A6852D45232E111067
:102A6C0097E0FF1FE780A0A11315440151810A05CF
:102A7C0013962900CA850A9597E0FF1FE780E0139B
:102A8C00A68585660146254597E0FF1FE780209FB8
:102A9C000A86A68593060010294597E0FF1FE7805C
:102AAC00009E8320C1110324811183244111032929
:102ABC0001118329C11015618280B7F7070003C784
:102ACC000701411106C622C426C24AC0A547631A93
:102ADC00F7009537B2402244924402490145410126
:102AEC00828013942500AA843289A286AA85014685
:102AFC00254597E0FF1FE7808098A2864A86A68529
:102B0C00294597E0FF1FE7808097E9B71D7149467B
:102B1C00979501009385C55117A5010013058542B2
:102B2C0086CEA2CC97E0FF1FE780201001E9179515
:102B3C00010013052551EF80213001A037F700E08B
:102B4C00795610CBFD5654CBB7E700E0056423A0B3
:102B5C0087109306F00214C323A08718010001000C
:102B6C0017E7FF1F1307C75523A4E1824157A38A18
:102B7C00E740130600048145080897E0FF1FE78033
:102B8C00A007970700209387E7A43EC89D673ECC1B
:102B9C00B7070105938707103ECEED472310F102CE
:102BAC0085472301F10297070000938787D6BEC2A1
:102BBC00970700009387A7F0BEC48567938757D10A
:102BCC002312F10297070000938727C23ED8B7F56E
:102BDC00070097070000938787D53EDC814697074F
:102BEC0000009387A7D23000E10519453EDE231A79
:102BFC00810097E0FF1FE78080881808814799467D
:102C0C0030003E960346060085070507A30BC70058
:102C1C00E398D7FEC24791C7035741018567637399
:102C2C00F70001A00808EF30012FAA8501C91795FC
:102C3C00010013056542EF80810E01A0F640664449
:102C4C0025618280411117050000130565D506C664
:102C5C0022C4EF3081281384C1822300A4002128D0
:102C6C002939034504002244B24013060032896519
:102C7C0041016F20715B797106D613078008F33719
:102C8C00078093F787083EC201000100B717004088
:102C9C00930570052380B704130680FA2380C704BC
:102CAC000100010083C6F70293F6A60FA387D70293
:102CBC00238007049246F3A60680010001007337B7
:102CCC000780137787083AC4010001002380B704FA
:102CDC002380C7040100010003C7F7021367270014
:102CEC00A387E70223800704A247F3A7078001000C
:102CFC0001000545EFE05FF201398147014781464C
:102D0C00054685451305407EEFE0FFF5680051460A
:102D1C00814597E0FF1FE78020EEB707C0A83EC8AB
:102D2C00B787E803938707D03ECA680097D7FF1F81
:102D3C009387A7653EC6EF302143B2504561828030
:102D4C004111979501009385E53617950100130500
:102D5C00254906C6EF70B17C17950100130545494E
:102D6C00EF70F17BB240179501001305A57341017B
:102D7C006F80810C4111979501009385E53417956F
:102D8C0001001305E54506C6EF7071791795010032
:102D9C001305C543EF70B178B240179501001305C8
:102DAC00657041016F804109411197950100938530
:102DBC00E532179501001305A54206C6EF70317672
:102DCC00B240179501001305E56D41016F80C106F6
:102DDC00797122D426D24AD02E842A89B284814594
:102DEC007146480006D6EFE09FC397F7FF1F938705
:102DFC00E7C4DC4783D70700231421012313F10018
:102E0C00EF00B0498547A305F1009307001923058E
:102E1C00A1003EC62686FD57A2854800230AF10074
:102E2C00EF00104AB25022549254025945618280EC
:102E3C001971A2DC86DE834705002A849DC3979511
:102E4C0001009385252E1795010013056539EF7048
:102E5C00116D4C40179501001305854FEF70316CC7
:102E6C0079A85841B707CF009387777D6316F71C75
:102E7C00979501009385052B179501001305453691
:102E8C00EF70F1698356E40010448355C400179524
:102E9C0001001305654DEF7091681795010013053E
:102EAC006560EF7071790356C4000C441385C1073B
:102EBC0097E0FF1FE78060D083C7C1071307200A84
:102ECC00638AE7001307300A638BE712F6506654E7
:102EDC00096182800357C4008D4797950100938543
:102EEC006524179501001305A52F6301F702EF70F8
:102EFC0011631795010013052549EF705162179561
:102F0C0001001305255AEF703173C9B7EF703161A9
:102F1C00179501001305C548EF70716017950100F6
:102F2C0013054558EF7051710355E400930720F8D1
:102F3C0005469385C107238EF106593D9377F50F0E
:102F4C002A848DCB979501009385C51D179501009B
:102F5C0013050529EF70B15C9375F40F17950100FB
:102F6C001305C547EF70B15B179501001305855329
:102F7C00EF70916C979501009385C51A1795010018
:102F8C0013050526EF70B159179501001305454639
:102F9C00EF70F158179501001305C550EF70D1690A
:102FAC004165930730FA05469385C1077D15238E3D
:102FBC00F106393D9377F50F2A848DCB9795010057
:102FCC00938545161795010013058521EF70315532
:102FDC009375F40F1795010013054540EF703154AC
:102FEC00179501001305054CEF7011650566130666
:102FFC0006C8894503C54183EF201123C1BD035782
:10300C00C40085476301F7029795010093858511EC
:10301C00179501001305C51CEF7071501795010031
:10302C0013054540D9BD8357E4000566130606C851
:10303C00239FF18291457DBFB707CC009387777DA5
:10304C006316F7041306400681456800EFE03F9DC8
:10305C000356C4000C44680097E0FF1FE780E0B5FE
:10306C00979501009385050C1795010013054517DD
:10307C00EF70F14A8356C4008355E4007000179535
:10308C0001001305E53BEF70914995BDB707CE00E4
:10309C009387777DE30CF7E297950100938585087C
:1030AC00179501001305C513EF7071474C40179528
:1030BC0001001305253B5DB3011122CC979501004E
:1030CC00938545082A84179501001305651106CED2
:1030DC00EF70F144A2851795010013056558EF7048
:1030EC001144179501001305E53BEF70F1549387DC
:1030FC0081819843DC4321462C0005453AC43EC6E9
:10310C00C1390DC92A84979501009385A50317959C
:10311C0001001305E50CEF709140A2851795010095
:10312C0013050520EF70B13F179501001305853786
:10313C00EF709150F240624405618280411122C4CB
:10314C0006C6834705002A849DCB9795010093857D
:10315C0025FC179501001305A508EF70513C4C4058
:10316C001795010013058514EF70713B2244B24092
:10317C00179501001305053341016F70F14B584150
:10318C0031E3979501009385A5F817950100130578
:10319C002505EF70D138179501001305A512EF70B6
:1031AC001138179501001305E52FEF70F1482244F3
:1031BC00B240116603C54183130606E889454101F7
:1031CC006F209106A1679386D7036311D702979559
:1031DC0001009385E5F31795010013056500EF7069
:1031EC001134179501001305E50E55BFED079795A2
:1031FC0001009385E5F117950100130565FE631831
:10320C00F702EF70D131179501001305E50DEF7042
:10321C001131179501001305E528EF70F141224497
:10322C00B24003C54183894541016F209116EF706F
:10323C00112F4C40179501001305C52235B74111CC
:10324C0006C6EF90601519E5EF107038B2404101D9
:10325C006F200072B24041018280411197950100AC
:10326C00938545EA17950100130585F706C6EF709F
:10327C00112B179501001305E522EF70F13BB240BD
:10328C00410175BF411122C417950100130545F585
:10329C002E8497950100938525E506C6EF7031289D
:1032AC001795010013050520EF7011391DC897956E
:1032BC000100938565E317950100130565F2EF7026
:1032CC001126A2851795010013058506EF7031258F
:1032DC002244B240179501001305C51C41016F70C3
:1032EC00B135B240224441018280011122CC2EC65C
:1032FC002A84979501009385E5DF17950100130546
:10330C0025EE06CEEF70B1213246A285179501004D
:10331C001305C502EF70B120179501001305851830
:10332C00EF70913183C7018481EF97E7FF1F93877B
:10333C00E770DC4703D70700C167FD17631DF70073
:10334C006244F240116603C54183130606E88945C1
:10335C0005616F20616DF24062440561828041110C
:10336C0022C406C693F715002E8499CF0566130662
:10337C000696854503C54183EF20016B1345140068
:10338C00B24022444101828093F7250085CF979566
:10339C0001009385E5DC17950100130565E4EF70DA
:1033AC00111817950100130565CDEF70511717957E
:1033BC0001001305250FEF703128EF10907F134596
:1033CC0024007DBF93F745000145DDDB854503D522
:1033DC00E183EFE0A03C97950100938565D81795A4
:1033EC0001001305E5DFEF7091131795010013052C
:1033FC0025CAEF70D112179501001305A50AEF70BD
:10340C00B12313454400ADBF01113546979501001A
:10341C00938545DF179501001305853106CE22CC27
:10342C0097E0FF1FE780608001E917950100130505
:10343C0065C1EF70712001A097F7FF1F938707906C
:10344C003EC4B7F5070085679387078081461386CE
:10345C008183E10519453EC697D0FF1FE780200206
:10346C001946938581831385C10997D0FF1FE78087
:10347C00C074340013868183979501009385C5022F
:10348C00179501001305C503EF10B03E2A8405CD36
:10349C00979501009385C5CB17950100130545D46D
:1034AC00EF70F107A285179501001305A5D6EF70F3
:1034BC001107179501001305E5FEEF70F117F240A7
:1034CC00624405618280EF70304A17950100130544
:1034DC0065CAEF00705FEF40F040EFE0E05417E595
:1034EC00FF1F13056553EFE0C0411795010013054D
:1034FC0065C9EFE020552A84EF100039EF90507A1F
:10350C00EF002173EF20404EEF109013EFC02057C7
:10351C00979501009385C5C317950100130545CCFC
:10352C0009C8EF70C17FA285179501001305C5D09E
:10353C00BDBFEF70C17E17950100130525D2EF704A
:10354C00017E179501001305E5F5EF70F10EEFC044
:10355C00603985472380F184EF80106421C99795E9
:10356C0001009385E5BE17950100130565C7EF7043
:10357C00017B179501001305E5CFEF70417A179584
:10358C000100130525F2EF70310B9795010093851F
:10359C0025BC179501001305A5C4EF70417817954C
:1035AC000100130565CFEF70817721B74939F1BF61
:1035BC004111170500001305C5DA06C622C4EF2019
:1035CC00D111138441832300A40017E5FF1F1305B9
:1035DC00E546EF0030080D3DEFF02FAA170500006F
:1035EC001305C5ADEFF08FAD034504002244B24086
:1035FC0013060064854541016F20014301113546D6
:10360C0097950100938505C0179501001305451288
:10361C0006CE97D0FF1FE780406101E917950100A6
:10362C001305C5E5EF70510101A0EF50B1312AC669
:10363C00EF003122EF007101EF60D06DF2403245A6
:10364C000561828041111305800406C622C497D0FF
:10365C00FF1FE78080A3371400408327840A8D4521
:10366C001305002093E707202324F40AEFF04F867C
:10367C00EFF08F9D97A501009385C58C17950100E0
:10368C00130545E1EF70A169979501009385450AF3
:10369C0017950100130505E0EF706168EFF00FC797
:1036AC00EFF04FDAA13F29378327440CC18B89EB0C
:1036BC00EF10305017950100130545DEEF70C17700
:1036CC0097D0FF1FE78040CF014582804111B28621
:1036DC002E86AA852D4506C697D0FF1FE78020DAD7
:1036EC00B240014541018280AE860146AA8525453E
:1036FC0017D3FF1F6700A3D89307000463E6C70224
:10370C001D71A2CC2A84080886CE32C6EF70C15532
:10371C00B2461008A285294597D0FF1FE78020D616
:10372C00F6406644256182803955828093874184B6
:10373C0018429C4383D645000345070083C5C70048
:10374C00035646006396A50083D5E700638DD5022A
:10375C00011106CE2386A7002397D700B705CF000B
:10376C00DC4B9385757D05077D162EC22300010069
:10377C003AC42316C1002317D10099C30A85829736
:10378C00F2400561828082806D713C083EC6B707AD
:10379C00E500232291103EC8AA843C0832852326DA
:1037AC0011103ECA23248110232021112E89EF20D1
:1037BC0040432A84979501009385C5D51795010040
:1037CC00130505A2EF70A155A285179501001305ED
:1037DC0065E4EF70C154179501001305A5CCEF708B
:1037EC00A165B705CB009385757D6800EF00702748
:1037FC00A2856800EF208034014781467000CA859D
:10380C002685EF0050460DC92A84979501009385B3
:10381C0065D0179501001305A59CEF704150A2854A
:10382C0017950100130545E1EF70614F17950100E5
:10383C00130545C7EF7041608320C110032481102C
:10384C0083244110032901105161828093874184A4
:10385C0018429C43797122D406D60348070083C8CA
:10386C0007012A8483D64500035546006396080158
:10387C0083D82701638DD802238807010507239974
:10388C00D7003708CC00DC4B1308787D3ACC1307F3
:10389C00F5FF42CA23080100231EE100231FD100BB
:1038AC0099C7080832C62EC482973246A245228593
:1038BC00E13DB2502254456182806D713C083EC09E
:1038CC00B707E5003EC23C083EC423261110232452
:1038DC0081102322911023170100231801002319B2
:1038EC000100231A0100231B010097E7FF1F83D758
:1038FC00E71899E3C167FD172316F10097E7FF1F3F
:10390C0083D7E71781EB938741849C439C43DC4727
:10391C0083D7070017E4FF1F13044416584C2317D2
:10392C00F10083574400484B2318F1001DED979587
:10393C000100938525C5179501001305658AEF7065
:10394C00013E17950100130525C5EF70413D1795F4
:10395C000100130525B5EF70214E8320C1100324FF
:10396C008110832441105161828097E7FF1F83C728
:10397C00571199E7EF1011485C4C23AA0700F1BFCF
:10398C00FD1797E6FF1FA38EF60E0356070183471C
:10399C0004014C470A85230BF100EF204018938754
:1039AC0041849C430147814688430A866C00EF00A2
:1039BC00902BAA841DC9979501009385A5BC1795DA
:1039CC0001001305E581EF708135A685179501007F
:1039DC00130545BDEF70A13417950100130585AC97
:1039EC00EF7081455C4CC84B71B797E7FF1F83C7DD
:1039FC005709EDDB1044854503C58184EF20C102D6
:103A0C00A9BFDC4DDC4B99C7904503C5818491451A
:103A1C006F20810182805C4EDC4BB9C7B1C541116E
:103A2C0022C4178501001305A57B2E8497950100F0
:103A3C00938585B306C6EF70812EA285179501007C
:103A4C00130585B8EF70A12D17950100130585A5F9
:103A5C00EF70813E2244B24003C5818413064006B8
:103A6C00914541016F10517C8280411122C417E4B1
:103A7C00FF1F1304A4FE1C4C06C689C7DC4399C364
:103A8C004C4882975C4CC84BEF10D1365C4CB24022
:103A9C00224423AA0700410182801387A180834717
:103AAC0007009306F00B850793F7F70F63E7F60013
:103ABC002385F180034507008280930700F8CDBF72
:103ACC00835745006380070E01114AC817E9FF1F91
:103ADC001309C9FA52C4032AC90106CE22CC032702
:103AEC004A0126CA4EC6F15721EF1307D00DFD57D8
:103AFC006368C7042A841305860042054181B28499
:103B0C00AE89EF105134232AAA000325C9015C4960
:103B1C00A9E397950100938525A31785010013054B
:103B2C00256CEF70C11F179501001305A5B3EF703D
:103B3C00011F179501001305E596EF70E12FDD5776
:103B4C00F2406244D2444249B249224A3E85056160
:103B5C00828093874400B705CF002319F500938525
:103B6C00757D3105EF00E06F0325C90183456400C5
:103B7C003105EF10B07C0325C9012686CE853105B1
:103B8C00EF10F0797146A2854A85EF70E10D504433
:103B9C0001CA854503C58184EF10116981474DB772
:103BAC00293BEDBFFD573E858280411122C417E4AD
:103BBC00FF1F1304A4EC5C4C06C6C84BEF109123FA
:103BCC005C4C2244B24023AA070003C5818485457E
:103BDC0041016F10117C411126C2938441849C4099
:103BEC0006C622C4D1C3DC43C1C35CC12300B500EB
:103BFC002A8497950100938565901785010013051C
:103C0C00255EEF70C111179501001305A589EF70A2
:103C1C00A1229C4023A4070023A2070097E7FF1FC3
:103C2C009387C7E3DC4FDC4B99C329553D3D97E7A0
:103C3C00FF1F9387A7E4DC4FDC4B91C3BD3789454D
:103C4C0003C58184EF10F174914503C58184EF1095
:103C5C0051749C4003A3470163080300228522444E
:103C6C00B240924441010283B24022449244410149
:103C7C0082800111328506CE22CC26CA2E84EF100A
:103C8C005076AA84979501009385858A1785010043
:103C9C0013050555EF70A108030784000356640053
:103CAC0083554400A686179501001305E593EF7024
:103CBC000107178501001305E57EEF70E11797E703
:103CCC00FF1F83C707DA639797000145793B81454E
:103CDC000A851137F2406244D244056182806D71CD
:103CEC0023248110232611102322911093F74500D1
:103CFC002E84638507123C083EC0B707E5003EC220
:103D0C003C083EC4231701002318010023190100AD
:103D1C00231A0100231B010097E7FF1F83D707D449
:103D2C0099E3C167FD172316F10097E7FF1F83D7AF
:103D3C0007D381EB938741849C439C43DC4783D717
:103D4C00070017E7FF1F130767D12317F100544F24
:103D5C00835747002318F100DC4AA9E3979501002B
:103D6C00938545811785010013058547EF60317BED
:103D7C001795010013054582EF60717A17850100D4
:103D8C0013054572EF70410B134544008320C1109D
:103D9C0003248110832441105161828097E7FF1F17
:103DAC0083C737CC2555ADCBFD1717E6FF1FA30AEC
:103DBC00F6CA03D6060183470701CC460A85230BB6
:103DCC00F100EF10D055938741849C4317E7FF1FF8
:103DDC001307C7C8979601009386C63188430A8695
:103DEC006C005125AA844DD1978501009385857867
:103DFC00178501001305C53EEF607172A685178506
:103E0C0001001305257AEF609171178501001305E8
:103E1C006569EF70610226858939BDB793F7250076
:103E2C008DC341468145280897D0FF1FE780C0DC31
:103E3C002555253928089305F00F713B13452400AF
:103E4C00B1B793F715000145B1D3EFF01FA7134598
:103E5C0014002DBF5C4D411106C688C31705000028
:103E6C00130525E823A2F184EF202107B240238417
:103E7C00A184014541018280EFD2DFB52A84084537
:103E8C002E89B28909C900C1970500009385C573B5
:103E9C006105EFF0F06C81447D5AEF10A00363C311
:103EAC00A4048144EF10000463C6A40497F7FF1F19
:103EBC009387C7759C43DC47B307F940918723026E
:103ECC00F400638109048327C900B307F440958784
:103EDC00A302F4001C4C89C79C4799C32285829786
:103EEC006FD09FB25C44139714008504BA9723904B
:103EFC00470165B71C48139714008504BA972390A3
:103F0C0007004DB7832789000547B307F440958711
:103F1C00A302F40083570400638EE7028DC30947A4
:103F2C006384E7040D47E397E7FA979701009387BB
:103F3C00E7CE1CCC97970100938747CF11A8979792
:103F4C000100938727951CCC979701009387879541
:103F5C005CC849B7979701009387C7801CCC97978B
:103F6C00010093872781EDB7979701009387C7CFFF
:103F7C001CCC97970100938727D0D9BF85E1EFD24E
:103F8C001FA7004618448347940075839D8B6315C7
:103F9C00F700EF00901948C46FD0BFA78280EFD212
:103FAC007FA313893500C16442094111AA890144D8
:103FBC00F11413590901054A2EC6EF00B071B24530
:103FCC006346A400014541016FD01FA483A70900DB
:103FDC0013171400BA9783D707006388B70063944C
:103FEC00970063742A010504C1BF0545E9BFEFD2F0
:103FFC009F9DAA892E89328BB6843A8ABE8AEF801D
:10400C00A0394DC12685EF10702D8D4763E5A700B3
:10401C007D556FD0DF9E83DB4400EF00B0712A84A6
:10402C00EF0090729307740031443305850263C529
:10403C00A702EF003070EF00F06F2A84EF00D07011
:10404C009307740031443305850263CDA702EF005A
:10405C00706E9307450019A8EF00106F33058502A9
:10406C001307F0179307C017E357A7FC2D55E3C2AE
:10407C0077FB63000B02D6865286A6854A85EFE055
:10408C00D04F41BFEF00506C330585029307C5FF3D
:10409C00F1BF832749001385C90083D52700013759
:1040AC0079F9BDB76955B5B797F7FF1F2392A75696
:1040BC0097F7FF1F93878755904381470C4633072B
:1040CC00F500420741836393B700828054461398EE
:1040DC0047008507C2962390E600D5B797F7FF1FD8
:1040EC009387C7529C4303C58700828017F5FF1F37
:1040FC00035505528280EFD29F8FC1671387D7FF7C
:10410C006307E5026368A700F117630EF50001452C
:10411C006FD03F901387E7FF630EE500FD171D8DF1
:10412C0013351500F5B7EF4060347D15D5BFEF4062
:10413C00E011E5BFEF404010CDBFEFD25F8B4111D6
:10414C00AA8401442EC6EF00F059B2456346A40080
:10415C00014541016FD0FF8B9C48131514003E950F
:10416C0083570500E387B7FE0504E9BF03485500F4
:10417C00814693F7F60F63E5070181473E85828000
:10418C00584593975600BA9703D727006316B70084
:10419C0003D70700E304C7FE8506E1BF834645004D
:1041AC0001479377F70F63E4D700814711A81C45AB
:1041BC00131657000507B29703D60700E313B6FE94
:1041CC003E858280EFD21F8193170501C18797FA34
:1041DC00FF1F938AAA436353F00883A70A00C047C2
:1041EC009C4703570400198D420541816366F50015
:1041FC00014422856FD05F8112052A94DDBFDC4714
:10420C0013944900014A3E94834744006341FA02E7
:10421C00014A834754006346FA028509C20993D9BF
:10422C00090183A70A009847E3EBE9FCD1B71C44CA
:10423C0013195A00A6853E994A85013709ED050ADE
:10424C00E1B75C4413195A00A6853E994A85F535A9
:10425C0019E1050A7DBFE30209FC61BFAA8481490B
:10426C00C9B7EFD2CFF81C452A8481E79307C50064
:10427C001CC51C44231204001CC09307F00F63E9F7
:10428C00B70093F5F50F2285EF10500B6FD06FF838
:10429C0093940501C167C18063F7F500A68522855B
:1042AC00EF10700DE5B7C18193F5F50F2285EF1076
:1042BC00F008A6852285EF10B009C9BF97F7FF1F3C
:1042CC009387C734884382801C4599C797F7FF1F93
:1042DC0023AEA732014582807D55828097F7FF1F60
:1042EC009387C732984383474500484792073E95CA
:1042FC008280EFD2CFEF617100451C183EC6B70724
:10430C0080013EC81C183ECA8357440002CE02D01E
:10431C0002CC231EF100834784002A8902D2230198
:10432C00F1023C083ED402D6553F835705002316B4
:10433C00F102EF3030632307A1025C4003556400A7
:10434C00F18313F717008347F10252055181F99B52
:10435C00D98FA307F102EFE0B01339C5AA84035536
:10436C000500EF80400483D704002AD26800231C88
:10437C00F10083D72400231DF1001C4803D647000D
:10438C008C43EF10C0798347B400CA8617860100AE
:10439C001306C6368117A305F4006C004810EFE035
:1043AC00D01D5D616FD0EFE62155E5BF1C45B1CF47
:1043BC0003C5A700894613576500630BD7028D46CA
:1043CC00630ED70285466300D702130740063305F8
:1043DC00E50203C7B700418B15CB83C7B700BD8B74
:1043EC003355F54082801375F5031307803EC5B72E
:1043FC0009671375F50313070771D1BF3727090038
:10440C001375F5031307077CD9B701458280EFD2EA
:10441C000FDE03A98500630409048347B900AE8449
:10442C0093F7070E91CF03459900930520030D8157
:10443C000505B305B50288446105EFF0501E05A0D3
:10444C002E85AD372A8401CDCD218325C900B30734
:10445C00B54063F887002E94B305A440E9FD6FD0F6
:10446C004FDB8545C9BFEFD28FD82A8403D5050011
:10447C00011132C636C43AC22EC002CA02CC02CED8
:10448C00EF70707282452ACA22852ECC813D03576B
:10449C000500231EE100EF30F04CA2463246924755
:1044AC00230FA10036874C08B28622850146EFF017
:1044BC001FB405616FD0EFD5EFD26FD361711C18AB
:1044CC003EC6B70780013EC81C183ECA3C080045D2
:1044DC003ED4AA8402CC02CE02D002D202D6FD3B3C
:1044EC008357050035592316F102EF30B0472307E7
:1044FC00A10209C48357440091E721594A855D61A3
:10450C006FD02FD10355640052055181EFE04078F4
:10451C002A8965D58347B40093F7070E89C713051D
:10452C008401EFF0501183574400231EF1008347A0
:10453C0084002301F1025C4003550900D98313F771
:10454C00070883471102231CA10093F7F707D98FA3
:10455C00A300F10283572900231DF1005C40F18375
:10456C0013F717008347F102F99BD98FA307F102C8
:10457C00EF7070632AD251D183479400680013976F
:10458C0057008347B400FD8BD98FA305F4001C485A
:10459C0003D647008C43EF108058A687178701007D
:1045AC001307C715740005464C102685EFF03FA481
:1045BC002A8929D58347B400A685FD8BA305F40071
:1045CC00B9352DBFEFD2AFC2832485FE2A844111A9
:1045DC002685E93B834734FF93F7070E9DC32AC614
:1045EC002685EFF01FD119C9834734FFB245FD8BE7
:1045FC00A309F4FE81C52285EFF0700241016FD052
:10460C004FC16DDD8327C4FF2685829765F98347EB
:10461C0034FF93F7070E81C72285EFF0D0010325F5
:10462C0084FE593DE1BFEFD28FB99C4141112A89DB
:10463C0003C7070089472E8493566700638CF602E4
:10464C000D466382C6049307F0076302F7022E85BA
:10465C00EF102059AA848149C16B130C490097F7BC
:10466C00FF1F9387A7FA9C43984763ECE90241012B
:10467C006FD0AFB803D745008547E3FAE7FE2E8528
:10468C00EF10005AC1BF03D74500E3F2E7FE2E85B9
:10469C00EF102055AA842285EF100056C204C98C55
:1046AC005DBFDC470355A900139A49003E9A931746
:1046BC000501C187635DF00083570A006395A7026B
:1046CC0063E574038327CA00034D5A001DA0A1673C
:1046DC002167A98F1307F7EFE374F7FE63950900C1
:1046EC00EFF07FA171FD85099DBF83278A00034DE3
:1046FC004A00835DA90003576900216A138BC70028
:10470C003AC6814A33CA4D01631E5D0197F7FF1FFC
:10471C00938747F09C43E1DBA28662868145268520
:10472C008297D1B7A1679387F7EF930C4BFF63F098
:10473C004703B2455A85EFF09F8619CD03278B00AE
:10474C00104719CA10436380C4023107D5BFEE85E8
:10475C006685EFF09F9E71FD93861A0093FAF60F13
:10476C00130B0B0255B7835644005C43E3EDF6F68E
:10477C0022853AC6EF10E035A1679387D7042A8AC1
:10478C00035D4400324763E897008347D90093E701
:10479C0007F8A306F9001C4766852286E2858297F6
:1047AC00C1670844FD17337AFA00529508C02312EA
:1047BC00A40115BF97F7FF1F938747E598438147DF
:1047CC0015C31447814763FFD500939745004C47A9
:1047DC00BE9519C903C7550081476375E600DC45D2
:1047EC001606B2973E85828003C745008147E37B5E
:1047FC00E6FE16069C45F5B7EFD2CF9DAA892E8A08
:10480C00814497FAFF1F938A6AE083A70A009847AE
:10481C0063E4E4006FD04F9FDC47139444000149DC
:10482C003E9413BB140083474400634BF9000149C9
:10483C0013BB140083475400634FF9008504F1B790
:10484C000844931759005287DA860146A2853E9593
:10485C0082990509C9BF4844931759005287DA86D3
:10486C000546A2853E9582990509E9B7EFD22F98A6
:10487C00814517F5FFFF1305656097F7FF1F239917
:10488C0007D89D3F6FD0EF9897F7FF1F938707D8F6
:10489C009C4399CBEFD2AF95814517F5FFFF1305DC
:1048AC00E55D993F6FD0EF968280EFD2AF924111C8
:1048BC002315E1002E89B284B6893A8681460147D8
:1048CC00ED452A84EF10F1482AC61DCD0356A100F0
:1048DC00CE85EF606139CA852285EF10F15B0589C1
:1048EC0015C1228501462C0023149100EF10D171C3
:1048FC002A8409C5ED452800EF1011542285410189
:10490C006FD08F904944FDB76554CDBF5C41FD1706
:10491C005CC18280EFD2AF8DEF10610495473305F7
:10492C00F50281450D816FD0CF8EEFD24F8CEF10F9
:10493C00010395473305F5020D816FD08F8DEFD2B2
:10494C000F8B03550500EF10111D6FD08F8CEFD21C
:10495C000F8A035505003287AE8617D6FF1F035604
:10496C00C61897F5FF1F938525CB81376FD06F8ABB
:10497C00EFD2EF87EF5091006FD0AF89EFD22F8736
:10498C0097F5FF1F938545C9EF10F16E01456FD068
:10499C004F88EFD2CF85814517D5FF1F0355E51002
:1049AC00EF10B1596FD0EF86EFD26F8497F5FF1FE0
:1049BC00938585C7EF10316C01456FD08F85EFD291
:1049CC000F83814517D5FF1F03552514EF10F156A2
:1049DC006FD02F84EFD2AF812E85EF60004CEF604B
:1049EC0050016FD00F83EFD28F80EF60300B6FD000
:1049FC004F825C49E1175CC95CC583572501A1074F
:104A0C002319F50083570501A1072318F5008280AF
:104A1C00F1473305F50297F7FF1F9387E7C29C43D5
:104A2C003E9582808D476317F60603D7460085476F
:104A3C0063F2E706EFC2BFFB368536842E89EF1092
:104A4C00401A39C18357440093140501C18063EDAA
:104A5C0097022285EF10E018FD142312940093079F
:104A6C00A002630EF5009307B0026301F5029307F1
:104A7C009002631BF5002285EFC0D07031A0014677
:104A8C00CA852285EF80E0016FC0BFF82285EF0058
:104A9C003056DDBF828097F6FF1F938626BB9C4263
:104AAC00014599CF9843D44217F6FF1F2320E6BA4D
:104ABC006396D70097F6FF1F23ACE6B81385C7FEA5
:104ACC008280EFC2DFF27D2E714433058502914561
:104ADC00EF70405501E565556FC0BFF397F7FF1FA9
:104AEC0023A2A7B64526330585029145EF70805366
:104AFC007DD197F7FF1F23A9A7B4692697F7FF1F4E
:104B0C00239CA7B2412697F7FF1F2398A7B297873C
:104B1C0001009387E7C317F7FF1F2323F7B297070B
:104B2C000000938747ED17F7FF1F2329F7B00145C6
:104B3C0065B7EFC2DFEBAA8517F5FF1F1305C5AFED
:104B4C00EF10001E6FC0FFECEFC27FEADD37EF10F5
:104B5C00A01E97F7FF1F938767AF9C4381CF1387E6
:104B6C00C7FE09CB83D5C7FF17F5FF1F130585AE0D
:104B7C00EFF0E02A6FC0FFE9EFC27FE7293F11C9D0
:104B8C00834785002A8493F7070491E70355E500D2
:104B9C00653F6FC01FE88347C5009304450117F9B3
:104BAC00FF1F1309A9AA85E3832709005CC997F79E
:104BBC00FF1F23AD97A883274900E1FF97F7FF1F3D
:104BCC0023A897A8F9B7FD172306F5006105EF6038
:104BDC0060728307840063C907048347840093E7EA
:104BEC0007F82304F400EF0071504205A9474181F6
:104BFC003375F5028347840093F707FCC98F2304B0
:104C0C00F4008347D4003E951C402318A40089CFA0
:104C1C00984319CB8347C400504081458507330521
:104C2C00F502420541810297832709005CC897F77A
:104C3C00FF1F23AD97A08327490089E797F7FF1F34
:104C4C0023A897A08347C400A9D78355040117F55F
:104C5C00FF1F130525A0EFF0801C25BFEFC23FD925
:104C6C0097F7FF1F938747C49C4701448583858B27
:104C7C0081EFAE84B2853A86EF1060112A8409C5A3
:104C8C00EF106008829408CC22856FC09FD8EFC2C9
:104C9C007FD441112E8932C6AA89692C324713065A
:104CAC000502CA86970500009385C5D617F5FF1F28
:104CBC001305859865372A8429CD9304C50065268C
:104CCC001946AA852685EF00906585452685EF0057
:104CDC00706217850100130565A54E958345050087
:104CEC002685EF00B0655C4831468145A1075CC85C
:104CFC005CC483572401E1172319F4008357040182
:104D0C00E1172318F4001C4C3E85EFC05FD1A304BF
:104D1C002501228541016FC03FCFEFC25FCD41110C
:104D2C00AA842EC632C4EF106000004DB245224654
:104D3C00834784000CC050C093F7F70393E7070434
:104D4C002304F400231804002685EF00D07B83474E
:104D5C009400A9462317A40013D73700050733077F
:104D6C00D7029D8B85072306F400A306E40083C7B6
:104D7C000401D8488507230FF7FE17F7FF1F130709
:104D8C00E78C5843232A0400930744011DEB17F7C3
:104D9C00FF1F232FF78A17F7FF1F2329F78A17F412
:104DAC00FF1F1304248B2285EFE0307D1C44858B80
:104DBC005D8D09E581452285EFF0600641016FC0EC
:104DCC005FC51CC317F7FF1F2324F788C9BFEFC2A9
:104DDC001FC297050000938525C50145EFF09FBFC5
:104DEC0001456FC01FC3EFC29FC0EFF0DFBF6FC0A4
:104DFC005FC28347C500A1E7EFC27FBF2A8403557A
:104E0C00E500EFF01FD315C98347840093F7F7FB38
:104E1C002304F4001C4091C7DC4381C74C4001457E
:104E2C008297EFF05FC717F5FF1F1305A582EFF010
:104E3C0080000355E400EFF03FD16FC09FBD82802E
:104E4C00EFC2FFBA97F7FF1F9387478097050000C3
:104E5C009385C5D217E5FF1F1305C57F23A0070057
:104E6C0023A20700EFE0D06F6FC0BFBA1C4D91CBEF
:104E7C00DC4381CBEFC2BFB78345070082976FC07D
:104E8C005FB9828097E7FF1F9387077F9C4303C519
:104E9C000700828097E7FF1F9387077E9C4303C51B
:104EAC001700828097E7FF1F9387077D9C4303C5FC
:104EBC002700828097E7FF1F9387077C9C4303C5DD
:104ECC004700828097E7FF1F9387077B9C4303C5AE
:104EDC003700828097E7FF1F9387077A9C4303C5AF
:104EEC005700828097E7FF1F938707799C4303C580
:104EFC006700828097E7FF1F938707789C4303C561
:104F0C007700828097E7FF1F938707779C4303C541
:104F1C008700828097E7FF1F938707769C4303C522
:104F2C009700828097E7FF1F938707759C4303C503
:104F3C00A700828097E7FF1F938707749C4303C5E4
:104F4C00B70011E11D45828097E7FF1F9387C77259
:104F5C009C4303C5C700828097E7FF1F9387C771E7
:104F6C009C4303C5D700828097E7FF1F9387C770C8
:104F7C009C4303C5E700828097E7FF1F9387C76FA9
:104F8C009C4303D50701828097E7FF1F9387C76E69
:104F9C009C4303C52701828097E7FF1F9387C76D4A
:104FAC009C4303D54701828097E7FF1F9387C76C0B
:104FBC009C4303D56701828097E7FF1F9387C76BDC
:104FCC009C4303D58701828097E7FF1F9387C76AAD
:104FDC009C4303C5A701828097E7FF1F9387C7698E
:104FEC009C4303C5B701828097E7FF1F9387C7686F
:104FFC009C4303C5C701828097E7FF1F9387C76750
:10500C009C4303C5D701828097E7FF1F9387C76630
:10501C009C438857828097E7FF1F9387E7659C43E3
:10502C0003D5C702828097E7FF1F9387E7649C43F1
:10503C0003D5E70219E11305800C828097E7FF1F67
:10504C00938787639C4303C50703828097E7FF1F01
:10505C00938787629C43C85B828097E7FF1F938787
:10506C0027618843828097E7FF1F9387A760884357
:10507C00828019E17D558280F5DE984265DFFDD98D
:10508C0017F7FF1F130747821847AA877155058B1F
:10509C006316072203C507001547E37DA7FC03C76A
:1050AC0037001305F0057D171377F70FE364E5FC64
:1050BC0003C35700E30003FC83C86700E38C08FAC2
:1050CC0003C77700494579171377F70FE364E5FABF
:1050DC0003C7A70011481305F7FF1375F50FE36B12
:1050EC00A8F803CE97000D481305FEFF1375F50FB6
:1050FC00E362A8F803C8B7006309080065181378C1
:10510C00F80F1305600DE36705F703C5C700794871
:10511C0079151375F50FE36FA8F403C8D7000D4587
:10512C007D181378F80FE36705F503D80701930E84
:10513C0040175118420813580801E3ED0EF303C849
:10514C00E7007D181378F80FE36605F303C8270111
:10515C007D181378F80FE36F05F103C88700C54E6F
:10516C0075181378F80FE3E70EF103D86701856E15
:10517C00938EBEE06D18420813580801E3EC0EEF55
:10518C0003D847016D18420813580801E3E40EEFE9
:10519C0003D887017918420813580801E36C05ED10
:1051AC0003C8A7017D181378F80FE36505ED03C557
:1051BC00B7011D487D151375F50FE36DA8EA03C5FE
:1051CC00D701714879151375F50FE365A8EA03D576
:1051DC00E7011308E00F7D1542054181E36CA8E857
:1051EC0003C50702494879151375F50FE364A8E860
:1051FC0083AE470237C534001308F5BFE36CD8E71C
:10520C0003A88702130555BF5918E36505E717E591
:10521C00FF1F2321C54603C6050117E5FF1F232DDC
:10522C00F5440545E378C5E403D82501D049337628
:10523C000603E31106E403C61501E30D06E217E6C7
:10524C00FF1F2327B64283C5270001466387A500AD
:10525C0003C61700F1453306B60283C7070393054F
:10526C00C00272971A071307C70516031A979608F8
:10527C004697B387B70241553E9732974207418311
:10528C00636EE802EFC2AFF63685EF60D063EFD005
:10529C00F0142A84EF80F0102A94EFC0D0182A94CE
:1052AC00EF60507B2A94EFF0DF812A94EF2010619D
:1052BC002A94EF50A06122956FC0AFF58280EFC2A7
:1052CC000FF34111A307A100EF80C0119305F1006A
:1052DC00170500001305C5B9EFF00FD201454101C8
:1052EC006FC02FF3EFC22FEE17E4FF1F1304C45B44
:1052FC000328840079599368180097E4FF1F23A9A9
:10530C00145B13781800631E0800BA84BE89368BB0
:10531C00328A2E89AA8AEFE07FDC7D15269509E575
:10532C0031594A856FC0AFEDEFE05FDB7D152695F7
:10533C00A167E357F5FE97F7FF1F9387E78D984317
:10534C003E8C814B11C70145EFC0F031933B1500EA
:10535C004A85DA865686D285EF70B02A2A8911CD15
:10536C001C44F99B17E7FF1F2324F75483270C00D9
:10537C00CDDBE3880BFA82976DB7268597E7FF1F85
:10538C0023A60752EFE05FD24146CE8517E5FF1FFB
:10539C001305055BEF50510DEFA0A07B0325040B0B
:1053AC00EFA0A07D0545EFA0B0030545EFF03FF160
:1053BC008DBF97E7FF1F9387274F9C47858BD5C7DA
:1053CC00EFC2EFE217E5FF1F1305C55597E7FF1F67
:1053DC0023AC074C97E7FF1F23AA074C97E7FF1F47
:1053EC0023A8074CEFE03025EF30D07FEFE0C07CF6
:1053FC00EFE0500197E7FF1F938787499C4381C7D4
:10540C000545EF60B02797E7FF1F938727329C4332
:10541C0089C741657D15EF500067EFC0B02DEFA037
:10542C00207497E7FF1F9387275D9C431397170101
:10543C0063540700EFC0E03897E7FF1F23A2075023
:10544C0097E7FF1F23A0075097E7FF1F23AE074ED8
:10545C0097E7FF1F23AC074EEFF0FF989D23EFF06B
:10546C00EFC0EFC0C05A6FC0CFDA8280EFC28FD6C8
:10547C002A849304140201112E85B289A685214633
:10548C0036C63A89EF50E17B1DE1B24638082686D4
:10549C00CE8513059404EF40804021462C084A85A4
:1054AC00EF50217A1335150005616FC0EFD501451A
:1054BC00E5BFEFC2CFD39305450617E5FF1F1305D4
:1054CC00E51BEFE0D0156FC0CFD4EFC24FD2411126
:1054DC002EC6EFF08FC5B24588C141016FC06FD3A6
:1054EC00EFC24FCFAA842E84EF60106EAA89854537
:1054FC002285A92583C7E4011389940899E31389AC
:10550C000403CE8522851D2D214693051902228583
:10551C00392597E7FF1F938727398C432285EF00A6
:10552C0060682146938584022285D52B6FC0CFCD30
:10553C00EFC26FC93971EFC0E0439305400645EDEA
:10554C00EF609065630E051097E7FF1F83C7C714C4
:10555C0013B7170097E6FF1F2380E614014489CF89
:10556C00C16417E9FF1F130929349309400EFD1478
:10557C00EFF05F9A6348A408EFF02FBB4169B7299D
:10558C000900096AFD7A2A8B81447D199389F97B7C
:10559C00130A0A71938A8AC7EFF0DF9763D5A404C4
:1055AC001304400EB387840217E7FF1F1307C72F9E
:1055BC000324070B3E948357C401638627091840C4
:1055CC003307EB4063EAE900834744008507B38760
:1055DC004703D6976369F706014681450945EFF005
:1055EC000FEBAA8B29E1EF2090598547631FF50437
:1055FC0089659385057117E5FF1F13052508EFE0F5
:10560C001002A1A8B30734030327090BBA9703D7D9
:10561C00C7016308970003C75700A38207002382C2
:10562C00E7000504B1B79305C5002285EFF05FEBE9
:10563C005E8522869775010093858510EFF0EFED5E
:10564C005E85EF00606F850481BF97E7FF1F93872E
:10565C00A7259C478D83858BC1FF21616FC02FBA15
:10566C0001468545094502D002D202D402D6EFF09C
:10567C000FE2AA847DD1EFC0202F1389C4002A84A5
:10568C0081454A8565290C4041464A85492983292B
:10569C004400638809084E8502D802DA02DC02DE77
:1056AC00EF50417A2ACE141005462C0808184ECC1F
:1056BC00EF4080161375F50F2DE58355840093E5A7
:1056CC0025004A854D2911460C104A858929014629
:1056DC0097750100938545072685EFF00FE4268525
:1056EC00EF0080655C40B5DB014685450D45EFF06C
:1056FC000FDAAA843DD148401389C400EF5081745D
:10570C002AC64A85E12E3246636AC5004C404A855A
:10571C003921014681452685EFF02FE02685292D7C
:10572C002DBF8355840071BFEFC26FAC97E7FF1F8D
:10573C00938787179C4719CD93E7870017E5FF1FC1
:10574C001305C5F317E7FF1F2324F716EFE0C06B13
:10575C006FC02FACDD9B17E7FF1F232BF714EF2037
:10576C0010427DF517E5FF1F130545F1EFE0A06C26
:10577C00C5B7EFC24FA54169AA892E8AB28A368B6A
:10578C00BA8B814417ECFF1F130C0C12930C400EB8
:10579C007D19EFF02FF863C4A40001442DA03384CD
:1057AC00940383270C0B3E948357C4016380270515
:1057BC005A87D6865286CE8513050403EFF01FCB8D
:1057CC0011C523800B0022856FC06FA38347F401A2
:1057DC0091CF5A87D6865286CE8513059408EFF062
:1057EC00FFC809C585472380FB00F1BF850455B769
:1057FC0083574500638D0716EFC2CF9D01112A8494
:10580C00CD2619C58547630AF50405616FC0CF9F86
:10581C00EFC040167DF9835744004947ED9BE39652
:10582C00E7FEC1452285612CAA842285D52E03571B
:10583C00440002CE91472A896317F7002285192963
:10584C003C082ACC3ECEEFC020125C55DDDF74083C
:10585C004A86A685054582974DBF03574400D1471C
:10586C00E3F5E7FA032A0400C169014997EAFF1F2F
:10587C00938A8A03130B400EFD19EFF0AFE96344D2
:10588C00A90C2285032A0400A92EA1452A89228568
:10589C003D24AA8422857D2E14402A86AA89780864
:1058AC002685CA85EFF0FFECAA8425D103C7F40145
:1058BC0089476315F7008347C101A1DB5546D285A3
:1058CC0013856400EF50413A0145EF60D02D01C5BE
:1058DC0083D7C401B1EB97E7FF1F9387E7FC9C4785
:1058EC0093551900858913D73700058B11CB898304
:1058FC00858B6397B70001452EC6EFF0FFE2B245EA
:10590C004E85EF6030320346C1012A84937519002D
:10591C002685EF70702631C92685EF60302D2685DF
:10592C0011C00145EF609057EF2070258547E31EAD
:10593C00F5EC83C754001307F00FE388E7EC8507F9
:10594C00A382F400D9B5B304690383A70A0BBE94F0
:10595C0083D7C401638937015546D285138564000A
:10596C00EF50212E71D1050909BF5DDC5DBF82802E
:10597C00EFC24F86EF60502211CDC164014417E98C
:10598C00FF1F130969F29309400EFD14EFF08FD835
:10599C00634AA40017E5FF1F130545CEEFE0C04690
:1059AC006FC08F86330534038327090B3E958357CD
:1059BC00C5016386970023120500EF6030230504B0
:1059CC00F1B797E7FF1F938727EE9C478D83858B55
:1059DC0099EBEFC2CF8117E5FF1F130525CAEFE046
:1059EC0080456FC00F838280EFC26F8097050000E7
:1059FC00938545B417E5FF1F130545C8EFE0403606
:105A0C006FC02F8183C7F5FF2E858507A38FF5FE09
:105A1C00828083C7F5FFFD1793F7F70FA38FF5FE71
:105A2C0089EBEFB2DFFC1385F5FFEFF0B03C6FB004
:105A3C005FFE8280EFB2BFFB8841050542054181C4
:105A4C00EFF0704009C585472300F50005056FB0E0
:105A5C005FFC1C41035745008D8FBA951CC1231266
:105A6C00B5003E85828093D78500A2051441DD8D5B
:105A7C00835745001387E6FF18C189072312F500E9
:105A8C0013D685004111238FB6FEA38FC6FE4101AC
:105A9C00828018419307F7FF1CC183574500850787
:105AAC002312F500A30FB7FE8280835745008D8F1C
:105ABC002312F5001C41BE950CC12E858280AA874D
:105ACC0003D7470008410D8FAA952392E7008CC39A
:105ADC008280184108453305A740828083574500D2
:105AEC00035765001D8F1C4108453385A7403305BE
:105AFC00A7408280EFB2BFEF41112EC62A84EFF08F
:105B0C00FFFDB2456373B50001A083574400084004
:105B1C00BE952312B4003E9541016FB09FEFEFB2DA
:105B2C001FED41112E84B28532C6EFF0BFFC324618
:105B3C00A285EF50611341016FB0BFEDEFB23FEBA7
:105B4C002E848545EFF01FFB230085006FB07FECA2
:105B5C00EFB2FFE941112317B1008945EFF09FF92E
:105B6C008347E1002300F5008347F100A300F50013
:105B7C0041016FB01FEAEFB29FE793D78500A205F2
:105B8C004111DD8D2317B1008945EFF0BFF6834736
:105B9C00E1002300F5008347F100A300F50041016B
:105BAC006FB03FE7EFB2BFE41397850193D7850140
:105BBC00C166938606F0D98F13D78500758FD98F60
:105BCC00A2053707FF00F98D4111DD8D2EC69145D9
:105BDC00EFF05FF26C001146EF50010941016FB01C
:105BEC005FE3EFB2DFE01C41854503C40700EFF033
:105BFC00DFEB22856FB0FFE1EFB27FDF1C4141117B
:105C0C00894503C7070083C717002307E100A307D3
:105C1C00F100EFF09FE90355E10041016FB07FDF28
:105C2C00EFB2FFDC1C414111894503C7070083C754
:105C3C0017002307E100A307F100EFF01FE78357DC
:105C4C00E100410113D58700A2075D8D420541811A
:105C5C006FB03FDCEFB2BFD90C4141112A84114621
:105C6C006800EF50610091452285EFF01FE4B247C8
:105C7C00C166938606F01397870113D58701598D5A
:105C8C0013D78700758F598DA2073707FF00F98F3F
:105C9C005D8D41016FB0FFD71C45BE950CC1828054
:105CAC00AE87944391E6584101EF0CC15CC18280F0
:105CBC0003C7570013671700A382E700B687D5B751
:105CCC000CC3EDB7AA87084119CD1841D44398C32A
:105CDC006313D500D8C32A87034657009376160062
:105CEC0081E6232007008280944381CA8C4203A85A
:105CFC0047008CC363930601CCC3799A14C3A302E7
:105D0C00C7003687D1BF1C45DC471D8DB777DBB686
:105D1C00938777DB09853305F50242054181828043
:105D2C00F147B385F50248452E958280834745009F
:105D3C0085072302F5008280EFB27FCB2A8419E01D
:105D4C006FB03FCD83474400E5DFFD1793F7F70FA6
:105D5C002302F400F5F71C4403D727000507239111
:105D6C00E700DC4399C3228582974C4889CD834751
:105D7C005400898B99E71C4422859C479C439C4783
:105D8C008297232A04000040232004004DBFEFB269
:105D9C001FC68357250041112EC691E70144228569
:105DAC0041016FB01FC7035705008147F146E30758
:105DBC00F7FEB385D702404585072E9483454400F2
:105DCC0008C4F5F5B247AA8481E7232A040009A880
:105DDC001C456C0022859C439C43829748C85DDD22
:105DEC0085472312F400B247232004002318040033
:105DFC002319F4005C485CC483D72400FD1723915D
:105E0C00F40071BFEFB2BFBE97E7FF1F93870789FE
:105E1C00884323260500232405004105EFE0A0015B
:105E2C006FB03FBFEFB2BFBC17E4FF1F1304048772
:105E3C001C40411189CF9C472300B5002AC65CC188
:105E4C00EFF05FFC1C40DC4399C332458297410163
:105E5C006FB03FBC034745001DEB584DAA877D55DD
:105E6C000DCBEFB2DFB81CC3DC4797E6FF1F23A7AF
:105E7C00E682F156130507012390D7009705000021
:105E8C0093858501EFD0D06D01456FB09FB87D55DE
:105E9C0082808280EFB2BFB5011161468145280036
:105EAC00EFB0FFB797D7FF1F9387477F9C4328001E
:105EBC009305F00FDC473EC6EFF0DFF605616FB0DF
:105ECC005FB597D7FF1F9387677D9C43D847A16722
:105EDC009387C7026312F70A397106DE22DC26DAD1
:105EEC0080004AD84ED652D456D23285B284EFF0C6
:105EFC005FCFAA892685EFF03FD02318A4FC268516
:105F0C00EFF09FCF2319A4FC2685EFF0FFCE83D7AB
:105F1C0044000A8A231AA4FC858393F7F70F230EF7
:105F2C00F4FC8607BD0793F7073F3301F1408A8ADB
:105F3C0001498347C4FD6365F902CE85130584FCD2
:105F4C00232C54FDEFF01FEE5281130104FCF25090
:105F5C006254D2544259B259225A925A21618280C7
:105F6C002685EFF07FC993171900D6970509239062
:105F7C00A7001379F90F75BF828097D7FF1F9387FE
:105F8C00E7719C43D847A1679387A7026310F70A70
:105F9C00397106DE22DC26DA80004AD84ED652D47D
:105FAC0056D23285B284EFF0DFC3AA892685EFF092
:105FBC00BFC4FD572318A4FC26852319F4FCEFF06D
:105FCC00BFC383D744000A8A231AA4FC858393F7A2
:105FDC00F70F230EF4FC8607BD0793F7073F330139
:105FEC00F1408A8A01498347C4FD6365F902CE8575
:105FFC00130584FC232C54FDEFF0DFE252811301D6
:10600C0004FCF2506254D2544259B259225A925A58
:10601C00216182802685EFF03FBE93171900D69739
:10602C0005092390A7001379F90F75BF828097D7C4
:10603C00FF1F9387A7669C43D847A16789076318FE
:10604C00F708397106DE22DC26DA80004AD84ED6F3
:10605C0052D456D232853289EFF0BFB8AA894A851C
:10606C00EFF09FB9835749000A8A2318A4FC858353
:10607C0093F7F70F230CF4FC8607BD0793F7073F44
:10608C003301F1408A8A8144834784FD63E5F4023D
:10609C00CE85130584FC232A54FDEFF0BFD8528122
:1060AC00130104FCF2506254D2544259B259225A90
:1060BC00925A216182804A85EFF01FB493971400A5
:1060CC00D69785042390A70093F4F40F75BF8280B4
:1060DC0097D7FF1F9387875C9C43D847A16793870B
:1060EC00E7046312F70A397106DE22DC26DA800037
:1060FC004AD84ED652D456D23285B284EFF07FAE07
:10610C00AA892685EFF05FAF2318A4FC2685EFF053
:10611C00BFAE231AA4FC2685EFF01FAE83D7440034
:10612C000A8A2319A4FC858393F7F70F230EF4FC3A
:10613C008607BD0793F7073F3301F1408A8A01496F
:10614C008347C4FD6365F902CE85130584FC232CBB
:10615C0054FDEFF03FCD5281130104FCF250625418
:10616C00D2544259B259225A925A216182802685C0
:10617C00EFF09FA893171900D69705092390A70055
:10618C001379F90F75BF828097D7FF1F938707513B
:10619C009C43D847A1679387C7046310F70A3971EA
:1061AC0006DE22DC26DA80004AD84ED652D456D2ED
:1061BC003285B284EFF0FFA2AA892685EFF0DFA327
:1061CC00FD572318A4FC2685231AF4FCEFF0DFA25C
:1061DC0083D744000A8A2319A4FC858393F7F70F0D
:1061EC00230EF4FC8607BD0793F7073F3301F140FC
:1061FC008A8A01498347C4FD6365F902CE8513057C
:10620C0084FC232C54FDEFF0FFC15281130104FCDC
:10621C00F2506254D2544259B259225A925A2161C4
:10622C0082802685EFF05F9D93171900D69705099C
:10623C002390A7001379F90F75BF828097D7FF1FA2
:10624C009387C7459C43D847A167DD07631BF702BB
:10625C00EFB2EFF9797132853284EFF09F982AC64C
:10626C002285EFF07F992311A1022285EFF07F9711
:10627C00B2452300A1022808EFF0DFBA45616FB0E8
:10628C004FF9828097D7FF1F938747419C43D8478C
:10629C00A16793878704631BF702EFB24FF57971FF
:1062AC0032853284EFF0FF932AC62285EFF0DF941B
:1062BC002311A1022285EFF0DF92B2452300A10247
:1062CC002808EFF03FB645616FB0AFF4828097D7E6
:1062DC00FF1F9387A73C9C43D847A1679387A704CC
:1062EC00631CF700EFB2AFF0011128008145EFF00D
:1062FC007FB305616FB0EFF1828097D7FF1F938753
:10630C00E7399C43D847A167938757026311F7027B
:10631C00EFB2EFED01113285EFF0BF8C2308A10035
:10632C0081452800EFF01FB005616FB08FEE8280C1
:10633C0097D7FF1F938787369C43D847A1679387CE
:10634C00E702631FF702EFB28FEA01113285328444
:10635C00EFF09F8AAA842285EFF01F8A854719E502
:10636C002285EFF01F884205B337A0002800814535
:10637C00231891003ECAEFF0FFAA05616FB06FE9D8
:10638C00828097D7FF1F938767319C43D8479947E3
:10639C00631FF704EFB2AFE5797132853284EFF009
:1063AC005F842AC62285EFF03F852310A102228547
:1063BC00EFF03F832301A1022285EFF09F82A3011E
:1063CC00A1022285EFF0FF812302A1022285EFF0CA
:1063DC005F812313A1022285EFF0BF80B245231405
:1063EC00A1022808EFF01FA445616FB08FE28280F4
:1063FC0097D7FF1F9387872A9C43D847A16793871A
:10640C00C703631FF704EFB28FDE797132853284D4
:10641C00EFF02FFD2AC62285EFF00FFE2310A1020C
:10642C002285EFF06FFD2311A1022285EFF06FFBA7
:10643C002302A1022285EFF0CFFAA302A10222854A
:10644C00EFF02FFA2303A1022285EFF08FF9B2456A
:10645C00A303A1022808EFF0FF9C45616FB06FDB2E
:10646C008280EFB2CFD801112A84EFF08FF7AA8483
:10647C002285EFF06FF82285EFF00FF803574400F8
:10648C008D4763F5E7002285EFF00FF72285EFF0DB
:10649C00AFF62800A685EFF0FF9805616FB06FD7B7
:1064AC0097D7FF1F9387871F9C43D847A167FD078A
:1064BC006319F700EFB2AFD33285EFF09FFA6FB0EC
:1064CC004FD5828097D7FF1F9387471D9C43D84792
:1064DC00A167E5076311F706EFB26FD179713285C9
:1064EC003284EFF00FF02AC62285EFF0EFF0228510
:1064FC00EFF08FF02310A1022285EFF0EFEF5205A1
:10650C0051812311A102228523020102EFF06FEDCC
:10651C00A302A1022285EFF0CFEC2303A102228576
:10652C00EFF02FECB245A303A1022808EFF09F8FE8
:10653C0045616FB00FCE828097D7FF1F93870716E8
:10654C009C43D847A1679387E7036319F700EFB221
:10655C000FCA3285EFF0FFF06FB0AFCB828097D7C8
:10656C00FF1F9387A7139C43D847A16793874704C2
:10657C006314F702EFB2AFC7797132853284EFF052
:10658C004FE62AC62285EFF02FE7B2452808EFF038
:10659C007F8945616FB0EFC7828097D7FF1F9387C4
:1065AC00E70F9C43D847A167938787026316F702CE
:1065BC00EFB2EFC3797132853284EFF08FE22AC6E5
:1065CC002285EFF00FE2B2452300A1022808EFF07C
:1065DC007F8545616FB0EFC38280EFB24FC101116F
:1065EC00EFF02FE0AA852800EFF0DF8305616FB094
:1065FC004FC297D7FF1F9387670A9C43D847A16761
:10660C00D1076319F700EFB28FBE3285EFF0FFFCB4
:10661C006FB02FC0828097D7FF1F938727089C43AA
:10662C00D847A167C5076319F700EFB24FBC328595
:10663C00EFF0BFFA6FB0EFBD828097D7FF1F938743
:10664C00E7059C43D847A167B9076319F700EFB278
:10665C000FBA3285EFF07FF86FB0AFBB828097D75F
:10666C00FF1F9387A7039C43D847A167AD07631906
:10667C00F700EFB2CFB73285EFF03FF66FB06FB9DE
:10668C00828097D7FF1F938767019C43D847894720
:10669C006310F702EFB2AFB50111328532C8EFF0DB
:1066AC004FD4AA852800EFF0EFF705616FB06FB6F5
:1066BC00828097D7FF1F938767FE9C43D847A167BB
:1066CC008D076317F702EFB28FB201113285328456
:1066DC00EFF02FD113066100AA844C002285EF2025
:1066EC00D00C2800A685EFF0EFF305616FB06FB208
:1066FC00828097D7FF1F9387A7FA9C4381CBDC43FB
:10670C0091C7EFB2CFAE82976FB0AFB08280EFB2CD
:10671C000FAE79713C08AE843ED2A165B7070A0072
:10672C002A843ED448103C08DD053ED636C432C619
:10673C003AC2EFD01FB312474810BA85EFF00FC022
:10674C0032464810B285EFF0AFC0A2464810B6856D
:10675C00EFF0CFBE501001478146A6852285EFD0C1
:10676C009FD045616FB0EFAAEFB26FA801117C000A
:10677C000329C501AE843ECAA165B70707002A8468
:10678C003ECC48087C00C5053ECEEFD09FAD83457E
:10679C00D9004808EFF08FBA500801478146A6850A
:1067AC002285EFD05FCC05616FB0AFA6EFB22FA4FE
:1067BC0083C7950093F7F707A384F500EFF0DFFA92
:1067CC006FB02FA5EFB2AFA279713C08AE843ED268
:1067DC00A165B70709002A843ED448103C0893856C
:1067EC0045043ED632C636C4EFD0BFA7A2464810E9
:1067FC00B685EFF0AFB432464810B285EFF04FB526
:10680C00501001478146A6852285EFD0DFC5456132
:10681C006FB02FA0EFB2AF9D83C7950041112A84B2
:10682C0093F7F707A384F50032852EC6EFF0CFBCA3
:10683C0085672AC4637CF500EF50F0362246B245DA
:10684C0009E9114781462285EFF07FEC41016FB0D9
:10685C004F9C01478346F501FDB7EFB2AF9701118D
:10686C003C003ECAB7070A003ECC3C003ECE83C774
:10687C009500AA89328593F7F707A384F5002E8437
:10688C00EFF08FB785676371F504A165AA849385D2
:10689C0085044808EFD0FF9C2685EF50D0302A891C
:1068AC001DE591454808EFF06FA9A6854808EFF063
:1068BC002FAACA854808EFF06FA8014781465008F7
:1068CC00A2854E85EFD03FBA05616FB0EF9381453D
:1068DC004808EFF0AFA603490902C1BFEFB28F8F92
:1068EC0079711C103ECAB7070F003ECC404D1C10EE
:1068FC00AA84AE894808994532C636893ECEEFD077
:10690C005F9632464808B285EFF04FA36304090244
:10691C00A5454808EFF00F9E2546CA85EF40C134C7
:10692C00500801478146CE852685EFD0DFB34561FF
:10693C006FB08F8D8355C4024808EFF06FA10355DB
:10694C00E402814515C185478545630FF500C16794
:10695C00FD179305F00F6309F5007D15EF50606A84
:10696C009305150093F5F50F4808EFF02F9D83451F
:10697C0004034808EFF08F9C834514034808EFF09C
:10698C00EF9B835524034808EFF08F9C83554403F9
:10699C004808EFF0EF9B69B7EFB26F8583C795009E
:1069AC008146014693F7F707A384F500EFF01FF338
:1069BC006FB02F86EFB2AF8379713E841C103ECA44
:1069CC002E89B7070F00A1653ECCFD051C10AA84CB
:1069DC00480842C03AC23ECE36C432C6EFD07F8899
:1069EC0032464808B285EFF06F95A2464808B68546
:1069FC00EFF00F9612474808BA85EFF06F950248F2
:106A0C006304080291454808EFF0CF8E1146A28529
:106A1C00EF408125500801478146CA852685EFD075
:106A2C009FA445616FA0FFFE89454808EFF08F8C4D
:106A3C00834704002300F50083471400A300F500EE
:106A4C00D1BFEFA23FF983C7950001112A8A93F7B2
:106A5C00F707A384F5003285AE8432C6EFF0CF99E8
:106A6C0032462A893285EFF0CF978567637FF9002C
:106A7C00AA894A85EF5030132A8419E911478146B7
:106A8C004A86A6855285EFF09FC805616FA0DFF797
:106A9C009387E9FF93F7F70F0547E368F7FE834702
:106AAC00F50195E78947E382F9FE8346F4015285A7
:106ABC0001474A86A685EFF09FC5A167D90748080C
:106ACC003ECC230A010002CEEFF0BFC27DBF639C17
:106ADC00E7008947639CF90093071020231FF500FA
:106AEC00EF50D010D9B70947E391E7FC8D47E39EEF
:106AFC00F9FA2285EF50103297D7FF1F938747D9A9
:106B0C009C4399E797D7FF1F938747C29C4389C73C
:106B1C0003D50400EF60B001231F04002285C9B720
:106B2C00EFA2FFEC01113C003ECAB7070B003ECCB4
:106B3C003C003ECE83C795002A89328593F7F70730
:106B4C00A384F500AE84EFF02F8B93170501C1875A
:106B5C00635EF004A1652A849385E5024808EFD0B2
:106B6C004FF0A2854808EFE0BFFE97D7FF1F938731
:106B7C00E7BB9C439DEF01449375F40F4808EFE08D
:106B8C00FFFB9355844093F5F50F4808EFE01FFB8E
:106B9C009355044193F5F50F4808EFE03FFA014790
:106BAC0081465008A6854A85EFD0FF8B05616FA002
:106BBC005FE6416585460546A2857D15EF3010657B
:106BCC005DD95105EFD0601B130440063344850298
:106BDC0065B7EFA2DFE10111B70706003EC683C718
:106BEC00950021642A8993F7F707A384F500AE84F6
:106BFC0028009305A4040AC40AC8EFD08FE630001D
:106C0C0001478146A6854A85EFD0FF85EFE06FFAF4
:106C1C0013049404480822CC230A010002CEEFF09E
:106C2C005FAD05616FA0FFDEEFA2DFDAC1642A89D8
:106C3C00014497D9FF1F938929C7130A8002FD14B9
:106C4C00EFE04FAE6345A40001456FA0FFDBB30737
:106C5C00440303A7C90ABA9703D707006306970032
:106C6C0083D72700638427010504D9BF0545F1BFED
:106C7C00EFA25FD62A8A2E8999C123A005008149EB
:106C8C00814497DAFF1F938AEAA1614BEFE0CFAF03
:106C9C0063C5A4004E856FA03FD73384640383A7DC
:106CAC000A003E948357040099E7630409002320EB
:106CBC0089008504E1BF4146D28513054400EF30BD
:106CCC00517865F9A289F5B7EFA2DFD039717C084C
:106CDC003ED4B7070A003ED67C083ED883C7950041
:106CEC002A8A328593F7F707A384F5002E8932C6DA
:106CFC00EFE09FF085676373F5063246AA84328510
:106D0C00EFE03FEE8547AA8963EAA704A165938566
:106D1C0085042810EFD0EFD42685EF50C0682A8464
:106D2C0029E191452810EFE07FE1A6852810EFE0DE
:106D3C003FE2CE852810EFE07FE00147814630101E
:106D4C00CA855285EFD02FF2A16793877704481834
:106D5C003EDC230A010202DEEFF0BF9921616FA035
:106D6C00BFCA81452810EFE07FDDA6852810EFE033
:106D7C003FDE97D7FF1F9387E7E99C4391C7228596
:106D8C0063870900EFB0E0018345040265B7EFB0FB
:106D9C00A000DDBFEFA21FC483C795004111AA89D3
:106DAC0093F7F707A384F5003285AE84328AEFE0BF
:106DBC00BFE48567637BF5022A89EF50C05E2A84A5
:106DCC00914621C18347F50105476383E70291C7CB
:106DDC000D47636EF702AD462DA093050503032501
:106DEC000A004146EF30F1651DE141016FA0DFC1A2
:106DFC009305950803250A004146EF3091648146BE
:106E0C0079F94A86A6854E85EFF0DF9BF9BF83257D
:106E1C000A0013059408EF50F07619C1C146D5B796
:106E2C0097D7FF1F9387C7A69C4399E797D7FF1F58
:106E3C009387C78F9C4389C72285EF60204A79FDD1
:106E4C008547A30FF4002285EF8030532285EF5045
:106E5C00E0594E8581464A86A685EFF0BF96A1671C
:106E6C009387570448003EC42302010002C6EFF08A
:106E7C005F88A5BFEFA23FB583C795004111AA89D2
:106E8C0093F7F707A384F50032852E89B28AEFE0D9
:106E9C00BFD685676370F50CAA84EF50C0502A8466
:106EAC001DE9416B014A97DBFF1F938BEB9F130C82
:106EBC00400E7D1B19A833048A0383A70B0B3E9449
:106ECC008357C401638D6703050AEFE0AF84E34485
:106EDC00AAFE954639A88357C5016392970293057C
:106EEC00050303A50A004146EF30B155994611E15F
:106EFC0081462686CA854E85EFF0DF8CA1A883A536
:106F0C000A0013050403EF50F067C1467DF122859A
:106F1C00231E9400EF8070462285EF50204D97D7AA
:106F2C00FF1F938727CF9C438DCB23000402228520
:106F3C00EFA010574E8581462686CA85EFF09F88B4
:106F4C00A1679387070448003EC42302010002C6D0
:106F5C00EFF02FFA41016FA09FAA89472300F4029A
:106F6C00D1BF397106DE22DC4AD8800052D456D209
:106F7C005AD026DA4ED65ECE2E8A32892A8BEFD0A4
:106F8C007FF60605710541998A8A3301A1402322B7
:106F9C0024FC231404FCEFD0FFF483479A0006056D
:106FAC00350593F7F7072315A4FCA304FA004A85CB
:106FBC00232624FCEFE05FC493170501C1876340CF
:106FCC00F0025681130104FCF2506254D25442591F
:106FDC00B259225A925A025BF24B21618280AA84E6
:106FEC004A85EFE07FC1AA894A85EFE0FFC0A16521
:106FFC009385C5022A89130544FCEFD08FA62685FC
:10700C00EFD04F9C854501C94A86CE85EFD00F96AF
:10701C00AA8B15ED8945130544FCEFE03FB2A6851C
:10702C00130544FCEFE0DFB2CE85130544FCEFE022
:10703C003FB2CA85130544FCEFE09FB1014781467E
:10704C00130644FCD2855A85EFD0EFC19DBF814514
:10705C00130544FCEFE09FAEA685130544FCEFE05E
:10706C003FAFCE85130544FCEFE09FAECA851305F8
:10707C0044FCEFE0FFAD8144EFD0DFE6E3D0A4FCAD
:10708C0083A70B0113971400BA9783D5070089C502
:10709C00130544FCEFE0DFAB8504F9BF797106D62C
:1070AC0022D44AD000184ECE52CC56CA26D25AC838
:1070BC00AE893289AA8AEFD0FFE2060569054199AB
:1070CC000A8A3301A140232A24FC231C04FCEFD0A0
:1070DC007FE183C7990006052D0593F7F707231D5C
:1070EC00A4FCA384F9004A85232E24FCEFE0DFB036
:1070FC0093170501C187634FF0005281130104FD02
:10710C00B250225492540259F249624AD24A424B2A
:10711C0045618280AA844A85EFE01FAEA165938504
:10712C00A5022A89130544FDEFD0AF932685EFD035
:10713C006F89854519C5CA85EFD04F862A8B0DE915
:10714C008945130544FDEFE07F9FA685130544FD9B
:10715C00EFE01FA0CA85130544FDEFE07F9F0147B8
:10716C008146130644FDCE855685EFD0CFAF71B75F
:10717C008145130544FDEFE07F9CA685130544FD76
:10718C00EFE01F9DCA85130544FDEFE07F9C814411
:10719C00EFD05FD5E3D5A4FC83270B011397140024
:1071AC00BA9783D5070089C5130544FDEFE05F9AB4
:1071BC008504F9BFEFA2BF8383474500404DD5E757
:1071CC00FD574DC0834694000947636DD7080346AD
:1071DC00B400854663E8C6088306E40063C4060869
:1071EC005C45F9562390D70097C7FF1F83C7C74B41
:1071FC0099E3A304E40097C7FF1F938727539C438D
:10720C0081E78947A306F40097D7FF1F938787A0D0
:10721C009C4381E789472306F4009705000093857A
:10722C004505AA8413050401EFC09033FD57231ABA
:10723C00F40281471CDC014897C7FF1F23A2874635
:10724C0097C7FF1F93870746232E040304C0804370
:10725C00EFD09FD361463306C50281452285EFA04E
:10726C000FFC81473E856FA0CFFAFD57E5BFEFA21B
:10727C000FF82A8403554502EF50E01209E5231E4E
:10728C0004006FA00FF98357E401E5DF930504FFB9
:10729C001765010013050585EFB09058DDB7EFA217
:1072AC000FF52E89A16541119385E5032A8436C417
:1072BC0032C6BE843AC2EFC0DFFA12472285BA85C5
:1072CC00EFE0DF8732462285B285EFE07F88A24669
:1072DC002285B685EFE0DF87630D09009145228595
:1072EC00EFE05F811146A685EF30111841016FA0C8
:1072FC004FF289452285EFE0EFFF83C7040023009E
:10730C00F50083C71400A300F500CDB7EFA22FEE54
:10731C0083C79500444D054793F7F707A384F50001
:10732C001C42411183C70700636DF7042E842A8920
:10733C0085CC03C7D4006309F70217C7FF1F1307D7
:10734C00E73E184301CFA386F400EF80102183C7DA
:10735C00D40089E741657D15EF30E07283D72403B3
:10736C00918B99C3EFB030584A85A285EFF0CFBF0F
:10737C00A167C10748003EC42302010002C6EFF01A
:10738C004FB741016FA0EFE8EFA26FE603D74500BE
:10739C008D47AA8441112E8432892E8563EDE70036
:1073AC00EFE09F85AA85230009002685EFC01FDF2B
:1073BC0041016FA00FE6EFE03F842AC62285EFE083
:1073CC00BF83B24585472A862300F9002685EFC086
:1073DC00FFD9F9BF397106DE22DC26DA80004ED6E1
:1073EC0052D456D24AD85AD05ECEAE89B284AA8A2A
:1073FC00EFD05FAE06051305250241990A8A3301C9
:10740C00A140232224FC231404FCEFD0BFAC83C77F
:10741C00990006054D0593F7F7072315A4FCA384E3
:10742C00F9002685232624FCEFE00FFD93170501B8
:10743C00C1876340F0025281130104FCF250625484
:10744C00D2544259B259225A925A025BF24B2161E0
:10745C008280AA8B03AB0400EFC0DFD635E983D75B
:10746C00440001498544F11793B71700A301F4FCBC
:10747C00834734FCA165BDC79385E504130544FC23
:10748C00EFC03FDEA685130544FCEFE02FEBDE8555
:10749C00130544FCEFE0CFEB834734FC114691E33A
:1074AC000946DA85130544FCEFE06FE78144630875
:1074BC000900416B7D1BEFD0FFA163C8A4020147FB
:1074CC008146130644FCCE855685EFC0DFF9A5B77F
:1074DC00A685130634FCEFF03FEB933415002A8994
:1074EC00860479B79385C50451BF8327C9001397C8
:1074FC001400BA9783D5070063866501130544FC15
:10750C00EFE00FE5850445BFEFA2EFCB79711C10BE
:10751C003EC4B7070F003EC61C103EC883C795007B
:10752C00AA8A328593F7F707A384F500AE893284D3
:10753C00EFE08FEC93170501C1876350F0062A8AA0
:10754C002285EFE06FEB2A895285032B0400EFC0F4
:10755C007FC739E58357440081440544F11793B73D
:10756C001700A303F10083457100DA872287CA86CE
:10757C0052862800EFF0BFD2014781463000CE85FD
:10758C005685EFC05FEEA1679387D70348083ECCC2
:10759C00230A810026CEEFF0CF9545616FA02FC650
:1075AC00A28513067100EFF03FDEAA84094445DD85
:1075BC003544E30A55FB4A85EFF00FE70D4445D5FA
:1075CC000144EFD03F91634BA400C16B0144FD1B00
:1075DC00EFD05F90634EA400154471B7DC441317D1
:1075EC001400BA9783D70700638127030504D1BF22
:1075FC00D84493171400BA9703D70700631977017F
:10760C00239027012685EF80404A0144A9BF050439
:10761C00C1B7EFA22FBC83C7950041112A8A93F7FB
:10762C00F707A384F50032852E893284EFE0CFDC96
:10763C0093170501C187635BF004AA892285EFE0EB
:10764C00AFDB2311A1004E85832A0400EFC09FB746
:10765C0029E18357440085440144F11793B717007F
:10766C00A300F1000348110003572100D68752856F
:10767C00CE862686CA85EFF0EFB3A167F1074800E6
:10768C003EC42302910022C6EFF0AF8641016FA0E9
:10769C00AFB7A28513061100EFF01FCF2A848944DF
:1076AC0071D18357210011678544BA97C2071167BE
:1076BC00C1831307F7EFE367F7FA97C7FF1F9387A9
:1076CC00271D9C4391C7854513052100EF4070048D
:1076DC008355210022858144EFC03FA641D523105C
:1076EC0005002285EF80003EB5BFEFA2CFAD83C76A
:1076FC00950041112A8B93F7F707A384F500328587
:10770C002E8A3284EFE04FCF93170501C18763595E
:10771C00F004AA8A2285EFE02FCE2A895685832B86
:10772C000400EFC03FAA21E1835744008144054483
:10773C00F11793B71700A301F10003483100DE875E
:10774C005A854A87D6862286D285EFF0AFA6A167E6
:10775C00ED0748003EC42302810026C6EFE07FF906
:10776C0041016FA0CFA9A28513063100EFF0DFC154
:10777C00AA84094479D19167CA97C2071167C1835A
:10778C001307F7EF0544E36AF7FACA85EFC0FF9ACF
:10779C00014445F58149EFD0EFF463DBA90098482B
:1077AC0093971900BA9703D7070015E72390270181
:1077BC00EFD04FF31544E382A9F82685EF80803093
:1077CC0097C7FF1F9387C70C9C430144BDD74A85BD
:1077DC00EF40806C9DB785097DBFEFA2AF9F79719B
:1077EC003E847C083EC82E8AB7071400A1653ECAA9
:1077FC00E5057C08AA89080836C4428932C6BA8ACB
:10780C00C6843ECCEFC0FFA5CA850808EFE00FB3D5
:10781C0032460808B285EFE0AFB3A246630E090208
:10782C009D450808EFE00FAD1D468145EFA02F9F49
:10783C0063870A0691450808EFE0CFAB1146A68591
:10784C00EF308142100801478146D2854E85EFC04A
:10785C009FC145616FA04F9BB6850808EFE04FAF05
:10786C001C400808D8439355C701858912075183DA
:10787C00B205D98DEFE0CFAD1C40080883C5870059
:10788C00EFE0CFAB1C40080883C5A700EFE00FABBF
:10789C001C40080883C59700EFE04FAA51BF8945EB
:1078AC000808EFE02FA583C704002300F50083C769
:1078BC001400A300F50079B7EFA2CF9183C7950010
:1078CC004111AA8993F7F707A384F5003285AE849A
:1078DC003284EFE06FB293170501C1876357F00450
:1078EC002A89032A0400EFC0FF8D19E9835744004D
:1078FC000548F11793B71700A307F100814621A89B
:10790C001306F100A285EFF03FA81DC11C459DC3D5
:10791C0083D6470001480347F10093078500D288BE
:10792C004A86A6854E85EFF05FEB41016FA0CF8DA7
:10793C000948E9B71D48D9B7EFA2CF8965715C0832
:10794C003EC4B7077B013EC65C083EC883C79500A2
:10795C002A8A328593F7F707A384F500AE89EFE006
:10796C004FA88357E100C5C389452800EFC07F8F1E
:10797C0081452800EFE08F9CEFC05F9497C7FF1FF5
:10798C00938747299C4317C4FF1F0344E4D1AA845F
:10799C003334800099C31364240097C7FF1F938767
:1079AC00E7D89C4399C31364440097C7FF1F938780
:1079BC0027EE9C4399C31364840083D504002800EC
:1079CC000149EFE0EF9883D524002800EFE04F98B1
:1079DC0083D544002800EFE0AF97EFD0AFCB9315E1
:1079EC000501C1812800EFE0AF96A2852800EFE0E9
:1079FC002F969C44636CF900014781463000CE857C
:107A0C005285EFC05FA659616FA00F80DC44131440
:107A1C00490028003E94EFE06F8C834744000347F5
:107A2C00540089070607BA978607E36EF5FC835561
:107A3C0024002800814AEFE0AF91834544002800E0
:107A4C00EFE0CF8F834554002800EFE02F8F834762
:107A5C00440063C9FA00814A8347540063CFFA009B
:107A6C00050941BF1C4413975A002800BA9783D5C7
:107A7C000700850AEFE0CF8DD9BF032BC400939785
:107A8C005A0028003E9B83552B00850AEFE04F8C53
:107A9C0083550B002800EFE0AF8B7DBFEF923FF5D5
:107AAC005C4993E717005CC9EF80A0286F907FF6C4
:107ABC00EF92FFF32E848145EFF08F9B05C1835726
:107ACC000500FD172310F50009C48357250023106A
:107ADC00F400EFF0BFFC01456F90BFF331456DDC56
:107AEC0023100400D5BFEF92FFEE83C79500411120
:107AFC002A8A93F7F707A384F50032852E893284FE
:107B0C00EFE08F8F93170501C187635EF004AA899C
:107B1C00C1452285EFD0BFFA2A8B4E85832A0400FB
:107B2C00EFC04FEA21E583574400231101000544BF
:107B3C00F11793B71700A300F1008144034811001B
:107B4C0003572100D6875285CE862286CA85EFE060
:107B5C007FE6A1679387170248003EC42302810089
:107B6C0026C6EFE01FB941016F901FEA1306110002
:107B7C00A285EFF07F81AA8409E523110100094455
:107B8C0075BF930521005A85EFF09FF283572100B2
:107B9C002A84CDD797C7FF1F938787CF9C4391C764
:107BAC00854513052100EF40C036835521002685FD
:107BBC003144EFC08FD859D1231005002685EF70C2
:107BCC0070700144A5BFEF929FE241112E896C00A9
:107BDC00AA8402C6EFF0CF8909CD0357050005072B
:107BEC002310E500EFF09FEB81473E8541016F903C
:107BFC005FE23247954775DBCA852685EF20700614
:107C0C00C147E34405FE3244854741462310F40046
:107C1C0083570900A685130544002311F400EF30A7
:107C2C00A1042285C1B7EF92FFDA83C795004111F9
:107C3C00AA8A93F7F707A384F5003285AE893284BC
:107C4C00EFD09FFB93170501C187635EF0042A8A6E
:107C5C00C1452285EFD0BFE6AA845285032B0400D0
:107C6C00EFC04FD621E58357440023110100854412
:107C7C00F11793B71700A300F1000144034811005A
:107C8C0003572100DA875685D2862686CE85EFE00B
:107C9C007FD2A1679387070248003EC4230291005C
:107CAC0022C6EFE01FA541016F901FD6A2851306D7
:107CBC001100EFF06FED2A8409E5231101008944CE
:107CCC0075BF268593052100EFF0FFEFAA845DF5C3
:107CDC00835521002285EFC04FC64DF10149EFD0ED
:107CEC006FA0635DA900184893171900BA9703D7C2
:107CFC0007001DE7035721002390E700EFD08F9E6C
:107D0C006302250397C7FF1F938787B89C4389C7D6
:107D1C0003552100EF4040182285EF70B05AB9BFCF
:107D2C00050975BF954499BF05C19307F00F630F03
:107D3C00F500C547630CF5009307F5FF05453315B2
:107D4C00F5004205418182800145828041657D15A7
:107D5C008280B9E1EF92BFC9034506033284EFF08C
:107D6C00BFFC9305803EB305B502C205C18191C924
:107D7C000357E402854763F6E70013050401EFC0DF
:107D8C00000A8357E40241677D176385E700FD17FE
:107D9C002317F4026F90FFC78280EF92DFC200427C
:107DAC0083C79500444D0349140093F7F707A38448
:107DBC00F50083470400220911673369F900A167B4
:107DCC00B347F90041112A8BAE8A63ECE70C834769
:107DDC0024001307C00EB91793F7F70F6371F70E52
:107DEC0003473400C14763ECE70C83474400130797
:107DFC00E00793C707086373F70A83498400834736
:107E0C007400A209B3E9F900856763F9F908034A1C
:107E1C006400834754004E85220A336AFA00EF400F
:107E2C00805845C123962403834B3400137AFA00FF
:107E3C00239A3403238874032399440393890401FC
:107E4C00631A090023A60402239804024E85EFB09E
:107E5C00907E1DA0034924004A85EFF0FFEC239788
:107E6C00A402834744004E85A388F402E3810BFEF1
:107E7C00E30F09FCEFB05079EF70106F81460146AB
:107E8C00D6855A85EFE09FA5A167938797033EC4DB
:107E9C0023020100480002C6EFE0BF8541016F904C
:107EAC001FB68544A2862686D6855A85EFE01FA389
:107EBC00A167938797033EC423029100E1BFBD44A1
:107ECC00D5B79144C5B7EF92FFB001111C08404DD6
:107EDC003EC2B7070F003EC41C083EC62A89AE89B5
:107EEC00EFC05FA3585C1C5C634CB70A6394E5005D
:107EFC0063E8A70A3385A740B3B7A700B305B7401B
:107F0C001306803E81469D8DEF20A15C93140501E4
:107F1C00C180A1659385C5034800EFC08FB481452E
:107F2C004800EFD0BFC1835504044800EFD05FC2B6
:107F3C00835524044800EFD0BFC1814599C8C1675F
:107F4C00FD179305F00F6386F4002685EF40600B58
:107F5C00AA854800EFD09FBE03554404814511C942
:107F6C00C167FD179305F00F6305F500EF4060093D
:107F7C00AA854800EFD09FBC834564044800EFD02D
:107F8C00FFBB834574044800EFD05FBB5000014732
:107F9C008146CE854A85EFC00FCD05616F90DFA677
:107FAC00814485BFEF92BFA483C7950093F7F70771
:107FBC00A384F500EFF03FF16F90BFA5EF929FA166
:107FCC0083C795004111404D93F7F707A384F50043
:107FDC002A8A3285B284AE89EFD01FC22A8B2685BD
:107FEC00EFD09FC12A892685EFD0BFBF93170B0115
:107FFC0063CA0702E177CA97C207C183116763E3BB
:10800C00E70293070910C207C1831307B00F637B04
:10801C00F70093170901C187AA8A6348F000C54786
:10802C0063FA570141016F903F9EEFC02F8CE31B09
:10803C0025FFF5B763060B026304090281446387CD
:10804C000A02B7077F0023106405231124057CC0A6
:10805C005685EFF07FCD9304803EB304950239A092
:10806C00B7077F00232004047CC0814403552404FB
:10807C00EFB0900595CCEFC0FF89269593D7F441CE
:10808C0033379500AE97BA9708DC5CDCCE85528509
:10809C00EFF07FE399E023220404A1679387B703F1
:1080AC0048003EC42302010002C6EFE08FE49DBFEE
:1080BC00814701481CDC232E0403C9BFEF923F9378
:1080CC00EFC09FECE1473305F5029145EF30907519
:1080DC00E55711C597B7FF1F23A6A75C81473E85BF
:1080EC006F903F93854717B7FF1F230FF75A828076
:1080FC00EF92FF8F97B7FF1F9387875A80432DC04E
:10810C0083570404639EA70483572404639AB7041B
:10811C003689B284EFC01F805C5C63C3B70463957F
:10812C00B7001C5C63EEA7028347640463F3F4009E
:10813C00A6872303F4048347740463F39700A6878C
:10814C00A303F4048357440441677D176385E70058
:10815C0085072312F4043C4481C7CA85268582977F
:10816C006F903F8B97B7FF1F938787539C430145B5
:10817C0099C303C587008280EF927F870111B707EF
:10818C0007003EC683C79500584D0AC493F7F707FE
:10819C000AC8A384F5002A89AE8401CB1C4283C78C
:1081AC0007002304F700EF70503B21649305540241
:1081BC002800EFC00F8BEFF0FFFAAA852800EFD054
:1081CC00FF97300001478146A6854A85EFC0AFA9CD
:1081DC0013044402480822CC230A010002CEEFE02B
:1081EC004FD105616F90FF82EF927F8001117C006F
:1081FC003ECAB70707003ECC7C003ECE83C7950035
:10820C002E84AA8493F7F707A384F500A1659385C0
:10821C0055024808EFC0EF84EFF0DFF4AA85480858
:10822C00EFD0DF91500801478146A2852685EFC02B
:10823C008FA305616F90EFFD97B7FF1F938747469C
:10824C009C43094599C303C59700828097B7FF1FCC
:10825C00938707459C43094599C303C5D700828082
:10826C0097B7FF1F9387C7439C43014599C303C529
:10827C00A7008280EF920FF60111B70708003EC6E7
:10828C0083C79500404D0AC493F7F7070AC8A38427
:10829C00F5002A89AE8429C01442854703C706001D
:1082AC0063EEE7068347940009468149638EC70055
:1082BC00B307F740A304E400B339F00083C71600FA
:1082CC002305F400EF70702903572403058B09C7AD
:1082DC0063840900EFA030612164930584022800B7
:1082EC00EFB03FF8EFF05FF5AA852800EFD01F85BF
:1082FC00EFF01FF7AA852800EFD05F840147814675
:10830C003000A6854A85EFC00F9613047402480806
:10831C0022CC230A010002CEEFE0AFBD05616F90C5
:10832C00AFEEEF92CFEC01117C003ECAB70708000C
:10833C003ECC7C003ECE83C795002E84AA8493F756
:10834C00F707A384F500A165938585024808EFB073
:10835C005FF1EFF07FEEAA854808EFD02FFEEFF02B
:10836C003FF0AA854808EFD06FFD500801478146C1
:10837C00A2852685EFC02F8F05616F908FE997B787
:10838C00FF1F9387E7319C43014599C303C5B70091
:10839C008280EF92CFE50111B70707003EC683C775
:1083AC009500404D0AC493F7F7070AC8A384F5005B
:1083BC002A89AE8405C41C42054783C70700636A3B
:1083CC00F7040347B400630BF700A305F400EF7048
:1083DC00D0188347B400A9C3EFD08FD9216493057B
:1083EC00B4002800EFB0FFE7EFF07FF9AA85280072
:1083FC00EFD0CFF4014781463000A6854A85EFC007
:10840C008F862904480822CC230A010002CEEFE013
:10841C004FAE05616F90EFDFEFD0AFDAC1B7EF92DF
:10842C000FDD01117C003ECAB70707003ECC7C0073
:10843C003ECE83C795002E84AA8493F7F707A384B6
:10844C00F500A165AD054808EFB0BFE1EFF03FF3D3
:10845C00AA854808EFD08FEE500801478146A285C7
:10846C002685EFC04F8005616F90AFDA97B7FF1F7D
:10847C00938707239C43094599C303C5C700828092
:10848C00EF92EFD601117C00AE843ECAA165B7070E
:10849C0007002A843ECCD1057C0048083ECEEFB0C4
:1084AC005FDCEFF0BFFCAA854808EFD02FE950083D
:1084BC0001478146A6852285EFB0FFFA05616F90D2
:1084CC004FD5EF92CFD283C7950093F7F707A384CC
:1084DC00F500EFF0FFFA6F90CFD3EF92AFCF83C7D9
:1084EC0095000329C501411193F7F707A384F50003
:1084FC001C4283C90700854763EC370597B7FF1FFC
:10850C00938747719C432E84AA8495C7EFF01FF67E
:10851C0089476302F502630009028347C900638C33
:10852C00370123063901EF70500383572903898BD8
:10853C0099C3EFA0503B2685A285EFF07FF4A1678D
:10854C00CD0748003EC42302010002C6EFE06F9A3B
:10855C0041016F906FCB97B7FF1F938767149C43B4
:10856C001D4599C303C5E7008280EF924FC80111E6
:10857C00B70707003EC683C79500584D0AC493F74A
:10858C00F7070AC8A384F5002A89AE8405C71C42E4
:10859C0083C7070093968701E18663C80604854666
:1085AC006385D7048346E7006386F6002307F7004C
:1085BC00EF70A07A21649305E4002800EFB07FCA25
:1085CC00EFF07FF9AA852800EFD04FD701478146FD
:1085DC003000A6854A85EFB01FE93504480822CC47
:1085EC00230A010002CEEFE0CF9005616F906FC2BD
:1085FC00EF92EFBF01117C003ECAB70707003ECCDB
:10860C007C003ECE83C795002E84AA8493F7F7078F
:10861C00A384F500A165B9054808EFB09FC4EFF03D
:10862C009FF3AA854808EFD06FD1500801478146C7
:10863C00A2852685EFB03FE305616F908FBDEF9269
:10864C006FB9AA84014417B9FF1F1309A905E149A1
:10865C00EFC09F936344A400014519A8330534036C
:10866C00832709003E9583572500639597001105D4
:10867C006F908FB90504E9BF032E850063040E10BB
:10868C0017B3FF1F1303C320032303006315030059
:10869C002943639A060E03234E01631503001D4301
:1086AC006393070EEF922FB2C689428A3E89BA8A2B
:1086BC00B684328BAE8B2A84A1E903554E0009E5B2
:1086CC0001431A856F90AFB3A167A98F116763F748
:1086DC00E700EFF0DFF68145EFF08FBD0844B707F8
:1086EC0000E05841F98F18455CC1B707001FF98F9E
:1086FC001CC55C4981C76105EFB0E073E38209FCDE
:10870C002285EF70E0636DBF3285EFA060580D439A
:10871C004DD91C44116703D54700A167A98F63F796
:10872C00E700EFF0DFF18145EFF08FB80323840011
:10873C0093164B01D1828347B3000356630085889F
:10874C00FD8BA305F300FD777D8E558EFD76FD1612
:10875C00B204F18E83274301C58E231273012313B8
:10876C00D3002304530123052301A3044301D9D7C8
:10877C002285EFB0BFC3AA850844B5DD6105EFB013
:10878C00006AADBF1D431A858280EF92AFA40569C4
:10879C00AA84AE89328A0144FD5A7D19EFC08FF349
:1087AC006345A40001456F902FA6D844931714007D
:1087BC00BA9703D70700631B370323905701630550
:1087CC000A002685EF70602E9C448DC383D767000A
:1087DC00B3F72701639C3701D288014881470147D1
:1087EC008146014681452685EFF01FE905047DB7DA
:1087FC00EF924F9E79711C103EC4B7070F003EC616
:10880C001C103EC883C79500AA8A328593F7F707D8
:10881C00A384F5002E893284EFD00FBE9317050187
:10882C00C1876350F006AA892285EFD0EFBC2A8A53
:10883C004E85032B0400EFB0FF9839E583574400B5
:10884C0081440544F11793B71700A303F100834546
:10885C007100DA872287D2864E862800EFE03FA48B
:10886C00014781463000CA855685EFB0DFBFA1674E
:10887C009387F70348083ECC230A810026CEEFD01D
:10888C005FE745616F904F98A28513067100EFE08A
:10889C00BFAFAA84094445DD5285EFE0EFB80D4423
:1088AC005DD50546D2852685EFF03FEE2A8445B787
:1088BC00EF92EF93835507000346270041112A845A
:1088CC002E8532C62EC4EFE02FB611C53246A24516
:1088DC002285EFF09FEB41016F90AF93EF92AF8E3B
:1088EC0083C795004111AA8A93F7F707A384F50073
:1088FC003285AE893284EFD02FB093170501C18732
:10890C006357F008C1452A8A2285EFD04F9B2A8DE8
:10891C002285EFD06FAE2A892285EFD08FAC9307DA
:10892C0005F893F7F70F1307E007AA8B6371F706A7
:10893C002285EFD00FAB2A8C2285EFD08FAAAA8C80
:10894C005285032B0400EFB0FF8729E583574400C1
:10895C00231101008144F11793B71700A300F10014
:10896C0005440347110083562100938784005685E4
:10897C00DA8822885286CE85EFE03FE6A167E907C8
:10898C0048003EC42302810026C6EFD09FD6410189
:10899C006F90EF8613061100A285EFE0FF9EAA846C
:1089AC0009E52311010009446DBF930521006A8577
:1089BC00EFF06FA12A8455F5835521009356C90019
:1089CC001316490185486688E2875E87858A51823D
:1089DC002685EFF07FCA2A8469B7EF82DFFE83C752
:1089EC00950041112A8B93F7F707A384F500328584
:1089FC00AE893284EFD04FA093170501C187635223
:108A0C00F0082A8A2285EFD02F9FAA8A2285EFD0E0
:108A1C00AF9E2A892285EFD0CF9C930705F893F758
:108A2C00F70F1307E0072A8C637DF7042285EFD03C
:108A3C004F9BAA8C2285EFD0CF9A2A8D5285832BFF
:108A4C000400EFB02FF829E183574400854401441A
:108A5C00F11793B71700A301F100034731009307F7
:108A6C0084005A85DE882688D6865286CE85EFE02D
:108A7C00DFD68D4748003EC42302910022C6EFD0BA
:108A8C005FC741016F80BFF7A28513063100EFE08D
:108A9C00BF8F2A84894471D19356C900131649019A
:108AAC0085486A88E6876287858A5182D685EFF089
:108ABC00BFBCAA845DB7EF82FFF12A8981440144CF
:108ACC00617A916A17BBFF1F130B8BDCEFC08FC150
:108ADC0063C5A40022856F803FF383270900939917
:108AEC001400CE9703D50700330745014207418395
:108AFC006362570311CD03270B0009C785453E85DB
:108B0C00EF302041832709000504CE9723900700FE
:108B1C0085046DBFEFF0BFB2832709000504CE9723
:108B2C002390070075D58145EFE09FF8D5B7EF820C
:108B3C007FEA83C7950041112A8A93F7F707A3842C
:108B4C00F50032852E893284EFD00F8B93170501F7
:108B5C00C1876354F004AA89832A0400EFB08FE61E
:108B6C0021E18357440085440144F11793B7170062
:108B7C00A301F10003483100D68752850147CE8608
:108B8C002686CA85EFD01FE3A167F50748003EC4CF
:108B9C002302910022C6EFD0DFB541016F80DFE6E2
:108BAC00A28513063100EFE02FFE2A84894479D187
:108BBC0097B7FF1F9387C7CD9C4381CB0449EFC068
:108BCC006FB2AA852685EF30C03413050401EFF08F
:108BDC009FEE2285EF60106F814469BFEF82BFDE8C
:108BEC0083C795004111AA8A93F7F707A384F50070
:108BFC003285AE89328423110100EFC0FFFF931739
:108C0C000501C187635CF0042A8AC1452285EFC047
:108C1C001FEBAA8B5285032B0400EFB0AFDA31E1C6
:108C2C008357440085440144F11793B71700A30000
:108C3C00F1000348110003572100DA875685D286CC
:108C4C002686CE85EFD01FD7A167938727024800D1
:108C5C003EC42302910022C6EFD0BFA941016F8010
:108C6C001FDAA28513061100EFE00FF22A84894463
:108C7C0069D197B7FF1F9387A7C198433E8901CB52
:108C8C000449EFC02FA6AA852685EF30802813054E
:108C9C000401EFF05FE2EFC0EFA4954459D99305BE
:108CAC0021005E85EFE03FF2AA8441F51C48035792
:108CBC00210022852390E700EF60D0608327090014
:108CCC00ADDB03552100EF30201DA5B7EF82BFCFE0
:108CDC0083C795004111AA8A93F7F707A384F5007F
:108CEC003285AE893284EFC03FF193170501C187FD
:108CFC006359F0042A8A2285EFC01FF02A89528515
:108D0C00032B0400EFB00FCC21E1835744008544C2
:108D1C000144F11793B71700A301F1000348310088
:108D2C00DA8756854A87D2862686CE85EFD09FC8AD
:108D3C00A167F90748003EC42302910022C6EFD078
:108D4C005F9B41016F80BFCBA28513063100EFE022
:108D5C00AFE32A84894479D19167CA97C207116716
:108D6C00C1831307F7EF8544E36AF7FA97B7FF1F40
:108D7C00938707B29843BE8B01CB0449EFC08F9603
:108D8C00AA852685EF30E01813050401EFF0BFD259
:108D9C00EFC04F95954459D11C48228581442390AE
:108DAC002701EF60305283A70B00ADDB4A85EF3013
:108DBC00A00EADB7EF82BFC32A844105B284EFF099
:108DCC009FCF01C52285EF60F04F81460146A685F5
:108DDC002285EF7040011C4C89C7DC4799C3228562
:108DEC0082976F801FC397B7FF1F9387678B9C4336
:108DFC00014599C313850701828097B7FF1F93879D
:108E0C00278A88438280EF829FBE9317C600DD8D30
:108E1C00C2054111C1812A8432C6EFC07FD33246CC
:108E2C00228511829375F60FEFC05FD141016F80DF
:108E3C005FBEEF823FBA79713C083ED2B7070C0097
:108E4C003ED43C083ED683C79500AE842A8993F75E
:108E5C00F707A384F500A165938535044810EFB09E
:108E6C004FC0C165FD15014417BAFF1F130ACAA3F1
:108E7C00930A400EAE892E8B2EC6EFC0AF894205E9
:108E8C00931704014181C183B24563E3A702C16713
:108E9C00FD176385F5004810EFC09FCB50100147BC
:108EAC008146A6854A85EFB00FDC45616F80DFB542
:108EBC003307540383270A0BBA9703D6C7016308F9
:108ECC003601638835014810EFF0FFF3DA850504AD
:108EDC0065B7B285EDBFEF821FAF79717C083EC8D4
:108EEC00B70711003ECA7C083ECC83C79500AA89FF
:108EFC00328593F7F707A384F5002E89EFC0DFCFF7
:108F0C008567637EF502A165AA8489050808EFB020
:108F1C004FB52685EF302049133415000A04A2857D
:108F2C000808EFC0BFC1A6850808EFC07FC235C0D6
:108F3C00014781461008CA854E85EFB0CFD24561F6
:108F4C006F80FFABB30754030327CA0ABA9703D742
:108F5C000700631A970003D62700638A6503080885
:108F6C00EFF07FEADE8505042EC6EFB0BFFB4205AD
:108F7C00931704014181C183B245E3E5A7FCC167A6
:108F8C00FD17E387F5FA0808EFC09FBC55B7B2850B
:108F9C00D9BFC165FD15014417BAFF1F130ACA904A
:108FAC00930A80022E8BAE8BC1B7EF825FA418415F
:108FBC008347170083460700A207D58FD207D183BA
:108FCC002390F50083472700034717008D45A20720
:108FDC00D98F91832310F600EFC03FAD6F807FA334
:108FEC00EF825F9FC164014417B9FF1F1309C98B3E
:108FFC0093098002FD14EFB0FFF26345A400014514
:10900C006F809FA0330534038327C90A3E9583578D
:10901C000500E38797FE0504F9BFEF82BF9B2A8A00
:10902C00AE89B284B68AEF30003809E591473E85A7
:10903C006F809F9D2A894E85EF9090452A84638A84
:10904C000A048D476DD503570500C547E31147FF4B
:10905C000347F9018546AD47E31BD7FC8347450021
:10906C0091CB4146A6855D05EF10B13D814761D19D
:10907C00AD4775BF130965012302E500CA85268536
:10908C00EF10C02A15CDA547E3830AFA230204008A
:10909C0079BF11CD83570500E39A47F94146A68560
:1090AC001905EF10113A814759D1994749B74E85A7
:1090BC00EFF01FF32A8495473DD9130955007DBF66
:1090CC004146A685231044012311340113051900D0
:1090DC00EF1091392285EF603032814789BFEF82E2
:1090EC001F9179717C003ECCB7070A003ECE7C0004
:1090FC003ED083C79500B2842E8493F7F707A384E0
:10910C00F5001306A1002A892C002685EFF0FFE953
:10911C00A16528088D05EFB0CF9490408355A10030
:10912C00035581008546EFF05FEFAA84AA852808D5
:10913C00EFC0DFA00356A100835581002808EFF093
:10914C009FCC300801478146A2854A85EFB0AFB16C
:10915C00854748103ED42302910202D6EFD06FD936
:10916C0045616F801F8BEF829F8879717C003ECCAC
:10917C00B7070A003ECE7C003ED083C79500B28470
:10918C002E8493F7F707A384F5001306A1002A8910
:10919C002C002685EFF07FE1A16528088D05EFB046
:1091AC004F8C90408355A100035581008146EFF010
:1091BC00DFE6AA84AA852808EFC05F980356A100B1
:1091CC00835581002808EFF01FC430080147814601
:1091DC00A2854A85EFB02FA948102302910202D430
:1091EC0002D6EFD00FD145616F80BF8297A7FF1FCA
:1091FC009387474B88438280EF826FFF835725000C
:10920C004111AE842A842307B10017F5FFFF130523
:10921C00656A6C002316F100EFB00FDE81C4228565
:10922C00EF60F023FD572310F40013062002814554
:10923C0013055400EF80AFFE41016F808FFDEF826C
:10924C006FF979717C003ECCB7070A003ECE7C00EA
:10925C003ED083C79500AA89AE8493F7F707328571
:10926C00A384F5001306A1002C00EFF01FD40355C6
:10927C0081001144EF30201315C10355A1000144A6
:10928C00EF90102101CD0357050083578100454411
:10929C006316F7008545EFF03FF60144216993050D
:1092AC0039002808EFA0FFFBA2852808EFC01F8912
:1092BC000356A100835581002808EFF0DFB4300875
:1092CC0001478146A6854E85EFB0EF9948104AD4E8
:1092DC002302810202D6EFD0CFC145616F80CFF25D
:1092EC00EF824FEF97A7FF1F9387873B2A84884312
:1092FC002E8915C1035745038357C401631DF7001D
:10930C0023260502231805024105EFA0D032630481
:10931C000900EF607025814497A9FF1F9389C958F4
:10932C00130A8002EFB01FC063CCA40297A7FF1FE3
:10933C009387C73F9C4389C70355C401EF10A074A2
:10934C00630509002285EF6080791306400E814584
:10935C002285EF80CFECFD57231EF4006F80CFEAFF
:10936C003385440383A7C90A3E95035705008357E9
:10937C00C4016315F700CA85EFF01FE885045DB7DB
:10938C00EF824FE583C795004111AA8993F7F70740
:10939C00A384F5003285AE84EFC01F8685676370A9
:1093AC00F5042A89EF302000014411C983D7040049
:1093BC003144638627018545EFF09FF201444E85C9
:1093CC00A2864A86A685EFD0EFBFA16793871704C4
:1093DC0048003EC42302810002C6EFD08FB1410188
:1093EC006F808FE2EF820FDF97A7FF1F9387472BCA
:1093FC0080431DCC0145EFA0204D81470148C1643D
:10940C001CDC232E04032320040417A9FF1F1309BB
:10941C00A94901449309400EFD14EFB0BFAF634B53
:10942C00A40081451705000013050599EFB0CFBCCA
:10943C006F808FDD330534038327090B3E958357EB
:10944C00C501638597008545EFF09FE90504F1B7E9
:10945C009357050113D78700A380F50093170501D7
:10946C00C183A1832380E5002381F500A381A5009E
:10947C008280EF82CFD72300050083C71500A3009D
:10948C00F50083C725002301F50083C73500A30130
:10949C00F50083C745002302F50083C75500A302DE
:1094AC00F50083C7650093059500A303050023030E
:1094BC00F500230405003285EFF09FF96F806FD51E
:1094CC00EF824FD14111E9541DC595C593F9C5FFE4
:1094DC002E842A89AA84338AA90063129A020D88E1
:1094EC00854411C8EFC080402AC622866C00330523
:1094FC003901EF106177268541016F80EFD0EFC005
:10950C00E03E93170501C183A183A380F400935718
:10951C0005012381F400A1832380A400A381F4001E
:10952C00910465BF63E0D502EF826FCCB287411125
:10953C003686BE8536C6EF102173B246410136859C
:10954C006F802FCD814636858280838705001387F7
:10955C00F5003D05FD8793F77708834607007D15D9
:10956C008606B58FA300F5006307B7007D17834708
:10957C0017009D83DDB78280EF826FC7B2872A8682
:10958C003E85EFD03050133515006F808FC801CD5C
:10959C00814799C9EF82AFC54146EF10E16C854711
:1095AC003E856F800FC781473E8582801DC5EF8247
:1095BC000FC4414681452A84EF806FC641468145E0
:1095CC0013050403EF80AFC50147C16723220404D0
:1095DC0038C87CC805456F80CFC301458280814760
:1095EC0029CDA1CDEF82AFC0B2842E8913068005A0
:1095FC0081452A84EF80AFC2CA8524C42685EFF04A
:10960C001FF9414681452285EF806FC13044A28508
:10961C002285EFF07FF693040401A2852685EFF0F6
:10962C00DFF2A68513050402EFF03FF22285EFF07E
:10963C00FFF785473E856F80CFBD3E858280EF82E8
:10964C006FB94111E9541DC595C593F9C5FF2E8419
:10965C002A89AA84338AA900639244030D88814421
:10966C0011C8EFC0A0282AC622866C003305390128
:10967C00EF10815F268541016F800FB9EFC0002785
:10968C0093170501C183A183A380F40093570501AF
:10969C002381F400A1832380A400A381F40091040E
:1096AC0065BF71CDEF820FB3B28401E605456F80C3
:1096BC00AFB52A842E890145FDD93C487848B3E6DC
:1096CC00E700F5D69386F7FFB3B7F6007D17032AAC
:1096DC004404BA9734C87CC8630F0A04C149130503
:1096EC000A03B38949412295637B3601B2862E86E3
:1096FC00A685EFF03FE37C40BE9464C045BFCE86A8
:10970C002E86CE85EFF01FE2C114D2944E992322FF
:10971C000404A2879306040103C7070003C60703CA
:10972C008507318FA38FE7FEE398F6FE3044A285C0
:10973C002285EFF07FE42699C1493306994063EA0C
:10974C009900ADD4A686A68513050403EFF09FDD22
:10975C006DB78147B306F4003307F60003470700E3
:10976C0083C5060085072D8F2380E600E39437FF21
:10977C003044A2852285EFF03FE0C1147DBF014546
:10978C00828019C9EF82AFA6130680058145EF8050
:10979C000FA905456F80EFA70145828081473DC920
:1097AC00B5C9EF82CFA4FC4141462E84AA846393B1
:1097BC00C70413860501A2878146C14503C707006C
:1097CC0003C507038507298F3305D600034505001C
:1097DC008506298FA38FE7FEE392B6FE3044A2855F
:1097EC002685EFF07FD92285EFF0BFF985473E85BE
:1097FC006F802FA2138507031D8E81452295EF8064
:10980C000FA27C40130700F813060402A2972388CA
:10981C00E70255B73E858280EF826F9D6D712E8475
:10982C00B284AA85901028003689EFF05FDB19E925
:10983C00D55705A050400C402800EFF09FE66DD99D
:10984C00FD142104E5F82C004A85EFF03FF5814723
:10985C0065D13E8551616F80CF9BEF824F9941114D
:10986C002EC432C62C000546EFF01FFB41016F8061
:10987C004F9AEF82CF9701112A842EC602C802CAD2
:10988C0002CC02CEEF10015CB2462A86A2850808F3
:10989C00EFF0BFFC1375F50F05616F808F97EF82AA
:1098AC000F957971B2872A8421462308B1001305DC
:1098BC001101BE853AC436C6EF10013BB246930582
:1098CC0091013685EFF0DFB82285141035460C086F
:1098DC00EFF0BFF82A84224711E521460C103A8597
:1098EC00EF108138228545616F80AF92EF822F9007
:1098FC007171AE84AA850A853284EFF05FC901C903
:10990C000A86A6852285EFF03FC7814711E1C5473E
:10991C003E854D616F80EF8FEF826F8A1D712A8AB1
:10992C00B289BE8435468547130511012E8CB68A43
:10993C003A8BC28C468D2308F100EF10E1321010E7
:10994C000C085285231F0100EFF05FFA2A842DE9E1
:10995C00A147631BFD069307900591E0E54735464B
:10996C00E2851305110113990A012308F10013591B
:10997C000901EF10612F1357890093978A00D98F33
:10998C0090080C085285231FF100EFF03FF62A8453
:10999C0005E9A1E09387FA0091831379F9003EC69B
:1099AC00631309004149668B8144C14B854DB24715
:1099BC006397970C6A868C0033855C01EF10C12A83
:1099CC00228525616F806F8393079004C9F8A547A2
:1099DC0079B7834701050947C14B2308F100834739
:1099EC001105A58FA308F10093872400814463EF30
:1099FC00FB02014714083386E6008C08B386E400AA
:109A0C00BA95DA9683C6060083C505000507AD8EA8
:109A1C002300D600E390E7FE41476398E7049008E3
:109A2C000C085285EFF09FEC35D535A8B3069B009A
:109A3C00BA871008B305F60090083E9603C50600D9
:109A4C000346060085078506298E2380C500E39210
:109A5C0077FF998F90080C085285BE94EFF01FE9A0
:109A6C008947014749D52A84A1BF90083E960346F1
:109A7C0006001408BE962380C600850779BFB2473E
:109A8C008504638B971281471808B306F700980872
:109A9C003E973386F9000347070003460600850707
:109AAC00318F2380E600E39177FF90080C085285F4
:109ABC00EFF0DFE34DF93546E2851305110123087C
:109ACC00B101EF10611A139704014183939784003D
:109ADC002183D98F10180C085285231FF100EFF049
:109AEC00FFE051F1814710183387F9003E96034788
:109AFC00070003460600B306FB008507318F238061
:109B0C00E600E39277FF75A01808B306F7009808F3
:109B1C003E973386F9000347070003460600850786
:109B2C00318F2380E600E3E127FFCA87639877092A
:109B3C0090080C085285EFF07FDB15F581479800F3
:109B4C00B306F700900818103E973E96034707009F
:109B5C00034606008507318F2380E600E39177FFEB
:109B6C003546E285130511012308B101EF10C10F31
:109B7C00139704014183939784002183D98F101884
:109B8C000C085285231FF100EFF05FD6E31D05ECA6
:109B9C00814710183387F9003E96034707000346A8
:109BAC000600B306FB008507318F2380E600E3E255
:109BBC0027FFC109410BE5BB8147B5B79408BE9699
:109BCC0083C6060018083E972300D7008507B9BF47
:109BDC00638E062CEF72BFDE59712A84BE89B28B5C
:109BEC0085473546130511022E8B468C4289BA8A5D
:109BFC00368A2300F102EF10210710180C10228571
:109C0C0023170102EFF09FCE631E0510A1476319C5
:109C1C00FC069307900563930900E5473546DA8502
:109C2C001305110293140A012300F102C180EF10F5
:109C3C00A10393178A0013D78400D98F90080C10B6
:109C4C0022852317F102EFF07FCA69ED63900904B6
:109C5C009307FA00BD88918391E0C144C207C18388
:109C6C00DE8C814A3EC6414DB24763EAFA0C6286ED
:109C7C00B3854B018810EF00D17C4DC53D555DA0DF
:109C8C0093079004E39C09F8A54749BF8347010556
:109C9C000947C14C2300F10283471105B3C7F900F2
:109CAC00A300F10293872900814963EFFC028146EE
:109CBC0018103306D7008C083387D900B695569701
:109CCC000347070083C5050085062D8F2300E6009A
:109CDC00E390D7FE4147639AE70490080C10228565
:109CEC00EFF0DFC035D53DA8B3863A01BA87101026
:109CFC00B305F60090083E9603C506000346060021
:109D0C0085078506298E2380C500E39297FF33874C
:109D1C00EC4090080C102285BA99EFF03FBD8947B2
:109D2C00014741D565616F705FCD90083E96034643
:109D3C0006001410BE962380C600850769BFB24783
:109D4C00850A93990A01939D8A0093D90901639915
:109D5C00570D85473546DA85130511022300F102AC
:109D6C0093D98900EF005170B3ED3D0190000C10B8
:109D7C0022852317B103EFF07FB74DF58147A689F4
:109D8C0063E6970626860C084A85EF00F16D81473D
:109D9C001810B306F700100898083E973E96034734
:109DAC000700034606008507318F2380E600E3E1B8
:109DBC0097FE639DA90590080C102285EFF01FB348
:109DCC0035F181479810B306F700900818183E97A4
:109DDC003E9603470700034606008507318F238014
:109DEC00E600E391A7FF4109C10CBDBD1808900026
:109DFC00B306F7003E963387FC0003470700034683
:109E0C0006008507318F2380E60095BF98084E9792
:109E1C00034707001C10CE972380E700850951BF2C
:109E2C0085473546DA85130511022300F10293D9D3
:109E3C008900EF007163B3ED3D0190000C10228599
:109E4C002317B103EFF09FAAE31E05EC8147180816
:109E5C009000B306F7003E963387FC0003470700DB
:109E6C00034606008507318F2380E600E391A7FFA8
:109E7C0041460C084A85EF00315F81471810B30644
:109E8C00F700100898083E973E96034707000346D4
:109E9C0006008507318F2380E600E391A7FF900829
:109EAC000C102285EFF09FA41DDDADBD7D55828089
:109EBC00EF72FFB301112A842E859305510032896C
:109ECC0002C002C202C402C693047400EFF04FD861
:109EDC001D46A68513059100EF00115910088A85BF
:109EEC004A85EFF0BFA019ED93071400180883C63C
:109EFC0007000346070085070507B18EA38FD7FE21
:109F0C00E397F4FE05616F70DFB0EF72BFAC2E8487
:109F1C008C414111AA89838715003289914463D3FE
:109F2C000700A14497A7FF1F9387C7CE9C43B1C3DB
:109F3C00B5CE8D472310F10083C725004A85230138
:109F4C00F10083C73500A301F10083C7450023024C
:109F5C00F10083C75500A302F10083C76500930588
:109F6C009100A30301002303F10023040100EFF08F
:109F7C002FCE0C404A860A85EFF0AFCF03280400A1
:109F8C0083564400A6881D0881470147E516428682
:109F9C008A854E85EFF05F982A8909E5A68522858A
:109FAC00EFB05FB54A8541016F701FA64A860A85DE
:109FBC00EFF02FCC7DBFEF72FFA12E848C414111AD
:109FCC00AA89838715003289914463D30700A14481
:109FDC0097A7FF1F938707C49C43B1C3A5CE8D479A
:109FEC002310F10083C725004A852301F10083C7A4
:109FFC003500A301F10083C745002302F10083C79C
:10A00C005500A302F10083C7650093059100A303DB
:10A01C0001002303F10023040100EFF06FC30C4097
:10A02C004A860A85EFF0EFC48356440003280400E7
:10A03C008A85858EC2061D08C1822312D400A6888B
:10A04C0081470147E51642864E85EFF07FB8410106
:10A05C006F709F9B4A860A85EFF0AFC1C9B7EF724C
:10A06C001F99B335B000011185052A891315F60126
:10A07C00336515012308B1009305110136843AC6E6
:10A08C0032C03EC442C2EFF0AFBCA24712484255A8
:10A09C0093D68700230BF100930591019357880009
:10A0AC00A30AD100A30BF100230C0101EFF04FBA6E
:10A0BC003247024603280400B337E00083564400BD
:10A0CC009207914411C2A1444A85A68842860C0885
:10A0DC00EFF09F842A8909E5A6852285EFB09FA120
:10A0EC004A8505616F70FF92EF72DF8E01113EC6DB
:10A0FC008647B335B0008505AA891315F6015D8D29
:10A10C002308B1009305110136843A89B28442C404
:10A11C0046C2EFF0EFB32248924816459357880099
:10A12C00A30AF1009305910193D78800230B010139
:10A13C00A30BF100230C1101EFF08FB1324710404B
:10A14C0083564400B337E000920703280900914876
:10A15C0091C0A1480C084E85EFF09FA7AA8411E589
:10A16C00835544004A85EFB0FF98268505616F70D2
:10A17C00BF89AA959307F00F173701001307079AA9
:10A18C006317B50013C5F7FF1375F50F828005052E
:10A19C008346F5FFB58FBA9783C70700D5B703572A
:10A1AC00450014419307F00F17360100130606976C
:10A1BC00369742074183139506014181631BE500E5
:10A1CC00AD8FB29703C50700130515F313351500B2
:10A1DC008280850603C5F6FFA98FB29783C7070057
:10A1EC00D9BFEF72DF80B28736842E86BA86AA85F5
:10A1FC003E85BA84EFF06FE6634B05002285EF00D5
:10A20C0071442A86A686A2852685EFF00FE56F702D
:10A21C005F80EF722FFC5D712A8BAE8A17350100BF
:10A22C001305458D2C00B284368ABA893E89EFF02D
:10A23C004FE42A8459E534104146DA852800EFF0C2
:10A24C00CFE12A843DED8547A303F100A6C2930715
:10A25C0071002408BEC4A68685470D462C1828100C
:10A26C0002DC02DED6C0BEC6EFF00FDB2A8431E979
:10A27C0083477102A6860D4693F7F7072300FA0071
:10A28C00C1473EDE2C188947281026DCA303F100B9
:10A29C00EFF08FD82A8415E54146A6854E85EF0050
:10A2AC00B11C8D47A6860D462C182810A303F1006F
:10A2BC00EFF08FD62A8411E54146A6854A85EF003A
:10A2CC00B11A228561616F702FF4EF724FF29727EC
:10A2DC0001009387E7D3984383C7470079712A8994
:10A2EC00AE8417350100130565810C083AC42306AA
:10A2FC00F100EFF00FD82A8415E514104146CA85F9
:10A30C000808EFF08FD52A8411ED140815462C009F
:10A31C000810EFF08FD42A8411E521462C082685ED
:10A32C00EF009114228545616F70AFEEEF722FEC48
:10A33C00972701009387C7CD9C477971AA842E84F7
:10A34C00172501001305057C0C083EC6EFF06FD2F3
:10A35C000DE514104146A6850808EFF00FD011ED5D
:10A36C00140811466C000810EFF02FCF19E5834745
:10A37C00F10193F7F7032300F40045616F706FE967
:10A38C00EF72EFE63688A14881470147E546EFF0CA
:10A39C00AFD86F700FE8EF728FE53688A148814710
:10A3AC000147E546EFF0DF826F70AFE6EF722FE406
:10A3BC0001112A842E850C0832C6EFF08FCB19E9D7
:10A3CC00324797260100938666721008C145228594
:10A3DC00EFF03FE105616F70CFE3EF724FE1411198
:10A3EC00C1472EC032C48A8509463EC23EC6EFF034
:10A3FC00AFC241016F70EFE1EF726FDF4111AE86BA
:10A40C0013061009AA850A8502C002C202C402C63C
:10A41C00EFF0AFC441016F70CFDFEF724FDD3287C9
:10A42C00972601009386866E2E8693050002EFF028
:10A43C005FDB6F700FDEEF728FDB7971C1472ACC57
:10A44C002ED032D42C080D4628003ECE3ED23ED61D
:10A45C0002C402C602C802CAEFF00FBC45616F709D
:10A46C004FDBEF72CFD80111AA842E84172501007F
:10A47C001305456A8A85EFF0CFBF05E51408414600
:10A48C00A6850A85EFF06FBD09ED8347E10103470F
:10A49C00F101A207D98FCA07C9836177D98F23101D
:10A4AC00F40005616F70EFD605C9EF724FD4979722
:10A4BC00FF1F9387A72390439795FF1F93854523F1
:10A4CC001795FF1F1305851EEFA0707E1795FF1FB4
:10A4DC001305C51D6F70EFD31795FF1F1305051DD1
:10A4EC0082809DC5EF72AFD09797FF1F938707208F
:10A4FC00944301112E840A869795FF1F9385451F5F
:10A50C00EFA0707F0A850294014505616F706FD0D2
:10A51C007D558280EF72AFCDEFB060099797FF1F2A
:10A52C0023A6A71C17F5FFFF1305C5F9EF90B0354F
:10A53C006F702FCE1797FF1F1307871D93171500EA
:10A54C0008433E95FD572310F5008280EF722FCA09
:10A55C002A84084019E16F70CFCB1C4158401CC0B5
:10A56C006313E5005CC08347550023200500F99B6D
:10A57C00A302F500EFB04FFCE9BFEF72AFC59797A0
:10A58C00FF1F9387E71A98432A8411CB8347350022
:10A59C0093F7070289C703550500894502971305F0
:10A5AC004401EF905009835504000355E400EF205B
:10A5BC005013485809C5EFB02FF8232A040213058D
:10A5CC008403EFF0BFF88144B149EFA0FF9F63C54E
:10A5DC00A402834734002320040493F727FCA3012F
:10A5EC00F4000048EFA05F9F1316150081452285EB
:10A5FC00EF70EFC26F704FC1B387340303290403AC
:10A60C0085043E994A85EFF07FF42304090075BF59
:10A61C008347350093F7070299E3014582808357FE
:10A62C00E500E39CB7FEC167FD176316F600054510
:10A63C0082800545B9A0EF728FBB93170601C187C5
:10A64C00B2842A8401496359F002835705008DCBEB
:10A65C0001456367F600034584003E953325A6004B
:10A66C001375F50F39A81C4813171900BA9783D71F
:10A67C000700E38097FC0509EFA01F96E345A9FEB0
:10A68C0001456F700FB9EF72EFB4AE89AA84EFA0D9
:10A69C007F8A2A84EFD01FADAA8601471306840156
:10A6AC0097050000938545E91795FF1F130585064F
:10A6BC00EFA0CFDA2A8921CD8C441304C500228562
:10A6CC009E0593F50508EFB06FC7CC4083877400E7
:10A6DC00E18163D1070493E505082285EFB00FC62D
:10A6EC000D46938544002285EFB06FC383D50400DB
:10A6FC002285EFB04FC883D524002285EFB0AFC7B9
:10A70C0003D6490083A509002285EFB04FC14A85C5
:10A71C006F708FAF93F5F507C9B7EF724FAD01119D
:10A72C002A84328532C6EFB0CFB6EF903F9C835768
:10A73C0004001797FF1F130727173246231BF1003E
:10A74C00930700F8A30DF1001C471843231AA1002E
:10A75C008983858BB307F740B28548083ECE231C0E
:10A76C000100230D0100EFF01FF205616F706FAA5D
:10A77C00EF724FA60041014529CC9304C4002685F5
:10A78C003289AE89EFB0EFB495452A8A2685035BF2
:10A79C000401EFB08FB12685EFB08FC88D45AA8A22
:10A7AC002685EFB08FB02685EFB08FC75C48420A84
:10A7BC00135A0A01D2975CC4231864018147639829
:10A7CC003A0146054D81330625419337160013F5A2
:10A7DC00F70F6F706FA3EF720F9F89692A8BAE8B87
:10A7EC00328AB68A81440144314CFD19EFA0CFFD69
:10A7FC0063C9A400EFA05F80018D33B5AA006F7010
:10A80C000FA03389840383270B003E9963170A003A
:10A81C008347890085043E94D1BF03560A00DE8528
:10A82C004A8533F6C900EFF0BFF47DD10545C1BFB1
:10A83C00EF72EF9B01112A847C000355E5003ECAA0
:10A84C00B70707003ECC7C003ECEEF10D0352A89EE
:10A85C0085454808EFB04FC499454808EFB08FA91B
:10A86C00AA844A85EF1050362380A4009797FF1FC7
:10A87C00938787039C434166130606F093968701E2
:10A88C0013D78701558F93D68700F18E558FA2076A
:10A89C00B706FF00F58FD98F11462C0013851400D5
:10A8AC003EC4EF00613C5008A38204008945228518
:10A8BC00EFF0BFE609C9AA8513058403EFB04FBEBC
:10A8CC003C4085073CC005616F70AF94EF722F92CE
:10A8DC00EFA08FF22A840504EFA00FF13305A40238
:10A8EC00F14791453305F502EF10C07301E565554D
:10A8FC006F702F929797FF1F23A4A7E2EFA0CFEFC3
:10A90C002A840504EFA04FEE3305A4028945060501
:10A91C00EF10407169DD9797FF1F23ABA7DEEFA007
:10A92C00AFED2A840504EFA02FEC3304A402979713
:10A93C00FF1F239187DEEFA02FEC2A84EFA0CFEA34
:10A94C00930714003385A7029797FF1F2395A7DC65
:10A95C00972701009387C7DF1797FF1F2320F7DC8A
:10A96C00014579B7EF720F87AA842E890144979914
:10A97C00FF1F938969F3130A8006EFA0EFE6634586
:10A98C00A40001456F704F883305440383A7090267
:10A99C004A86A6853E95EFF0BFC719E10504F1BFC5
:10A9AC000545CDB7EF722F82AA8A2E8BB28B368CCF
:10A9BC003A8A814401448149979CFF1F938CCCEEC9
:10A9CC00130D8006EFA04FE263C7A40011E0854988
:10A9DC004E856F70CF823389A40383A70C025E86E9
:10A9EC00D6853E994A85EFF0BFC219CDEFA0CFE0D6
:10A9FC000544636B4501D2866286DA85130509032B
:10AA0C00EFF07FDD11C1854985046DBFEF629FFCBE
:10AA1C00C16441112A8901449799FF1F9389C9E8A0
:10AA2C00130A8006FD1436C632C42EC2EFA0CFDB4B
:10AA3C0092452246B2466346A400014541016F602F
:10AA4C00BFFC3305440383A709023E9509C683471F
:10AA5C003500C18B9DC791C68347350093F707021C
:10AA6C008DC3630699008357E500639C2701035748
:10AA7C00050001CB63E7E50083478500BA97E3CF78
:10AA8C00F5FA05044DB7EF62FFF4C1642A8901445D
:10AA9C009799FF1F938949E1130A8006FD14EFA0D3
:10AAAC00AFD46344A4006F603FF63305440383A71F
:10AABC0009023E958357E50063889700630499006B
:10AACC0063942701EFF07FAB0504D1BFEF623FEF3A
:10AADC0089692A8AAE8A328BB68B8144179CFF1FF8
:10AAEC00130C8CDC930C8006314DFD19EFA0CFCFED
:10AAFC0063C4A4006F607FF03389940383270C0236
:10AB0C008355CA015A863E994A85EFF07FB005CD30
:10AB1C00814D05A03384AD038327090303D60B00B5
:10AB2C00D68533F6C9003E942285EFF07FC419E533
:10AB3C00850DEFA06FC9E3CFADFC31A02285EFF0FE
:10AB4C00FFA023040400850455B7EF62DFE74169D9
:10AB5C00AA8A014A179BFF1F130B0BD57D19C14BFA
:10AB6C00054CEFA06FC86344AA006F605FE99309BE
:10AB7C008006B3073A0383290B02BE9983D7E900F9
:10AB8C00638C270163842A016398570103A489030A
:10AB9C0011E44E85EFF0DFC9050AE1B783570401D4
:10ABAC00639977079304C4002685EFA09FF285452F
:10ABBC002A8D2685835C0401EFA03FEF2685EFB03C
:10ABCC004F8262056185635F05028D452685EFA086
:10ABDC00DFED89452685EFA05FED89452685EFA041
:10ABEC00DFEC85452685EFA09FED834705000947DF
:10ABFC0093F7F7076398E70099452685EFA03FEC9C
:10AC0C00A30285014848337D2D01231894016A95D0
:10AC1C0048C40040B5BFEF629FDDEFD03077979707
:10AC2C00FF1F83C767B51775FF1F130565F3A300D7
:10AC3C00F500EFD0202681461306F00F8145014523
:10AC4C00EFD0E0646F60FFDC1797FF1F1307C7A2FC
:10AC5C0018439795FF1F83C525B29797FF1F9387BE
:10AC6C0027B083468703034697036397D5009797CE
:10AC7C00FF1F2383C7B0828083C587010347A703C7
:10AC8C006317B6009797FF1F2388E7AE828003C631
:10AC9C0087016317C7009797FF1F238FD7AC82805C
:10ACAC0083C68701130750026319D700930760020C
:10ACBC001797FF1F2302F7AC828083C68701130608
:10ACCC0060026315D60093077002DDB783C7870156
:10ACDC0055BF9797FF1F9387A7A8D44B0947638E3F
:10ACEC00E606EF62DFD09794FF1F9384A4A43E8402
:10ACFC0083C70400918B95CBEFD050691795FF1F3C
:10AD0C001305C5A3EFD0001981461796FF1F034604
:10AD1C00E6A481450145EFD0805715CD83C70400CB
:10AD2C00ED9B1797FF1F2307F7A08347040093F7AA
:10AD3C00F70F95C391471797FF1F232DF7A2EFF03D
:10AD4C009FEDEFF07FF0414691451795FF1F0345AE
:10AD5C00A5A1EFA0704D6F60DFCB8280EF623FC981
:10AD6C008D474111630FF502C5476304F502854712
:10AD7C00631EF5009797FF1F2382A7A09305001071
:10AD8C001795FF1F0345459EEFA0904041016F6052
:10AD9C005FC885471797FF1F2302F79E9305002076
:10ADAC00C5B79797FF1F9387A79BD44B1147638712
:10ADBC00E600EFD0B05D93050004D9B78544179732
:10ADCC00FF1F2329979A83C7070032C62E8493F757
:10ADDC00F70FCDDF7D141374F40FEFD0305BE3FC71
:10ADEC0084FCB245994703C61500E3F6C7FC090677
:10ADFC001795FF1F1305C5989760FF1FE780E0DBD1
:10AE0C00930500081795FF1F03450596EFA05038D2
:10AE1C005DB7EF62DFBD1797FF1F130767944047BD
:10AE2C00184B1C409796FF1F23A2F6946316E40060
:10AE3C001797FF1F232EF792130584FEEF907FFBCD
:10AE4C00035564FFEF90FFCEEFA01FEF6F607FBC48
:10AE5C00EF62FFB99797FF1F93878790D84BDC471A
:10AE6C0099C3EFF01FFB85471797FF1F2324F7901B
:10AE7C009797FF1F938747809C4393050002179574
:10AE8C00FF1F0345658E83C787031797FF1F230595
:10AE9C00F78EEFA0F02F6F60DFB79797FF1F23A3FC
:10AEAC00A78C8280EF62BFB4A1451795FF1F0345A5
:10AEBC00A58BEFA0104EA1451795FF1F0345C58A22
:10AECC009794FF1F9384C489EFA03031DC4489E749
:10AEDC00EFF03FE06F60FFB303D567FFEF907FC5E6
:10AEEC002A847DD5D84891476310F7029145179570
:10AEFC00FF1F03456587EFA0D04991451795FF1FAC
:10AF0C0003458586EFA0702D89470329440103541E
:10AF1C0004011797FF1F232FF784EFD0304783C707
:10AF2C008401210442041775FF1F130565C31777AD
:10AF3C00FF1FA307F7C26119EFC0D075418081468E
:10AF4C0009469375F40F4A859797FF1F238807824C
:10AF5C00EFD0400E11E99797FF1F83C7679289C7FF
:10AF6C009760FF1FE78040882146A1451785FF1F8A
:10AF7C000345857FEFA0502BB1BFEF625FA793F71E
:10AF8C00052001112E8481CBEFF09FEC134504209A
:10AF9C0005616F601FA893F70510B9C79784FF1F51
:10AFAC009384047CDC48EFF03FCA1787FF1F13071C
:10AFBC00A76C184383C78401034787036316F70004
:10AFCC00DC4499C3EFF0FFE4854793050002178535
:10AFDC00FF1F034565791787FF1F232DF778EFA017
:10AFEC00301B134504106DB793F70508ADC7978751
:10AFFC00FF1F83C7F778E91719469785FF1F9385BD
:10B00C0045781305D10093F4F70F1789FF1F0349F7
:10B01C002977EFF0704593970401C1831787FF1FC1
:10B02C0013078776231DF100231CF1009787FF1F60
:10B03C00938707733ACE3ACAD8432306010009CB4B
:10B04C00DC439315890154080D46E185680082970D
:10B05C001345040835BF93F72500A1CF9787FF1F31
:10B06C0093870770D84B89476304F7029787FF1FB4
:10B07C0083C7476C13F7270001EF918B89CF130619
:10B08C00000A89451785FF1F0345056EEFA0D019EF
:10B09C0013452400F5BD9787FF1F9387E75D9C43FD
:10B0AC0083C787031787FF1F2308F76CEFF09FDF19
:10B0BC00C5B793F7050291C7EFF0DFDE1345040225
:10B0CC00C1BD93F7850091C7EFF09FD8134584005D
:10B0DC00C1B593F7150091C7EFF0BFBF134514002E
:10B0EC0045BD93F7450091C7EFF0BFBE1345440033
:10B0FC0045B593F7050485C39787FF1F83C747663C
:10B10C0081CBEFF05FB191471787FF1F2324F766C0
:10B11C0013450404B5BD93F705010145E38A07E621
:10B12C009787FF1F9387C763D84B9147631BF70221
:10B13C009787FF1F938707609C4313D7270085834E
:10B14C00D98F858B99E3EFD0702491451785FF1F1C
:10B15C0003458561EFA0F02385471787FF1F232B3D
:10B16C00F760134504012DB5EF627F889787FF1FA9
:10B17C0023AE075E9787FF1F23AC075E85471784B6
:10B18C00FF1F1304644F1787FF1F2325F75E1C4016
:10B19C0083C787031787FF1F2300F75EEF901FEB12
:10B1AC0021C19777FF1F23A1A79C1C401705000006
:10B1BC001305E5DC83C787031787FF1F230EF75A98
:10B1CC001777FF1FA30EF7989787FF1FA38A0758BF
:10B1DC00EFA0B0509787FF1F2388A7586F607F831D
:10B1EC00B7C7898E938767ED1777FF1F232EF796C6
:10B1FC006DBFEF62CFFF1787FF1F03476756795468
:10B20C0041E39787FF1F9387A75503C717000507CF
:10B21C009786FF1FA386E65403C717008D46337726
:10B22C00D7029786FF1FA38DE65283C61700178798
:10B23C00FF1F13076744184393F6F60FA9E68347DD
:10B24C0087031787FF1F2309F75285471787FF1FAF
:10B25C002308F7509787FF1F9387C74D9C430144E2
:10B26C00998B99EFC1451785FF1F0345E54FEFA05B
:10B27C00C07685451785FF1F0345054FEFA040712C
:10B28C0022856F600FF983C7170085466395F6001A
:10B29C00834797037DB78347A70365B79787FF1F3E
:10B2AC0083C7074CB1C7EF628FF485451785FF1F25
:10B2BC000345854B9787FF1F2384074AEFA0E07156
:10B2CC0091451785FF1F0345254AEFA0900C91452A
:10B2DC001785FF1F03454549EFA02070C145178511
:10B2EC00FF1F03456548EFA0A06A01456F606FF230
:10B2FC0079558280EF62AFEF2A84035565FFEF909A
:10B30C005F839787FF1F9387A745D847BE840DEBB4
:10B31C00EFA0DFA19C48232004009DE79787FF1F27
:10B32C0023A887449787FF1F23A287448945178545
:10B33C00FF1F03456543EFA0A06501456F606FEDEE
:10B34C00630A87001843E1B780C39787FF1F23A1C7
:10B35C008742E9BF7955DDB7EF626FE99787FF1F29
:10B36C009387475288432326050023240500510563
:10B37C00EF80702C6F60EFE9EF626FE71784FF1FAF
:10B38C00130444501C40411189CF9C472302B50043
:10B39C002AC61CC1EFF05FFC1C409C4B99C3324584
:10B3AC00829741016F60EFE6EF626FE44111444D0B
:10B3BC00328532842EC6EFA0DF822AC42285EFA00C
:10B3CC00BF8303A84400630C0800B24583574400B4
:10B3DC001840224683D54500AA862685029841014D
:10B3EC006F602FE3EF62AFE0404D1DC408C09705BE
:10B3FC0000009385E50213054401EF8070169787D2
:10B40C00FF1F938727489C43014589E79787FF1FB8
:10B41C0023AA87466F60EFDF7D55EDBFEF622FDD0E
:10B42C00011168009305F00F02C602C802CA02CCD3
:10B43C0002CEEFF07FF405616F60AFDD9787FF1FE1
:10B44C00938747449C43D847A1679D076311F70234
:10B45C00EF62EFD901113285EFA0AFF8230AA100FA
:10B46C0081456800EFF05FF105616F608FDA8280D3
:10B47C009787FF1F938707419C43D847A167938702
:10B48C0077036311F702EF628FD601113285EFA0BB
:10B49C004FF5230AA10081456800EFF0FFED05612F
:10B4AC006F602FD782809787FF1F9387A73D9C43A0
:10B4BC00D8479547631CF702EF626FD301113285B1
:10B4CC003284EFA00FF2230AA1002285EFA0CFF265
:10B4DC0083574400231BA10081453ECC1C406800CF
:10B4EC003ECEEFF07FE905616F60AFD282809307AB
:10B4FC0085FF89CF8327C5FF91CBDC4B81CBEF62D6
:10B50C000FCF032585FF82976F60AFD08280EF62EB
:10B51C000FCE2A843285EFA0CFECBD4763EBA7009A
:10B52C0018449377F5000345B70041995D8DA30549
:10B53C00A7006F600FCEEF628FCB01117C003ECA6B
:10B54C00B70707003ECC7C003ECE5C4D8DCF2A84E5
:10B55C0013858700AE84EF805002A1652A899D0572
:10B56C004808EF801FD09305803EB345B9024808C8
:10B57C0093F5F50FEFA08FDC014781465008A685A7
:10B58C002285EF805FEE05616F60AFC8EF622FC65A
:10B59C00EFF07FFA6F60EFC7EF626FC501117C00AF
:10B5AC00AE843ECAA165B70707002A843ECC480882
:10B5BC007C00938575033ECEEF80BFCA1C444808BF
:10B5CC0083C5B700BD89EFA06FD7500801478146EE
:10B5DC00A6852285EF803FE905616F608FC3EF621E
:10B5EC000FC12A84AE84EFF09FF2A6852285EFF07E
:10B5FC00BFFA6F600FC2EF628FBFEFF0FFF96F60A1
:10B60C004FC1EF62CFBE0329C5014111630409028A
:10B61C002A843285B284EFA0CFDC2AC62685EFA01F
:10B62C00AFDD832749002A8691C7DC4781C7B24525
:10B63C002285829741016F60CFBDEF624FBB444DB5
:10B64C0081CC2A843285EFA02FDBDC40AA8589C708
:10B65C009C4799C3228582976F60AFBBEF628FB70F
:10B66C00032AC501411163030A062E89AA84954554
:10B67C0032853284EF80FFBE85452285EFA08FC7CF
:10B68C00AA89CA852285EFA0AFCC83274A009DC723
:10B69C00DC438DC72285EFA06FC483274A0010407E
:10B6AC0083564400DC437115A307A100B29613071F
:10B6BC00F1004E86CA852685829701C52380090034
:10B6CC0031A08345F1002285EFA0CFC241016F600C
:10B6DC00AFB3EF62CFB165711C083EC2B7078001F2
:10B6EC003EC41C0832893EC62A84AE84EFF07FF13A
:10B6FC004A85EFA06FD08357A10089CFAA8550004F
:10B70C002285EFF0BFF5014781465000A6852285C2
:10B71C00EF807FD559616F60CFAFEF62AFAB6571D2
:10B72C001C088329C5013EC2B70780013EC41C0812
:10B73C002A84AE8432893EC6EFF03FF0638409025E
:10B74C004A85EFA06FCB8357A100AA8581CF50000B
:10B75C002285EFF0BFF0014781465000A685228577
:10B76C00EF807FD059616F602FAAEF624FA865718F
:10B77C001C083EC2B70780013EC42A841C083285CF
:10B78C003EC6AE84EFA04FC78357A10089CFAA85D0
:10B79C0050002285EFF09FEC014781465000A685B2
:10B7AC002285EF805FCC59616F60AFA6EF622FA44A
:10B7BC00444D91E88347450093B71700B307F04019
:10B7CC003E856F600FA51845FD577DDB9707000080
:10B7DC00938707032A845CCB97050000938565D17A
:10B7EC0013858400EF80C05780C003474400814715
:10B7FC0061FB1787FF1F23299708D9B7EF628F9D2D
:10B80C008329C5014111032985008147638B0908F0
:10B81C000324090191452A8A2285EF809FA485453E
:10B82C002285EFA02FAD8945AA8A2285EFA08FAC87
:10B83C00AA84EF80BFA883A749002A8B9DC79C438D
:10B84C008DC72285EFA08FA983A74900A306A1006D
:10B85C001040835644009C431307D100B296D68502
:10B86C001306E1005285829709CD83570B00238084
:10B87C00F400A183A380F40023800A00A306010036
:10B88C0029A88357E10022852380F4008345D10049
:10B89C00A183A380F400EFA0EFA58347D100B337B9
:10B8AC00F0000347B900920701453D9BD98FA305D2
:10B8BC00F90041016F604F95EF626F9341111DE9E3
:10B8CC009787FF1F938747FC804305C804401309E3
:10B8DC0084009DC55C4099C79C4B89C726852EC6A4
:10B8EC008297B2459307803EB385F5024A85EF8077
:10B8FC00005321A0404DAA8479F841016F606F91EB
:10B90C004A85EF8040535C40EDDBDC4BFDD7268550
:10B91C008297E5B7EF62AF8D2A843285EFA06FACCA
:10B92C00AA852285EFF05FF96F60AF8EEF622F8CE6
:10B93C002A84AE84EFF01FFEA6852285EFF0BFBFF0
:10B94C006F602F8D08413355B50005898280EF62F9
:10B95C000F8A1784FF1F130424F51C5C0111231795
:10B96C0001008D83858BA303F1008327040B23181F
:10B97C0001002319010003D7C7013ECA3C00231460
:10B98C00E1007D572315E1000357C4023ECC02CEE3
:10B99C002316E100EF808FF58357E101231EA100F0
:10B9AC0093F707E093E71710231FF1009787FF1F0A
:10B9BC0083C727F285C305470145638AE7008347A0
:10B9CC00840393E727001787FF1F230BF7F005610C
:10B9DC006F602F8481471717010013076733854663
:10B9EC001306710085454808EF70204B6DF18347B5
:10B9FC008403F59B1787FF1F2304F7EE85471787F2
:10BA0C00FF1F2308F7ECE1B7EF527FFB978DFF1F69
:10BA1C00938D8DE903A6CD0639712A89814781441E
:10BA2C00930600023357F600058B01C7850493F487
:10BA3C00F40F8507E398D7FE83A70D0B231701029C
:10BA4C002318010203D7C7013EDA3C102314E1028C
:10BA5C007D572315E10203D7CD023EDC23190102E9
:10BA6C002316E10202DEEF806FE88357E103231E09
:10BA7C00A102014593F707E093E71710231FF1028A
:10BA8C009787FF1F83C7E7E4A9EF9787FF1F83C73B
:10BA9C0037E53EC69789FF1F938909E10144014DA3
:10BAAC009D4A054B954B178CFF1F130C2CE7978C5D
:10BABC00FF1F938C2CE603DAC90563090A00EA859B
:10BACC00631459036685EFF0FFE71DC1050DA1470F
:10BADC008909E312FDFE2DE09787FF1F23AE07E2D5
:10BAEC00014521616F507FF16285EFF0BFE579DD93
:10BAFC003247B3878400E3F0E7FE9C001306140082
:10BB0C0006043E9413178A0093578A00D98FC207F4
:10BB1C00C183A30EF4FCA183230FF4FC03A70D0730
:10BB2C00B317AB01D98F1787FF1F2327F7DE6304E9
:10BB3C007601328461BF15449787FF1F83C747D9AD
:10BB4C00138717009786FF1F2384E6D893161400DB
:10BB5C00230EF100171701001307871B8147850679
:10BB6C007008CA854818EF704033E34705F68347E1
:10BB7C00C10105451787FF1FA30CF7D49787FF1F3B
:10BB8C00238927D5B9BFEF52FFE40111AA892E846E
:10BB9C00EFD0AFA62A899784FF1F9384E4D06399D2
:10BBAC00090A9C5C414793F707036393E70A1787DD
:10BBBC00FF1F034757D2894763ECE70883A7040BA1
:10BBCC00231701002318010003D7C7013ECA3C000C
:10BBDC002314E1007D572315E10003D7C4023ECCAA
:10BBEC00231901002316E10002CEEF802FD0231E73
:10BBFC00A100EFC02FD78357C101230FA10091469D
:10BC0C0013D78700A207D98F2312F1009787FF1F44
:10BC1C0083D727CD13D78700A207D98F2313F10021
:10BC2C00171701001307470E814750009545480828
:10BC3C00EF70A02605889317240003C484036D9825
:10BC4C005D8C9787FF1F238D87C805616F50DFDBE5
:10BC5C00EF7090761785FF1F130505C9EF80A01DA7
:10BC6C0083A7040B9785FF1F83D5C5C603D5C701D2
:10BC7C00EF1020279787FF1F83C787C693F607020D
:10BC8C00014789E61787FF1F0357C7C49786FF1F15
:10BC9C00239AE6C41787FF1F1307C7BF184309CBA6
:10BCAC00C18B99C789451785FF1F0355A5C20297FC
:10BCBC009787FF1F23A007C29787FF1F238B07C0FF
:10BCCC009787FF1F23A807C49787FF1F23A607C4C6
:10BCDC009787FF1F23A407C483D7840393F7270CEC
:10BCEC0093E717001787FF1F231CF7BE8357290301
:10BCFC00A18B99C3EF70203F11C49787FF1F23A717
:10BD0C0007BCA1B78D471787FF1F2321F7BCEF9006
:10BD1C008FB19305803EB305B5021785FF1F130540
:10BD2C00A5BCEF80C00F15B79787FF1F9387C7B7C8
:10BD3C00D85325C791C99787FF1F238C07B89787BE
:10BD4C00FF1F23AB07BC8280EF527FCA83C7F70269
:10BD5C0041112EC685071787FF1FA30EF7B69787CD
:10BD6C00FF1F2392A7B89D471787FF1F2320F7B605
:10BD7C00EF906FAA2A84EF900FAAB24501E5EF90DD
:10BD8C008FA9AA85B305B4401785FF1F1305C5B548
:10BD9C00EF80E00841016F50DFC782809787FF1F5B
:10BDAC00938787B0D85331C7EF527FC403C7F702CC
:10BDBC0005079786FF1FA380E6B211CD8C5F0D4758
:10BDCC000145898185899786FF1F23A1E6B0EFF095
:10BDDC009FDB6F501FC485479305C0441785FF1F19
:10BDEC00130585B01787FF1F2322F7AEEF802003C2
:10BDFC00CDB78280EF52BFBF1787FF1F034767ADD8
:10BE0C008547631EF7009787FF1F9387E7A983C7B2
:10BE1C00870393C787001787FF1F2303F7AC17858A
:10BE2C00FF1F130565ACEF800001EF80DFFB994726
:10BE3C001787FF1F232CF7A89787FF1FA38D07A831
:10BE4C009787FF1F238707A8EF900F9C9307400647
:10BE5C003305F5029787FF1F23A0A7A86F507FBB60
:10BE6C009787FF1F83C7C7A7C18B99C7EF523FB8EE
:10BE7C00EFF0FFAD6F50FFB9695582809787FF1FB8
:10BE8C00938787A2DC5381CBEF527FB68545EFF0C9
:10BE9C009FCF6F501FB882801787FF1F1307C7A053
:10BEAC0001468146BA852148631E06019DCA23902E
:10BEBC00A60083C7850393E717001787FF1F23018D
:10BECC00F7A205A08357C705631DF502F8598547EE
:10BEDC00B397C70093C7F7FFF98F1787FF1F232F5F
:10BEEC00F7A29C5D9183858B85C79787FF1F83C7BE
:10BEFC00479E99EFEF52BFAF1D45EFF0FFB06F506B
:10BF0C005FB181E699E39306C7050506090769BF8A
:10BF1C008280EF525FAB8605AA84B309B500978A7D
:10BF2C00FF1F938A2A9F054B978BFF1F938BCB9EEA
:10BF3C00214C639434039787FF1F9387E7969C5F8C
:10BF4C009183858B89CB9787FF1F83C7879881E760
:10BF5C002145EFF07FAB6F509FAA03DA0400630B0F
:10BF6C000A041789FF1F130929940144CA8C8357AB
:10BF7C00C905639D4703A2855685EFF0BF9C11E56B
:10BF8C00A2855E85EFF01F9C05C903A74C07B3176C
:10BF9C008B00D98F1787FF1F2322F79883C78C0339
:10BFAC0093E717001787FF1F230CF7920504090965
:10BFBC00E31F84FB8904B5BF231E0904C5BF178783
:10BFCC00FF1F034707918547631AF700EF523FA203
:10BFDC00EFF05FE2EFF0BF976F50BFA38280814715
:10BFEC0085451306000293861700B397F500E98F79
:10BFFC0013F7F60F89E7B687E397C6FE01473A8534
:10C00C008280FD4785457D56B396F5001387170052
:10C01C00E98E1377F70F89E6FD17E397C7FE014703
:10C02C003A85828089E901473A85828001473A85C1
:10C03C0041016F501F9EEF529F9B41112AC62E85C6
:10C04C002EC4EFF0DFF9A2457D158547B397A70005
:10C05C00E39EF5FC32469377360099C3719A11062C
:10C06C009787FF1F9387078494433E871788FF1F8A
:10C07C001308888289EA832708009107F19B978629
:10C08C00FF1F23A1F682032588001843B307A700DE
:10C09C00B3F7B702B387F540FD15FD8D8327480034
:10C0AC00AA95B306B600E3F3F6F8E371D5F82E972C
:10C0BC009777FF1F23A6D77E3DDB3A858145EF504E
:10C0CC001F962A87ADB718419777FF1F9387C77CB8
:10C0DC0023A4070098C35841D8C39777FF1F23A305
:10C0EC00077C8280EF521F8FAA8401441779FF1FAF
:10C0FC001309897B9309400EEF80DFE16345A400AF
:10C10C0001456F507F90330534038327090B3E950F
:10C11C008357C501E38797FE0504F9BFEF52BF8A29
:10C12C009779FF1F938949783E84BA848347060028
:10C13C0003A7090041119D83058B3D8F83C74401E3
:10C14C00AE8A2A89F99BD98F238AF4001C44B685C0
:10C15C00231204001CC02285328A36C6EF909F99A8
:10C16C00B246D2853686EFE03030DC4883A5090034
:10C17C000840858B56869D8DEFD09FD361E9184082
:10C18C007D558347570003476700A207D98FC20725
:10C19C00C1872394F4006358F00A83C7440193F7D2
:10C1AC000703B5CBD0489377160003A609001D8E64
:10C1BC009787FF1F938707A69C43ADEB814641A051
:10C1CC0003A70B0093172A00BA9718409443834790
:10C1DC0057008345670033F65601A207CD8F6311D4
:10C1EC00F602834737000346470003472700A207A0
:10C1FC00D18F4207D98FBD82B3F76701638AF604EA
:10C20C00050AEF803FD0420593170A014181C18393
:10C21C00E3E8A7FA41BFA16A370B0200014A977BFA
:10C22C00FF1F938B2B76FD1A7D1BE1BF83C7440147
:10C23C0013070003854693F70703E391E7F8A285FC
:10C24C004A85EFD05FD741016F506FFB6155E5BF59
:10C25C007955D5BFEF520FF89774FF1F9384044D97
:10C26C009C40D9EF9777FF1F938787629C43639914
:10C27C00070CEF803FCB930780023305F50289450D
:10C28C00EFF05FDA41C99777FF1F23A5A76CEF800A
:10C29C007FC89307400E3305F5029145EFF09FD808
:10C2AC0035C99777FF1F23A9A76AEF80BFBE01CDC1
:10C2BC00EF805FBE91450E05EFF0DFD621CD97776D
:10C2CC00FF1F23ADA768EF807FD711CDEF801FD75D
:10C2DC00D9473305F5028945EFF0DFD405CD9777C3
:10C2EC00FF1F23A7A766EF80FFC191450A05EFF05A
:10C2FC007FD30DC19777FF1F23A6A768014521A8FF
:10C30C00EF809FCE930780063305F5029145EFF041
:10C31C007FD101E565556F502FEF9777FF1F23A550
:10C32C00A75A0144130A80061779FF1F1309C9572E
:10C33C00B14AEF807FCB6364A4029C40E38407F294
:10C34C00EF809FCA9307A0043305F5028945EFF0EF
:10C35C007FCD69D19777FF1F23AAA76219BFEF8002
:10C36C00BFC789450605EFF0FFCB4DD5B309440394
:10C37C00032709024E9708CBEF801FC533055503E1
:10C38C009145EFF03FCA59D5832709020504137470
:10C39C00F40FCE9788DB71BF9777FF1F9387C75039
:10C3AC00884705898280C167FD176319F500977767
:10C3BC00FF1F9387674F03A5070B8280EF522FE374
:10C3CC00EFF05FD26F50EFE4814709C58347E50179
:10C3DC00B337F0001777FF1F1307074D1847098372
:10C3EC00058B19C393E727003E858280EF522FE01F
:10C3FC002A84EFF07FFD8347E401AA851305940896
:10C40C0099E3130504039776FF1F9386E64994423C
:10C41C00130615021307840213059504EFD02FC8D9
:10C42C006F502FDFEF520FDB9774FF1F9384C447BD
:10C43C0098442A892E840983058B9C4019C7631460
:10C44C00F5006380050E014401A2E3FEA7FE1387ED
:10C45C00A702E36AA7FE850763FCA70883A9440B20
:10C46C00EF805FA31316350081454E85EF502FDB0F
:10C47C009777FF1F23AA27439777FF1F23A807420D
:10C48C0049CC9C4493E747001777FF1F2322F742C0
:10C49C009777FF1F23860748630F040C9777FF1FBE
:10C4AC0023A4274101440549EF80DF9E6341A40A80
:10C4BC00EF805FA193050006B3C5A502B7F7360060
:10C4CC00938707E81775FF1F1305C545416901449C
:10C4DC009309400E7D19B385F502EF705014EF806F
:10C4EC007FA3634FA4080145EF30806F0544A9A8D2
:10C4FC006398A7029DE583A9440BEF80BF9913169F
:10C50C00350081454E85EF508FD19777FF1F23ADB6
:10C51C0027399777FF1F23AB07389C44ED9BADB7AA
:10C52C0085C51777FF1F0347A73F9307F005E3FC6B
:10C53C00E7F021F8EF60303C6DD19C4493E70702A3
:10C54C001777FF1F2326F73622856F50EFCB83A773
:10C55C00440B131534003E958357050081CB83475C
:10C56C00250099C721468145EF506FCB05042DBF9F
:10C57C0023012501E5BF9777FF1F23A907320DBFC4
:10C58C003305340383A7040B3E958357C50163849D
:10C59C002701EFF0BFE5050499B7EF524FC5EF80C7
:10C5AC007F92130400063345A4029774FF1F9384F3
:10C5BC00A42F83C784073E951375F50F9777FF1F3C
:10C5CC002380A7369307F00563E7A7020545EF30F4
:10C5DC002061EF803F8F3345A402B7F53600938579
:10C5EC0005E8B305B5021775FF1F1305A533EF70EA
:10C5FC0010036F500FC29C4405458983858B81CBFA
:10C60C00EF908F9288408145EFF0DFE1DDB7EF309E
:10C61C00205DC5B7EF520FBC130495082A89130689
:10C62C009005A28513050503EFE000641306900541
:10C63C0081452285EF50AFBE4A85EF3000548144CE
:10C64C00177AFF1F130A4A26930A8002EF809F8DE8
:10C65C0063C4A4006F504FBB338454038327CA0AAE
:10C66C003E94035704008357C9016317F7028347AD
:10C67C0044009DC3930964014546CE8513055400BF
:10C68C00EFE0805E454681454E85EF504FB92285DF
:10C69C0023020400EF30405685044DBFEF522FB5F6
:10C6AC009777FF1F938787089C432A8491C70DC5F2
:10C6BC000355C501EFE06FC99777FF1F9387875527
:10C6CC009C4389CBEFB09FDA85476315F500228533
:10C6DC00EF50005D6F50EFB341657D15E1BFEF5238
:10C6EC000FB11774FF1F1304241C444093871400CC
:10C6FC001777FF1F232CF71AEF30A05D1C4489839A
:10C70C00858B9DE75840B7E7B0009387075063F1DE
:10C71C00E7020145EFF01F9D01CD0545EF90CF805D
:10C72C00084085450505EFF0FFCF0145EFF01FF7F9
:10C73C0026856F500FAEEF52EFA9A1642A890144F0
:10C74C009779FF1F93890924FD14338AA500EF8084
:10C75C006FFB6344A4006F502FAB03A70900931722
:10C76C002400BA979843658F42074183634C270195
:10C77C00635A470123800700A38007002381070029
:10C78C00A38107000504E1B7EF526FA3835945005D
:10C79C00C547411163F537310441C1E53385340197
:10C7AC00834785FF034795FF0348B5FFA207D98F41
:10C7BC000347A5FFC207220733670701D98F034739
:10C7CC00C5FF0348D5FF2207336707010348E5FF80
:10C7DC000345F5FF420722083365A800498FB98F3E
:10C7EC001777FF1F1307C7171778FF1F1308481970
:10C7FC003A85832807006384172B1107E31B07FF77
:10C80C001777FF1F1307C7171843131827004295F4
:10C81C001CC10507A1473367F7029777FF1F23A1B8
:10C82C00E71693F735001397470083474601C16B12
:10C83C00368993F7F7FCD98F32842E8A230AF600B7
:10C84C00814A177CFF1F130C2C06FD1B977CFF1FC6
:10C85C00938CCCED177DFF1F130D4D13EF808FEBD9
:10C86C0063C7AA00E154268541016F500F99130844
:10C87C00400EB3870A0303280C0BB30DF800638E2C
:10C88C000D2083D7CD01638A772183A70C00014B40
:10C89C00639707169777FF1F938787FF9C436390D7
:10C8AC00071683C7040003C70D0493F7F707631B30
:10C8BC00F71ACA872287CE86268693859D0613850E
:10C8CC001D04EFF0BF85631F051883D7CD01032727
:10C8DC0009002320B4012312F400FD572313F400A4
:10C8EC008347170093F6F7078347D40093F707F8AD
:10C8FC00D58FA306F40093F7F707B337F000B3070F
:10C90C00F0402307F400834717009D83939637006C
:10C91C0083474401DD9BD58F230AF40083473700FE
:10C92C0083464700A207D58F83462700C206D58FC2
:10C93C001CC88347770003478700A207D98F2315AC
:10C94C00F4000D476304EA00BD5491DF9387071090
:10C95C00C207C1831307B00FBD54E376F7F0EF8025
:10C96C006FD58144E31105F09776FF1F83C6C6018E
:10C97C00938716001777FF1F2308F7001777FF1F01
:10C98C0013074700231BD400939726001443035727
:10C99C008400E175BE96A1671386F7FFB377C700D5
:10C9AC0098426D8FD98F9CC21848F18F3E07D98F52
:10C9BC009CC2EF802FD59777FF1F83C7E7FC33F519
:10C9CC00A7029777FF1F2381A7FC71BD9307A004D3
:10C9DC00B308FB0283270D00BE9803D7080083D74A
:10C9EC00CD01631DF70083C7040003C7880093F7CC
:10C9FC00F707630BF70083C7FD019DEB050BEF8079
:10CA0C00AFDEE345ABFC71BD9385980113859800AF
:10CA1C00CA872287CE86268646C6EFF02FF0B2480C
:10CA2C0079F98347440193E74700230AF40071BD69
:10CA3C0083C7040003C7980293F7F707E310F7FCCA
:10CA4C00CA872287CE8626869385A8031385A802DB
:10CA5C00EFF0CFEC45F58347440193E72700230A19
:10CA6C00F400C1B783C7FD018DCB83C7040003C796
:10CA7C009D0993F7F7076312F702CA872287CE86C0
:10CA8C00268693852D0C1385AD09EFF02FE911E562
:10CA9C008347440193E7270049BF850AC1B3FD547E
:10CAAC00D9B3EF425FF2797183544500AA8B2E847F
:10CABC00B28AEF802FC8590563469504EF808FC763
:10CACC00590542054181EF8010382A8905CD2AC6C7
:10CADC0023180100EF800FC659052319A1006146E8
:10CAEC00814528089779FF1F938909DC4ACAEF40D2
:10CAFC001FF32302810203A48900058819E44A85E7
:10CB0C00EF80502F45616F409FEF74003008D68541
:10CB1C005E85EFF07FC765F56800EF809FFB177AA5
:10CB2C00FF1F130A2A0F83270A00AA84035B010143
:10CB3C0089CB89476397FA00835501025E85EF50D4
:10CB4C00C02F03552102EF700FDB19E503552102AD
:10CB5C00EF704FE73334A0008347C1021A042C084E
:10CB6C0093F7F7FB5D8C680023068102EF6070562B
:10CB7C00E9576314F5028356E1029777FF1F9387F9
:10CB8C0067E09C43139726006176BA979843718FA0
:10CB9C0098C39777FF1F2389D7DE8317210263453C
:10CBAC00F00085476396FA00B25793F7070CA1FB88
:10CBBC00D247C2040347C102C180BE9426C62318C3
:10CBCC00610113770703C147631CF70083475102C8
:10CBDC00054793F7F707E384E7F2EFB0AFD835A832
:10CBEC0092570544A18393F7F707E37AF4F06305B2
:10CBFC0007108347C1021307000293F707036397DB
:10CC0C00E700EFB0BF868547E31BF5EE8347C10213
:10CC1C0093F70703F9F3EFB0AFE4AA850146054596
:10CC2C00EF80EF862A84E30C05EC8347C102414771
:10CC3C0093F707036384E70232478347170093F7A0
:10CC4C0007F8A300F7003247925783461700A183D9
:10CC5C0093F7F707FD17D58FA300F70003560101D3
:10CC6C00B245130BC4005A85EF807FEBE24A1306E2
:10CC7C0090058347C10283C4EA01918BB384C4023B
:10CC8C0013851404569595C35444B3879A0083C7EF
:10CC9C00070403C70600137707F82380E6005844FF
:10CCAC0083460700D58F2300F700B25703A609006F
:10CCBC008146858B1D8EDA85EFD02FA515E9B257ED
:10CCCC0083A50900484413869406858B56969D8D42
:10CCDC00EFD00F9E11ED83270A0085EBB257054765
:10CCEC0091838D8B6380E706A1CB09476382E706AE
:10CCFC002285EF906F8421B5EFB00FD4E30B85EE56
:10CD0C00EFB0CFF6E31D85DEEDB5EFB02FF685471E
:10CD1C006309F5008347C102414793F70703E39F7B
:10CD2C00E7FA835521025A85EF40907C45D9831749
:10CD3C002102E355F0FA6DBFEFB00FD07D1513351E
:10CD4C0015005DD5014681452285EF701FFD4DB75D
:10CD5C00EFB0CFF1E5B7EF429FC99774FF1F9384F3
:10CD6C0024B62685EF801FF62A8419E16F407FCA0E
:10CD7C001305C40005468145EFF0BFD22285EF8034
:10CD8C00BFFBC5B7EF42BFC64111AE842A849307DF
:10CD9C009503130715019306F10005466C002685D3
:10CDAC0023060100EFD0EFC61DEDA6854146228576
:10CDBC00EFD0906B8347F10093051402268523086E
:10CDCC00F400EFD08FD005E19777FF1F938787E4AE
:10CDDC009C4389EF13069404970501009385C5F3D2
:10CDEC002685EFD0AFDC41016F40BFC21306940221
:10CDFC00970501009385C5F22685EFD02FDB79D9F5
:10CE0C00DDB7EF423FBD9777FF1F9387A7B78043EE
:10CE1C00AE84B289368AAA8AEF80CF8E131625008B
:10CE2C0081452285EF40BFBF9777FF1F238E07B444
:10CE3C009777FF1F938747A703A4070B13F71400DB
:10CE4C003E89230FE400CE8525C713059408EFF027
:10CE5C007FF301C555556F403FBB8947A30FF400C5
:10CE6C009777FF1F938707DB9C43032789008580F7
:10CE7C0093B7170086072300F402231E54019777FB
:10CE8C00FF1F23A347A385889377B7FF99C09367A8
:10CE9C0047001777FF1F232DF7A022859307000665
:10CEAC001777FF1F230EF7A6EFF04FD4014565B798
:10CEBC0013050403EFF01FED45D569BFEF423FB3F7
:10CECC00FD572310F5002311050023120500231331
:10CEDC0005001306200481452105EF405FB46F4027
:10CEEC005FB3EF423FAF4111AA8401441779FF1F92
:10CEFC001309C9A99309A0042EC6EF80EF8EB24581
:10CF0C006344A40061550DA0330534038327090045
:10CF1C003E9583572500639CB700835705006398A3
:10CF2C009700EFF0BFF9014541016F40FFAD0504DB
:10CF3C00E1B7EF423FAA9777FF1F938767959C4312
:10CF4C004111AA842E84B28903592500C1C3977755
:10CF5C00FF1F83D72798639B2707EF702F992A8988
:10CF6C0003D5240093051002B305B40285472302B0
:10CF7C00F10093578900A302F10093578500A30396
:10CF8C00F10083D744002304A100254613D7870062
:10CF9C002305F10083D76400A304E1004E8513D769
:10CFAC008700A305E1002306F10013879500938702
:10CFBC009501A105B386B400A6974C0026972303D0
:10CFCC002101EFD00FA541016F401FA4EF700F920C
:10CFDC0051BFEF423FA04111AA8401441779FF1FB2
:10CFEC001309C99A9309A0043AC636C432C22EC09A
:10CFFC00EF709FFF82451246A24632476344A4005D
:10D00C00615599A0B307340303250900AA9703D8E7
:10D01C00070003D5C4016310A80495E91DEE91CA5D
:10D02C0003C6E401930510023306B60225063E96AC
:10D03C0090C2014511CB83C6E40113061002B386DE
:10D04C00C602E506B6971CC341016F40FF9B03D592
:10D05C002700E305B5FC050441BF83C5E4011305B6
:10D06C001002B385A502BE9583C585002300B600CA
:10D07C007DB7EF423F965C4141112A8403DA2700C9
:10D08C00C167FD17AE843289630CFA002685EF80E8
:10D09C00FFA48D4763EDA7007D5541016F40DF96DE
:10D0AC002E85EF80BFA39D47E3E2A7FEF5B75C405A
:10D0BC00268583D54700EF801F9B835584002685EA
:10D0CC00EF807F9A8D452685EF80BF98AA89EFF077
:10D0DC000FE1935705012380F90093578500A38036
:10D0EC00F9002381A9005840C167FD178345A700AB
:10D0FC006314FA0093E505082685EF809F999767DE
:10D10C00FF1F9387E7789C430840D9CF8347B4002F
:10D11C00858BD9CB78003400130671008145EFF074
:10D12C005FEB1DC98347B400184093069005F99B2B
:10D13C00A305F4008347E701B387D702B306F700D2
:10D14C0083C60604A303D10093861704938797061E
:10D15C00BA96BA9736C43EC61764FF1F1304C4743C
:10D16C001C440C4026858983858B9D8D83477100DB
:10D17C009E05DD8D93F5F50FEF80BF911C4410409B
:10D18C0022458983858BCA861D8EA685EFC0FFD765
:10D19C00E31505F01C440C40324689838840858B8E
:10D1AC009D8DEFC0FFD0D5BD8347B400130790050C
:10D1BC00F99BA305F4008347E501B387E702330726
:10D1CC00F50003470704A303E100138717049387B3
:10D1DC0097062A973E953AC42AC6BDBFEF428FFFE9
:10D1EC00032A45009307F00FAA840347AA00AE89CF
:10D1FC00328436896316F700EFB0EFB52305AA0029
:10D20C00938AC9000146D6852685EFF09FE62A8AC7
:10D21C0021E51777FF1F1307E79F1843DC4039C33D
:10D22C0083C6A7000547638FE60283D54700568562
:10D23C00EF40102C05C9DC40839747006354F00283
:10D24C0001CC1C4089C74A868145014582975C40C8
:10D25C0081C7CA85014582974E85EF80FFAD528507
:10D26C006F408FFADC4003D54700EF60DFE801E93F
:10D27C00DC4003D54700EF60FFF481471DCD19C496
:10D28C001C4089C74A868145014582974E85EF80AF
:10D29C00FFA9AA851765FF1F13058562EF805FA0A4
:10D2AC0011C45C4081C7CA85014582971765FF1F71
:10D2BC0013054560EF6050358547D84085460346D9
:10D2CC00A700E30BD6F8031747006353E000C9F738
:10D2DC004A86A2854E85EF705FA4BDBFEF428FEFEB
:10D2EC00AA8401441769FF1F1309496A9309A00412
:10D2FC00130A9508EF705FCF6344A400014535A075
:10D30C0033053403832709003E958357250099E3A1
:10D31C000504CDB70357050083D7C401E31AF7FE04
:10D32C0052868545EFF0FFC065D56F40EFEDEF42BB
:10D33C006FEAAA8401441769FF1F13092965930931
:10D34C00A004EF707FCA6344A4006F40EFEB330579
:10D35C003403832709003E958357250081CF8357DB
:10D36C000500639997009305950213061002210599
:10D37C00EFD0900F0504F1B7EF426FE70347E501DB
:10D38C002A848347F5016307B70089E781452E8519
:10D39C006F402FE8230FB400054781C9E398E7FEDF
:10D3AC008947A30FF4008545DDB7638BE702094776
:10D3BC00E39FE7FC2285EFF0EFA59767FF1F9387AC
:10D3CC00274D9C4399E79767FF1F938727369C430C
:10D3DC0089C70355C401EFF09FF5A30F0400E1B713
:10D3EC0055D6C9BFEF420FDFEFA07FF98547631217
:10D3FC00F508EF80EFD71774FF1F1304A4811C40AE
:10D40C0081CBEFB0AF8689476304F5001C4082974F
:10D41C009767FF1F9387C7479C43B9CF829797673E
:10D42C00FF1F9387A7309C4391C382971764FF1FFC
:10D43C00130484478327040B83D4C701EF601FCBED
:10D44C008327040BAA85144003C6E7011C44898377
:10D45C00858B99C31366260026854169EF40C03D34
:10D46C008144D9497D19EF707FBD63CAA4006F4018
:10D47C00AFD9EF800FD541B7EF707F954DB7B3871C
:10D48C0034030327840ABA9703D5270063082501C0
:10D49C0003C6470183D50700EF40A03B8504E1B7E5
:10D4AC00EF424FD301449764FF1F9384E43F130969
:10D4BC00400EFD59EF701FA6634FA40401449764FE
:10D4CC00FF1F9384643E13098002FD59EF709FA5E2
:10D4DC00634CA40401449764FF1F9384E43C5949B2
:10D4EC00FD59EF70BFB5634AA40497F5FFFF938510
:10D4FC00050B1765FF1F1305E542EF6070069705D6
:10D50C000000938585851765FF1F1305A53AEF600D
:10D51C00F0036F406FCF3307240383A7040B05047C
:10D52C00BA97239E370179B73307240383A7C40A1C
:10D53C000504BA972390370151BF3307240383A7FF
:10D54C00840A0504BA972391370161BFD44103873C
:10D55C00350085473356F5026377E600A54899E711
:10D56C00238006008280B387E702EDB73358F502BB
:10D57C00038735003375F502B3D7E70213070003B1
:10D58C0063DA080103C6050013077003118A19E258
:10D59C001307700585064297A38FE6FEC9B7184599
:10D5AC001C416376F7005C41BA972380B7001C4599
:10D5BC0085071CC58280EF428FC34111AA872E8537
:10D5CC00B285368636C6829763480500B246158DFD
:10D5DC003335A0003305A04041016F408FC3EF42AB
:10D5EC006FBF056941112A8A232006000144814935
:10D5FC00976AFF1F938A0A3C056B7D1932C62EC4AD
:10D60C00EF705F92AA84EF70FF902695A245324688
:10D61C006346A4004E8541016F400FBF03A70A006B
:10D62C0093171400BA9703D707003377670101E704
:10D63C001CC20504E1B703D707009356D700858AAF
:10D64C00E39946FF33772701E315B7FEBE89D5B7BB
:10D65C00EF42EFB901112EC6B2843689EFB0AFF8A4
:10D66C002A84615501C8B24589E9232E0400232080
:10D67C000402014505616F40CFB9A1463008CA8547
:10D68C002685EFF05FF37DF5835781010357A101E8
:10D69C00231EF4008357C1012310E4022311F4026A
:10D6AC008357E101D207D1832312F4028357E1019E
:10D6BC001397370163560700FD57231FF4005DBF16
:10D6CC00231F040045BFEF42EFB01764FF1F130484
:10D6DC00A41D8327040B03D7C701C167FD17630E75
:10D6EC00F7109767FF1F938727539C4381C7054506
:10D6FC00EF406077C1690149930A400EFD19176B21
:10D70C00FF1F130B2B51EF70FF80634BA90E176794
:10D71C00FF1F0347E7209307F00563E4E702EF7070
:10D72C006FFA93050006B3C5A502B7F736009387C9
:10D73C0007E81765FF1F1305E51EB385F502EF60BB
:10D74C00006E81451705000013058520EF70CF8A08
:10D75C00EFB06FE901CD0357C50109CB0357E501C4
:10D76C0011C78347050299C3EF60006AEFB0EFE879
:10D77C0031C51767FF1F034767279767FF1F9387FD
:10D78C00E7260DCF03C717002304E50003C72700C6
:10D79C00A304E50003C737002305E50003C74700D2
:10D7AC00A305E50003C757002306E50003C7670080
:10D7BC0083C77700A306E5002307F5001C4493E715
:10D7CC0017001767FF1F2325F70E5C4085E7EF70E6
:10D7DC00AFFC0DC1EF704FFC44402A89EF70CFFBBA
:10D7EC0033F5A4025C40FD17CA97898F1767FF1F9A
:10D7FC00232EF70A0145EF709FAC01456F40CFA077
:10D80C00B30459038327040BBE9483D7C4016388E4
:10D81C003703138A0403D2855285EFF0AFD605E1A6
:10D82C0083C7F40199CF938594082E85EFF08FD59B
:10D83C0009C91306900581455285EF404F9E050995
:10D84C00D9B583270B00268593B71700860723804D
:10D85C00F402EFE0BFB9E5B7854763F8A70093077B
:10D86C00F5FFBE953305A040E98D2E858280984149
:10D87C00C167BA9713D707016304A7009CC18280C4
:10D88C004207998FE5BFEF428F9641112EC6328425
:10D89C00B684EFB08FD6E15701C9B24591E99767CD
:10D8AC00FF1F2385071481473E8541016F406F960A
:10D8BC009D461766FF1F13067613A6852285EFF08B
:10D8CC009FCFAA8775F105479766FF1F2380E61245
:10D8DC00E1BFEF422F90411191E99767FF1F23A7FA
:10D8EC0007FC0144228541016F400F92B6853285B9
:10D8FC008D467000EFF03FCC2A846DF58347D10044
:10D90C000347E1001769FF1F130909FAA207420731
:10D91C00D98F0347C100D98F1767FF1F2328F7F84A
:10D92C00EF708FE761D1EF702FE783244900AA894C
:10D93C00EF708FE633F5A40283274900FD17CE97CD
:10D94C00898F1767FF1F2323F7F669BFEF422F8AD2
:10D95C001C45AA8491CFD84B01CF83D7470089CBE4
:10D96C00EF60DFA4AA8509C588446105EF60204BF0
:10D97C009767FF1F9387C7F19C43014489EF6F4062
:10D98C004F899C4813171400BA9703D5070019C187
:10D99C00EFE08FD00504EF70EFD4E344A4FEC5B7DD
:10D9AC00EF42EF84011185E9EF605FEC014497676A
:10D9BC00FF1F23A707F89767FF1F23A507F8976793
:10D9CC00FF1F23A307F89767FF1F23A107F82285E2
:10D9DC0005616F400F84B6873285C9467000BE85DD
:10D9EC00EFF07FBD2A8465F541469305E10017658C
:10D9FC00FF1F1305E5F4EFD020270355C100EF609E
:10DA0C00AFEAF1B78DE19767FF1F23AF07E8976780
:10DA1C00FF1F938767E99C470145ED9B1767FF1F25
:10DA2C002328F7E88280EF329FFC4111B6853285BE
:10DA3C0095463000EFF03FB815EDA2471767FF1F72
:10DA4C002324F7E69767FF1F938707E69447B247AF
:10DA5C0013F7B6FF13F6170019C213E746008583B8
:10DA6C0093F7F7079766FF1F23A4E6E41767FF1FDA
:10DA7C002308F7EA41016F30DFF9EF32BFF5038479
:10DA8C001500DC412A89AE8485070387F7FF19C38B
:10DA9C006340800C8387240091C7635580007D14FC
:10DAAC00620461849C40370700FF0907F98F370730
:10DABC00001009076392E70A635580007914620429
:10DACC00618483C70400858B95E39379F40F4E8AA8
:10DADC0093178A01E187634AF008A2876353040015
:10DAEC0081473384F9407D1462046184838524006A
:10DAFC0081C54A85EFF0BFAA9C40370700FF090794
:10DB0C00F98F370700100907639AE706930500039E
:10DB1C004A85EFF0DFA883C7040093058005918B3D
:10DB2C0099E3930580074A85EFF07FA783C704002C
:10DB3C00858B81CB1374F40F93178401E1876347B2
:10DB4C00F004C04005048305F4FFA1E96F30DFEB5E
:10DB5C007D14620461840DBF370700080907E39246
:10DB6C00E7F6E35080F67D1499BF930500024A85D1
:10DB7C007D1AEFF0DFA2137AFA0F99BF370700086E
:10DB8C000907E395E7FA9305000371BF93050003BA
:10DB9C004A85EFF0DFA07D1471BF4A85EFF03FA0FE
:10DBAC0055B7EF32DFE4EF70EFB72A84EF708FB622
:10DBBC00229589450605EFE0EFC6E55711C5976735
:10DBCC00FF1F23A9A7DE81473E856F309FE4930793
:10DBDC0000026306F5005D1513355500828005457E
:10DBEC008280EF323FDF4111AA892A891304190080
:10DBFC008304F4FF32C62EC42685EFF05FFDA245E8
:10DC0C00324659E19307D0026392F408830404006E
:10DC1C000548130429009377F6FEC9E79307000320
:10DC2C00639FF40E830704001307800593F7F7FD39
:10DC3C006399E7068304140041460904B706008083
:10DC4C006314080093C6F6FFB3FEC6028147254F46
:10DC5C00654EFD5F33D3C602138704FD6368EF0680
:10DC6C00BA8463D5C408630DF5017D55636AF3006E
:10DC7C006394670063C69E000545B307F602A6973A
:10DC8C0005048304F4FFC9BF22898DB79307B00242
:10DC9C000148E392F4F8830404002A881304290051
:10DCAC009DBF01CA8947E31BF6F893070003E3976E
:10DCBC00F4F8830704001307200493F7F7FD639B24
:10DCCC00E70483041400094609048DBF13E704021A
:10DCDC001307F7F9636CEE009388F4FB13077003DA
:10DCEC0063741E0113077005998CA5BF7D576300E3
:10DCFC00E50263040800B307F04091C519C193090C
:10DD0C00F4FF23A035013E8541016F30FFCFB6876C
:10DD1C00FDF5D5BF9304000315F2214605B719FE96
:10DD2C00294629BFEF321FCB011161540DC5328436
:10DD3C00AE89414681453689EFF0BFEA931405015F
:10DD4C00C180639E09002685EF30102B014401C56C
:10DD5C008145EF205016228505616F30FFCA228560
:10DD6C00CD467000CA85EFF01F852A846DF5268597
:10DD7C00EF30902809E90356C1008345E10126855F
:10DD8C00EF20500B01C941469305E1001105EFC08E
:10DD9C00B06DD1B75D54C1B7EF32DFC30111E1549F
:10DDAC0001CDB284AE89414681453689EFF07FE3DF
:10DDBC002A84639709008144268505616F30DFC48E
:10DDCC002685D1467000CA85EFF0EFFEAA846DF56A
:10DDDC008357C100EDD3EF702F9B420593170401BD
:10DDEC004181C18363F9A702EFB04FC04204E14700
:10DDFC0041803304F40241460C082A941305440074
:10DE0C00EFC090668357E1002311F4008357C100E3
:10DE1C002310F40055B7E55445B7EF32BFBB797109
:10DE2C00E15415C53284AE8941468145B684EFF084
:10DE3C005FDB1319050113590901639E09004A851B
:10DE4C00EF401065814401C58145EFB0EFBA2685DE
:10DE5C0045616F307FBBA68593063002700022852A
:10DE6C00EFF06FF5AA8465F54A85EF4070622A845D
:10DE7C0011E54A85EFB0CF962A8431C58357C1008E
:10DE8C0023112401930964002310F4008347E1005B
:10DE9C009305F10041462302F4004E85EFC0D05C9F
:10DEAC001309740141469305F1014A85EFC0D05B1B
:10DEBC00930554004E85EFC06FC7930564014A85E6
:10DECC00EFC0CFC669B7DD5459B7EF32BFB0797127
:10DEDC0011E5E154268545616F301FB3B284AE89DC
:10DEEC00414681453689EFF0DFCF131A0501135AED
:10DEFC000A015285EFE02FCB2A846398090071D96F
:10DF0C008145EFB0EFBD8144F1B726859306100231
:10DF1C007000CA85EFF02FEAAA844DFD31C8B247D4
:10DF2C009305D1004146858B230FF400B2471305AE
:10DF3C000403858393F7F707A30FF400EFC0D052C7
:10DF4C0041469305D10113059408EFC0F05159B720
:10DF5C003304690383A70A0B3E948357C40163837C
:10DF6C0037030509EF601FFBE344A9FEDD549DB7A1
:10DF7C00C1690149976AFF1F938A0A93130B400EDC
:10DF8C00FD19CDB7231E440159BF49CDEF329FA4D3
:10DF9C004111B289AE8441468145368AEFF07FC487
:10DFAC00931A050193DA0A010149176BFF1F130B32
:10DFBC00AB8FEF603FEE634AA9000145ADCC8144C5
:10DFCC001769FF1F1309498E81A883274B0B131464
:10DFDC0039003E9483570400638857050509D1BF67
:10DFEC008327490B139434003E948357040085E730
:10DFFC002310540191467000D2854E85EFF0AFDBB3
:10E00C001DE9B24713978700E1832183858B58C0A4
:10E01C002301F4000DA08504EF60DFE7E3C2A4FC4C
:10E02C005D5511A861558280F1F421468145228508
:10E03C00EF30FF9E014541016F301F9D1971D2C415
:10E04C00130AC10686CEA2CCA6CACAC8CEC6D6C2F0
:10E05C00B6D6BAD8BEDAC2DCC6DE52C46381052499
:10E06C00FD151C102ACC2ECA02CE3EC89304B00259
:10E07C001549A94983050600130416009DE1F246D3
:10E08C005247E24763FBE620B697238007007245B0
:10E09C00F6406644D6444649B649264A964A096132
:10E0AC008280930750026386F5004808EFF02FCF6B
:10E0BC00F5A88357C10023070100014593F7C70F4B
:10E0CC002316F1008145014801470146814693081A
:10E0DC00D00213030003130E300205048307F4FF70
:10E0EC0099C7638C970463C3F404638BC70501CA97
:10E0FC000346C100858A799AD18E2306D100630923
:10E10C0008008346C100098BF59A558F2306E10060
:10E11C0019C12307B100138707FD1377F70FA54625
:10E12C0063E2E6068146A545294535A0E38717FB42
:10E13C00E39F67FA0546FD564DB70545854571BF0A
:10E14C0005487D5759BFB386A60205048307F4FF23
:10E15C00BA96E206E18613F7F70F130607FD13765E
:10E16C00F60F63E5C500138707FDF1BF1306F7F93A
:10E17C001376F60F636EC902138797FAE30537FD22
:10E18C00A306D100130790066385E704634BF706DB
:10E19C00130780056384E70A6345F702E38107EE02
:10E1AC001307500293055002E381E7F02286D9B59C
:10E1BC001307F7FB1377F70FE364E9FC138797FC5E
:10E1CC0075BF130730066386E70A13074006E39F03
:10E1DC00E7FC03250A00A947A307F100930A4A00AC
:10E1EC00635805009307D0023305A0402307F100C4
:10E1FC006C00EFF0AFB56C004808EFF01F88568A42
:10E20C0075B713073007638EE7066341F7021307F0
:10E21C00F006638EE70413070007E399E7F803475A
:10E22C00C100136727002306E10009A81307500754
:10E23C00638BE70213078007E39AE7F6938787FA65
:10E24C00414793B71700A307E100139727008347B3
:10E25C00C100ED9BD98F2306F100930A4A006C0094
:10E26C0003250A0079B7A947A307F100FDB7A14719
:10E27C00E5BF83050A004808930A4A00EFF02FB265
:10E28C00BDBF83270A006C0048083EC8EFF0EFFEC4
:10E29C001C10930A4A003EC89DB7BA97FDB30145BE
:10E2AC00C5BBEF32CFF42A88368583464800BA873F
:10E2BC0003475800A206D98E328717F600001306C2
:10E2CC0066A889E517F60000130686A8BE85EFF050
:10E2DC00FFD66F300FF49757FF1F9387A7709C439F
:10E2EC0081CFEF32CFF0D843B2862E861847AA855D
:10E2FC003E8502976F30EFF161558280EF322FEF40
:10E30C008357050039712A84231EF1008347450089
:10E31C009305650041461305F101230FF100EFC091
:10E32C00B0149305740141461305F102EFC0D013EC
:10E33C008356240017F600001306C6A9E5450A8586
:10E34C00EFF0DFCF6C08130630020A85EFF0BFF850
:10E35C0021616F300FECEF328FE939712A8493050C
:10E36C00050341461305D101EFC010109305940825
:10E37C0041461305D102EFC0300F8347E401034738
:10E38C00F4018356C401858B0607D98F17F600005C
:10E39C00130606A5E5450A85230EF100EFF01FCA0A
:10E3AC006C08130610020A85EFF0FFF221616F3042
:10E3BC004FE6EF322FE237040001B70400FF0111E2
:10E3CC00814A1759FF1F1309294E7D149389F4FFB5
:10E3DC0017FA0000130A4AA5EF60DFAB63C5AA0069
:10E3EC0005616F306FE28327490B13973A003E9714
:10E3FC008347370095CF5C43A30107005286B3F6E1
:10E40C0087008247E5454800E58FD58F3EC083469F
:10E41C002700B3F73701858AE206D58F83560700AC
:10E42C003EC0EFF0BFC111468A854800EFF0BFEA4D
:10E43C00850A5DB7EF32AFDB01468145EFF0BFE9EE
:10E44C006F302FDD83576500638E071A1D71A2CCC8
:10E45C00A6CACAC886CECEC6D2C4D6C2DAC05EDEC2
:10E46C00801013F717003289AA8431CBF99B231340
:10E47C00F500EF603FA606053D0541990A8BC16A80
:10E48C003301A1408A8B8149014AFD1AEF609FA498
:10E49C00634CAA0C7947930604FB17F6000013068D
:10E4AC00A697CA852685EFF0DFDF638F090C1396DC
:10E4BC001900DE85130504FBEFF0FFE15A8183D7C9
:10E4CC00640013F7270021CBF59B2393F400EF6036
:10E4DC007FA106053D0541998A8A3301A1400A8B2B
:10E4EC008149014AEF601FA06345AA0A654793065C
:10E4FC0004FB17F600001306A692CA852685EFF0DA
:10E50C005FDA6387090A13961900DA85130504FB91
:10E51C00EFF07FDC568183D7640013F7470005CBFF
:10E52C00ED9B2393F4006547930604FB17F600005C
:10E53C001306468FCA852685EFF0BFD69C4481C74B
:10E54C0003D747003DEB130504FBEFF0BFEE1301BF
:10E55C0004FAF6406644D6444649B649264A964AD9
:10E56C00064BF25B25618280DC4413171A00BA97C4
:10E57C0003D707006308570193971900DE97239080
:10E58C00E7008509050A19B7130504FBEFF09FEAAC
:10E59C0035B79C4813171A00BA9703D7070019C749
:10E5AC0093971900DA972390E7008509050A1DBF98
:10E5BC00130504FBEFF01FE8B1BF2314E4FA03D7F3
:10E5CC0067008326C4FA2146520751832315E4FAC7
:10E5DC00370700F0758F9447930584FA130504FBF5
:10E5EC0092069182558F2326E4FA83C7770013F79E
:10E5FC0007018347F4FABD9BD98FA307F4FAEFF018
:10E60C009FCDB1B78280EF320FBC1754FF1F13049C
:10E61C00A4290444797193F7F4FB1757FF1F23299E
:10E62C00F72893F70404A1C78588A1E097E90000B7
:10E63C009389897FEF601F8663DBA4028327440BD9
:10E64C00139934003E998356090091CE4E86E545C8
:10E65C004808EFF0BF9E4808EFF0DFDD214681450A
:10E66C004A85EF30CFBB8504F1B7EFF09FD41C4443
:10E67C0013F7F7F79756FF1F23ACE62293F707081B
:10E68C006397071E1C4413F7F7EF9756FF1F23A140
:10E69C00E62213F707106318071E18449377F7DF69
:10E6AC009756FF1F23A6F6209376072095C6058B59
:10E6BC00630A072018408983858B3ACA034784076D
:10E6CC0015464C080607D98F17E50000130585720F
:10E6DC00230CF100EFF03FC01C4413F7F7BF975623
:10E6EC00FF1F23A7E61C93F707408DC383574400F5
:10E6FC000D464C08231AF1008357640017E50000FF
:10E70C001305856F230BF100EFF0FFBC1844FD746B
:10E71C009387F47FF98F9756FF1F23ABF618931747
:10E72C00470163DF0700EFA00FEC19C98356C50141
:10E73C006391061A17E500001305856CEFF09FCF67
:10E74C001C447D777D177D8F9756FF1F23A2E616FD
:10E75C0013973701635A0702858B6388071CEFA058
:10E76C00CFE91DC118458347E5001D463ACA03573A
:10E77C00C5004C0817E5000013050569231CE100D2
:10E78C00230DF100EFF03FB51844F977FD17F98F21
:10E79C009756FF1F23AEF6109317270163D9070076
:10E7AC00814517050000130525CAEF60EF84184456
:10E7BC00E177FD17F98F9756FF1F23ABF60E9317D2
:10E7CC00070163D30702EFA07FA22A84814417E9D3
:10E7DC0000001309E963EF602FFB939704014205D6
:10E7EC00C183418163EAA71445616F304FA183A7B0
:10E7FC000A0093141900BE9483D7040033F7670101
:10E80C001DCF1396170133F77701B3F63701635217
:10E81C00060417E600001306E65B09E717E600009E
:10E82C001306065CE5454808EFF05F814808EFF0F9
:10E83C007FC083D70400B3F747012390F400050988
:10E84C00EF604FEEAA84EF60EFEC2695E341A9FA56
:10E85C0015BD368519C7EF40A04361DDEFF01FAA47
:10E86C00C9BFEFD05FB471D5EFF0FFAED9B78569F2
:10E87C007D7A0149975AFF1F938ACA13056B896BDE
:10E88C00FD197D1A75BF858B9DC7EF503F86231AE6
:10E89C00A10041469755FF1F9385850A1305610119
:10E8AC00EFC0803C49464C0817E5000013050554A1
:10E8BC00EFF07FA2DDB317E5000013052553EFF051
:10E8CC007FB7E1BB17E500001305C552EFF09FB60B
:10E8DC0021B50357E501C17785073E978357A10101
:10E8EC00FD14133717003207E58FD98F231DF10064
:10E8FC00231AD10083560502035725022146231BF8
:10E90C00D100231CE100035745028566FD16758F67
:10E91C00FD76F58FD98F4C0817E500001305454E91
:10E92C00231DF100EFF03F9B21BD17E500001305FF
:10E93C00A54DEFF03FB089BD5C4813F7E7FF58C811
:10E94C00858B89CFA6864A86C9450A85EFF00FEFDD
:10E95C008357040099E70A85EFF0DFAD8504610465
:10E96C009DBD231AF10083572400930544004146B2
:10E97C002808231BF100EFC0202F51464C080A85B4
:10E98C00EFF07F95E1BFEF328F8685473395A70077
:10E99C009757FF1F938747F19C47411181455D8D28
:10E9AC009757FF1F23A6A7F09377057085E393571E
:10E9BC006500858BA1CBC167938707887D8D05ED9D
:10E9CC00EF608FDE9305803EB305B5021755FF1F30
:10E9DC00130585FE2EC6EF50403AB24519C1634966
:10E9EC00B50085C51755FF1F130505FDEF502043D6
:10E9FC0041016F300F82EF602FDB2A84EF60CFDB99
:10EA0C00E360A4FCEF604FDB75BF0145EFF0BFBFC7
:10EA1C00C5B7EF22DFFD7971AA8601441759FF1F94
:10EA2C00130989E836C6EF60EFC6B246635CA402F0
:10EA3C008327490B93143400BE9483D70400639648
:10EA4C00D70285C617E600001306063EE5454808C2
:10EA5C00EFF0CFDE4808EFF0FF9D2146814526857B
:10EA6C00EF20FFFB45616F20DFFA050465BF19C27B
:10EA7C0023200600814701C59306D00389E53E8516
:10EA8C00828085050505838705000307050099CF5E
:10EA9C006394E700E397D7FE8147D5B79306D0037D
:10EAAC008547E30ED7FC93371700D1BF9307F002CD
:10EABC00E316F7FE854761D6050508C2C9B799C1AB
:10EACC0023A0050081470DC11308D0031306F002E3
:10EADC003307F5008306070081CA63870601639735
:10EAEC00C60099C1050798C13E8582808507CDB7C0
:10EAFC0031C9EF225FED41112E8A6C002A89368BC9
:10EB0C00B28A97E400009384E425EFF05FFB2A8C33
:10EB1C000144A689B14B88406286CA85EFC0A033F8
:10EB2C0001ED0E044E945C403245DA865686D28551
:10EB3C00829741016F20BFEC0504A104E31D74FD15
:10EB4C006155C5BF7D55828099E5615582806155BF
:10EB5C0005616F207FEBEF22FFE72E8A2A840111DB
:10EB6C008145B28452854146BA893689EFF06F8768
:10EB7C0093150501C1811376F50FA1812285EF5004
:10EB8C007FC32A8469D552854C08EFF05FF3524A53
:10EB9C002A8BE30E0AFA2A8697E500009385C5278F
:10EBAC005285EFC0402BAA8A0DED7D5AEF608FB2D3
:10EBBC0063C5AA0099E8014561BF5C4413971A002C
:10EBCC00850ABA9723904701D5B74C442EC6EF60FF
:10EBDC006FB0B245131615004E850299E34DA0FC9B
:10EBEC0085BF5A8697E50000938585235285EFC033
:10EBFC0080260DE1032A0401EF60CFAE1316150039
:10EC0C0081455285EF20BFE1DDD40C482EC6EF6064
:10EC1C006FADC1B75A8697E500009385A520528544
:10EC2C00EFC0602341E11C44A5CF81ECD4433707EE
:10EC3C0000E0758F9447D8C33707001F758F98C7AE
:10EC4C0001BFA1463008CE854A85EFE0DF96E3117F
:10EC5C0005F01844835781017D762312F700835702
:10EC6C00A1019396470183576700D182F18FD58F0D
:10EC7C00F2467D767D16F182858AB206F18FD58FAC
:10EC8C002313F7008347E1018356C1012305F700E5
:10EC9C008347B7002314D700FD8BA305F7004DBDA8
:10ECAC007D557DB55A8697E500009385250B5285D9
:10ECBC00EFC0601AE31D05E81C4CE38A07E89C438F
:10ECCC00E38707E8CE864A86A6852285829749B5D2
:10ECDC00EF22FFD13687B2862E86AA850545EFF046
:10ECEC00BFE66F201FD3EF229FD03687B2862E86C9
:10ECFC00AA850145EFF05FE56F20BFD1EF229FCDD4
:10ED0C00411199C123A005009757FF1F938787CC0A
:10ED1C00804381441DC82E89AA8931141DC40C401E
:10ED2C0070004E85EFF0BFD419CD81E8A284630C3E
:10ED3C000900B2472320F90039A08C400840014655
:10ED4C00EFF0FFD265F5404869F8268541016F2048
:10ED5C00BFCB184111CBEF229FC9AE873E85B28540
:10ED6C00368602976F20FFCA35558280EF223FC846
:10ED7C008357C50013D70501C205B387E7021841B5
:10ED8C00C1814849BA95BE95EFF0BFFC6F207FC892
:10ED9C00584111CBEF22BFC5AE873E85B285368672
:10EDAC0002976F201FC735558280184509CBEF227B
:10EDBC001FC4AE873E85B28502976F209FC535551F
:10EDCC0082805C4599C7EF229FC22E8582976F2067
:10EDDC005FC435558280EF22FFBF83290500035A9B
:10EDEC00C5002A844849AE848145EFF09FFD2A89ED
:10EDFC000DE193D50401B38545030356C40048487F
:10EE0C00CE95EFF09FFA2A8909E548488545EFF041
:10EE1C005FFB4A856F205FBFEF22DFBB2A8904416D
:10EE2C00035BC500484979712E848145B28A368AC4
:10EE3C00EFF03FF941E193590401B38969034204AE
:10EE4C0041802694A2990344090133048040337411
:10EE5C00440111CC03254901A2865686CE85EFF0DC
:10EE6C003FF3AA8431E1330A8A40A299A29A8144E1
:10EE7C00630C0A025286D685080803244901EFB0B8
:10EE8C00B05E834609011C089305F00F338646419A
:10EE9C003385470136C6EF209FB8B2461008CE85A1
:10EEAC002285EFF0FFEEAA84032549018545EFF09A
:10EEBC005FF1268545616F203FB5EF225FB32E864B
:10EECC004C41A1462A84EFF03FF5AA840345040186
:10EEDC00A145EFE07F985C403385A74048C026856C
:10EEEC006F203FB3814797E600009386A6E46393B7
:10EEFC00C70082803387F500034707008507398DEB
:10EF0C00135745003697034707001205398D1375C3
:10EF1C00F50F135745003697034707001205398D37
:10EF2C001375F50FE9B7EF229FAC2A84AA851D460D
:10EF3C001305F00FEFF01FFB834774003385A740D8
:10EF4C003335A0006F20FFACEF227FAA4111A14600
:10EF5C003000EFF0BFE109ED03578100C167FD17E9
:10EF6C0005456317F7002800EFF0FFFB3335A000D1
:10EF7C0041016F201FAAEF22FFA5AE848C414111E5
:10EF8C00A1462A8903440501EFF05FDEAA8939E91D
:10EF9C00A1452285EFE05F8C9C400357C9002A8A6B
:10EFAC00AA97939607019CC0C182098F639CE602C5
:10EFBC00C16513D70701B385B74011E78355E90045
:10EFCC00FD15C205BE958CC0A1460A864A85EFF098
:10EFDC00FFD9AA8901E90A85EFF0FFF401C983275B
:10EFEC0049009CC04E8541016F201FA20357C900E8
:10EFFC008357210080403307474163DBE70033FA36
:10F00C00470363170A004177798C3E9480C0D9BFBF
:10F01C0003450901A145417AEFE01F84098CAA8AB6
:10F02C0080C0337A4401417B63648A0081495DBFAF
:10F03C00A1463000A2854A85EFF05FD3AA895DF125
:10F04C002800EFF05FEE11E98357A1000357C100D0
:10F05C00337A6A0180C0BA973E9A33045441E9B7B7
:10F06C00EF22FF982A84AA851D461305F00FEFF0B6
:10F07C007FE7A303A4006F20DF99EF22DF942A849B
:10F08C00034505015D71A145EFE00FFD5C402A8B46
:10F09C000355E4004179B3F727016C003EC6EFE05D
:10F0AC000FFD8355C400B247A1463008BE95B38509
:10F0BC00654122852EC8EFF07FCBAA84634B0500F7
:10F0CC002808EFF05FE611C9B2452285EFF0BFD0FA
:10F0DC00AA84268561616F209F92C2470357A101C4
:10F0EC00417C338B6741B3F72701BA973EC81010A8
:10F0FC000C082285C24BEFF01FE8AA8479F908109E
:10F10C00EFF07FE22DE95C403ECA30104C082285BE
:10F11C005249EFF05FE6AA844DFD035781028357F5
:10F12C0001026316F7002810EFF0FFDF09C5584005
:10F13C00D247E31CF7FC63902B058357410285CF24
:10F14C0083572102B3FA8B010810BE9A1C44231179
:10F15C00F102EFF0FFF083490401035A4102B309B5
:10F16C00304193F90902631B0A000C102285EFF061
:10F17C00DFD4AA8439FDE31C7BF7B9B74E896373DE
:10F18C003A015289CA861018D6852285EFF01FBE27
:10F19C00AA8421F1630909000C44CA86101822853F
:10F1AC00EFF09FC7AA8403450401CA85EFE0CFEABC
:10F1BC001C443E9508C4E39E04F0330A2A41CA9AC3
:10F1CC005DB7EF223F81411191E5FD542685410148
:10F1DC006F209F83C44983D725014CC904C12316D2
:10F1EC00F50003C705012A842317E50003C51501A3
:10F1FC0093160701130700022308A400C182E366DB
:10F20C00A7FCE1D7B3E4F402E9F08547E3FFD7FAB2
:10F21C00A145EFE06FE4AA89014A01498357C40074
:10F22C00931509012285BE95B38535412EC2EFF0A9
:10F23C00BFD119ED0355E4004C00050AEFE02FE3B4
:10F24C009245420A2285135A0A01EFF0FFCF09E9D1
:10F25C0005098357E400420913590901E360F9FCDD
:10F26C008357E40063944701D1548DB7639427030B
:10F27C009245A1463000B38535412285EFF01FAF92
:10F28C0035E12800EFF03FCA11C50355E4004C00EE
:10F29C00EFE0EFDD9247C17A3387374158C04177B1
:10F2AC00F98F1CC44C401C4463EEF500A1463000A1
:10F2BC002285EFF0BFAB1DE52800EFF0DFC6032A77
:10F2CC0044001DC15C400355E4004179B3F72701AC
:10F2DC004C003EC2EFE0AFD992452285EFF0DFC67D
:10F2EC00635C0502AA84DDB512450359A100035BDA
:10F2FC00C10033F5AA002A9903450401DA85EFE031
:10F30C00AFD54A9508C46314450163130B04330A43
:10F31C003A412322440179B709C58547A308F40073
:10F32C0075B54C402285EFF01FAB4DFD484083571F
:10F33C00C40086093375A9003E953305354148C094
:10F34C003375250108C42285EFF03FD379D559BF19
:10F35C004D5549BF83471501C9CFEF22CFE62A840B
:10F36C000345050141112E8AA145BA893689328B94
:10F37C00EFE08FCE8357C4000605898F7D5563E778
:10F38C0027075C4081443EC230004C002285924AE3
:10F39C00EFF07FBE21ED835B810063994B01280068
:10F3AC00EFF07FB801E58504C204C1805840924754
:10F3BC00630BF702E3FA99FC8356C10061559DC6B5
:10F3CC0063E63403C175B3FABA006373D900CA8615
:10F3DC008355A1005A862285D695EFF03F9919E501
:10F3EC000355C10021A06155E3884BFD41016F20FD
:10F3FC000FE149558280EF228FDF0147EFF09FF537
:10F40C006F202FE1EF22AFDE3284B2862E86835539
:10F41C0045000841EFF03FFE635385002A842285A6
:10F42C006F202FDFEF22AFD9834715013971C954F3
:10F43C00BDC7034B05012EC62A84A1455A853689C2
:10F44C00328AEFE06FC10D473307E5028357C400E2
:10F45C00AA8DFD54998F63E42705630409006300AA
:10F46C000A045C403ECA30084C082285524DEFF02D
:10F47C009FB0AA8945ED8357810132476397E70016
:10F48C002808EFF05FAA630605105840D247E31C2A
:10F49C00F7FC8144631B090019A0814499E7268578
:10F4AC0021616F208FD5E35CA0FE5A85CA85EFE001
:10F4BC00AFBA014B11C5330BB501420B135B0B01FA
:10F4CC00014D7D5CC17B930C44008357E400638049
:10F4DC00A70D1C4444403307FB0063EBE4043247A4
:10F4EC002311F1020810FD572310E102231221030E
:10F4FC002303F102EFF0DFB6630909000C44CA865E
:10F50C0052862285EFF05F91AA8903450401CA85D2
:10F51C00EFE08FB41C443E9508C4639909000C10AD
:10F52C002285EFF09F99AA89CA8435D9CE8485BFEC
:10F53C0003450401A145EFE02FB2B387A4002311CA
:10F54C00F1028357C400B3F4740123108103BE94F9
:10F55C00898C44C0081023120102EFF07FB00C100C
:10F56C002285EFF09F95AA840355E400E685EFE031
:10F57C000FB05C40B3F777011CC4E39204F2228510
:10F58C00EFF0BFAFAA84E31C05F0050D3DBFC154DD
:10F59C0039B78357C101E30209F0E39827F1C1772A
:10F5AC00034C0401B377FD00035DA101330C8041D2
:10F5BC00137C0C023E9DD28ACA8CE28B63F38C01C5
:10F5CC00E68BDE861010EA852285EFF02FFAAA84EE
:10F5DC00E31B05EC5E860C105685EFB08066AA84A2
:10F5EC00E31505ECB38C7C415E9DDE9AE3970CFC35
:10F5FC007DB5EF22CFBF81460146EFF0BFE26F2011
:10F60C004FC1638C050EEF220FBC5D71054D19C205
:10F61C0013BD160003590502B68B328B050942093E
:10F62C00135909012E8A2A84CA89216C930A8500F0
:10F63C00E15C9304F9FFC204C180638F84059306D7
:10F64C00A0045000A6855685EFF0FFDA635705003D
:10F65C0063139501A6892689E9BF9C083E95230A68
:10F66C0005FA4C005285EF200FC675F563040D08A2
:10F67C0083570402639597089387F4FF2310F402D1
:10F68C00894613060402A1655685EFF0BFD963586D
:10F69C00050661616F20AFB60145E31C0DFE0549FF
:10F6AC00B1675D55E387F9FE9165CE9593048400AF
:10F6BC00C205DE865A86C1812685EFF0BFD6630D62
:10F6CC0009005285EFB00078AA865286CE85268531
:10F6DC00EFF05FD5E34F05FA8357040263FF37035E
:10F6EC0023103403894613060402A1652685EFF026
:10F6FC007FD325A0A689014965B77D558280A68553
:10F70C005685EFF01FEFE34605F89165FD15CA9598
:10F71C00C205C1815685EFF0DFEDE35CA0F6014533
:10F72C008DBFEF224FAA03540502916A1D71050487
:10F73C0042042A89AE894180A16B130A8500FD1A07
:10F74C00130B05029304F4FFC204C180639D74057E
:10F75C00916B2164130A8900850B170C0000130CA4
:10F76C00ACCA8357090293041400C204C1808507F4
:10F77C006383F40E5E949306A0045008A68552850C
:10F78C004204EFF05FC74180AA8A854613067100D8
:10F79C00A2855285EFF03FC62A8B6347500763471B
:10F7AC00A00626847DBF56949306A0045008A68517
:10F7BC0052854204EFF03FC441802A8C85461306E3
:10F7CC007100A2855285EFF01FC3634C8003E35197
:10F7DC00A0F883570902E39D97F69387F4FF231053
:10F7EC00F90289465A86A1655285EFF0BFC3A685FA
:10F7FC005285EFF01FE0A2855285EFF09FDF268443
:10F80C0091B7E358A0FCA9B7634BA000A68552851D
:10F81C00EFF03FDEA2855285EFF0BFDD59B79C10AB
:10F82C00BE9A238A0AFA639109022C004808EFF069
:10F83C00EFCC25D91C45224552C6231881007400F3
:10F84C006286DA858297B1BF0146CE854808EFF013
:10F85C000FA261FDB9B7014525616F204F9AEF22C8
:10F86C000F999747FF1F9387E7168043814409C47C
:10F87C002A893114814401E426856F208F996318FD
:10F88C0009005C4481EF404865D83114EDB708405D
:10F89C000146CA85EFF0AF9D6DF5F5B78297E5F49B
:10F8AC00AA84D5B7EF22AF949747FF1F938707130E
:10F8BC008043AA8409EC2685EFF07FFAAA840144E0
:10F8CC00EF504FDD636CA40026856F208F945C4055
:10F8DC002285A6859C4382970040E9BF05041374DA
:10F8EC00F40FF9BFEF22AF900145EFF0BFFB6F2093
:10F8FC004F929747FF1F9387670E23A0070023A201
:10F90C0007008280EF22AF8E9747FF1F9387870CEB
:10F91C0023A0070023A20700EFF0BFFD6F206F8F1D
:10F92C00EF22EF8C4111130985002A84EF50EFF27E
:10F93C00AA854A85EFF0FF88AA8419ED894613063B
:10F94C00E100A1654A85EFF01FABE1776344050048
:10F95C008357E1002310F402268541016F206F8B41
:10F96C009747FF1F9387870790430147B28691EE15
:10F97C0005E3DC4310C11747FF1F2321A70685EFC2
:10F98C009747FF1F23AEA704828036879442C5B7E2
:10F99C00144385E2DC432320050091EB9747FF1FBE
:10F9AC0023A0A7049747FF1F23AAA702828088C31E
:10F9BC00C1BF14C108C38280EF226F831744FF1F9D
:10F9CC00130404FD2285EFF0BFF5AA8405E517D9D1
:10F9DC0000001309293F22859747FF1F23AC27FB03
:10F9EC00EFF01FF89747FF1F23A627FB9747FF1F32
:10F9FC0023AA87FE26856F20CF819747FF1F83C7D9
:10FA0C00A7FE795599EFEF129FFEEFF0BFEFEFF0E5
:10FA1C00BFFA11E585471747FF1F2307F7FC6F1047
:10FA2C005FFF8280EF12BFFC9747FF1F938787FA17
:10FA3C0080432A89BE8419C0311415E0D840232A8A
:10FA4C0009009307490105E71747FF1F2326F7F81D
:10FA5C001747FF1F2320F7F801456F109FFB0C4041
:10FA6C0003250900EF202F8609C94048E9B71CC3BC
:10FA7C001747FF1F2322F7F6C5B75955F9BFEF12E9
:10FA8C001FF797F5FFFF938545B81745FF1F130523
:10FA9C00A5F2EF40E02CEFF05FF61725FF1F1305E2
:10FAAC00250EEFF03FF86F10DFF6EF125FF483577F
:10FABC00650093E717002313F5003545EFE0BFEC25
:10FACC006F103FF5EF12BFF28357650093E72700E5
:10FADC002313F5003545EFE01FEB6F109FF3EF128A
:10FAEC001FF18355C50101112A840A860145EFD007
:10FAFC001FAF19C9835705001167D98F2310F50063
:10FB0C001D45EFE05FE805A002478356C40119EFDD
:10FB1C0017D600001306C62CE5454800EFE00FD2BF
:10FB2C004800EFE03F9105616F10BFEE93974601DF
:10FB3C00835607007D76D183F18EDD8E93D78600B8
:10FB4C0093F7F7082310D70093E70705A300F700F6
:10FB5C0045BFEF12DFE92145EFE0FFE26F107FEBCD
:10FB6C00EF12FFE82145EFE01FE22545EFE0BFE192
:10FB7C003145EFE05FE16F10DFE9EF125FE783558E
:10FB8C00C50141112A8470000145EFD05FA501CD5C
:10FB9C008357050071777D17F98F2310F5001D45EC
:10FBAC00EFE07FDE31A0B24699E62285EFE0AFFAB6
:10FBBC0041016F101FE68357C4017D7613974701EF
:10FBCC0083D706005183F18FD98F13D787002390E9
:10FBDC00F6009377F70893E70701A380F600C1B707
:10FBEC00EF12FFE02A842545EFE0FFD901E4294517
:10FBFC00EFE07FD96F10FFE1EF127FDF8355250017
:10FC0C0041112A8470000545EFD07F9D01CD8357AB
:10FC1C00050071777D17F98F2310F5001D45EFE076
:10FC2C009FD631A0B24699E62285EFE02FED410137
:10FC3C006F103FDE835724007D761397470183D7DF
:10FC4C0006005183F18FD98F13D787002390F600CC
:10FC5C009377F70893E70703A380F600C1B7EF1279
:10FC6C001FD98355250001112A840A860545EFD03A
:10FC7C001F9719C9835705001167D98F2310F500F9
:10FC8C001D45EFE05FD005A002478356240019EF15
:10FC9C0017D6000013060614E5454800EFE00FBA2E
:10FCAC004800EFE02FF905616F10BFD6939746011E
:10FCBC00835607007D76D183F18EDD8E93D7860037
:10FCCC0093F7F7082310D70093E70707A300F70073
:10FCDC0045BFEF12DFD1EF502FAC11E52945EFE016
:10FCEC009FCA6F101FD39747FF1F9387E7BBC04373
:10FCFC00EF508FAA3375A40275D1E5B7EF123FCF41
:10FD0C002A84EF502F9A85476307F500A301F4006E
:10FD1C001945EFE05FC76F10DFCFEF125FCDEF50EB
:10FD2C006F9885476305F5001945EFE0DFC56F1047
:10FD3C005FCEEF12DFCB3D45EFE0FFC46F107FCD00
:10FD4C00EF12FFCA8357650093E747002313F500B2
:10FD5C003545EFE05FC36F10DFCBEF125FC9314564
:10FD6C00EFE07FC26F10FFCAEF127FC82D45EFE0A6
:10FD7C009FC16F101FCAEF129FC78357250079715F
:10FD8C002A842314F100834745019305450041461D
:10FD9C001305A100230DF100EFA0106D8356040094
:10FDAC0017D60000130646F8D1456808EFE00FA9F6
:10FDBC002C004D466808EFE00FD245616F107FC5EF
:10FDCC00EF12FFC283560500011117D6000013066F
:10FDDC00A6F5D1456800EFE06FA66800EFE08FE56F
:10FDEC0005616F101FC3EF129FC001113684B284DE
:10FDFC0079478A8617D60000130646F6EFE06FCADD
:10FE0C0009C82286A6850A85EFE0EFCC05616F1044
:10FE1C005FC00A85EFE00FE2D5BFFD571727FF1F24
:10FE2C002300F7D88280EF12FFBA41112A892EC61F
:10FE3C00B289EF40AFC8B2451304F9FF2E944DC5FB
:10FE4C0093170901C187AA847D55635CF0024204B3
:10FE5C00418093170401C1876355F0029DC1EF40A7
:10FE6C00EFA8636AA4069C4481443E9542054181F7
:10FE7C009307F5FFC207C18363E027076396090068
:10FE8C00695541016F105FB82390A900D5BF338726
:10FE9C00640383A78A0A3E97835727006386470328
:10FEAC00835707006362F40203474701BA97C207FE
:10FEBC00C1831387F7FF4207418363672701E381FF
:10FECC0009FC2390F9006DBF8504EF502F97E3C018
:10FEDC00A4FC01457DB78144416A974AFF1F938A70
:10FEEC00AA9C594B7D1AD5B77D5561BFEF123FB017
:10FEFC001744FF1F130444B09744FF1F938484B02E
:10FF0C000325C41419CD184D23260414110483475A
:10FF1C00870093F7F7FB2304F700EF50FFE1E311A1
:10FF2C0094FE6F101FAFEF129FAC1745FF1F130508
:10FF3C0025C2EF305070EFF07FFB6F109FADEF12CA
:10FF4C001FAB930540061745FF1F130565C0EF3027
:10FF5C00106D6F101FACEF129FA97D56B545014572
:10FF6C00EF40FFD26F10FFAAEF12DFA6EF409F9A6F
:10FF7C001744FF1F130444A82320A4142322B414F1
:10FF8C0081440D499729FF1F938909C10325C41486
:10FF9C0019CD850401466386240183270415814508
:10FFAC0091E3CE85EF407FD71104E39124FF6F10CE
:10FFBC00BFA5EF123FA241112A84AE8932C6EFF0E1
:10FFCC009FF6EFF05FF929C99747FF1F9387C7A2E8
:10FFDC0083A5C7129304C5002A892685EF509FBCC0
:10FFEC0081452685EF509FB59315240093E5350088
:04FFFC0093F5F50F75
:020000021000EC
:100000002685EF507FB43246CE852685EF50FFB16E
:100010009747FF1F23AE27B3EFF0DFF501454101FE
:100020006F105F9F6555E5BFEF123F9DAE8495450C
:100030002A84EF503FC7A6852285EF50FFB06F108E
:100040001F9EEF121F99BD652A84938505A617454B
:10005000FF1F1305A5B2EF30505D9747FF1F938731
:1000600067BC9C439744FF1F9384C499268989CB1E
:10007000C84019C522868D45EF10903F6F10FF983C
:10008000EFF03FEBEFF0FFEDAA846555E5D80327CD
:1000900009009747FF1F83C767AB9316170163D704
:1000A000060C1307F0076388E70085071747FF1F53
:1000B000230EF7A829A09747FF1F238907A88325A8
:1000C000C9129389C4004E85174AFF1F034A0AA824
:1000D000EF501FAED2854E85EF501FA783474400D7
:1000E00051478145637CF7009385C7FE93F5F50F73
:1000F000DD47B3D5F502850593F5F50F8A0593F530
:10010000C50F4E85EF505FA4835544004E85EF50D8
:100110005FA7834544000840EFA06F86AA854E85FF
:10012000EF509FA2835544009747FF1F23A297A239
:10013000D14763F3B700D145939405010C40C180CA
:1001400026864E85EF507F9EA6852285EF50BF966E
:10015000174BFF1F130B0B8B814AA14B5D4C835731
:10016000440085E3EFF01FE1014509BF1387F7FF66
:100170001377F70F9306D00FE3F9E6F2930700F831
:1001800035B763967A01EFF03FD73955C5BDEFF02B
:100190005FDD110B910A09E5EFF01FD66555F9BD3A
:1001A000835544002326AB146373BC00DD4593994B
:1001B00005018325C9129304C5002685EF505F9F72
:1001C000D2852685EF505F9893E52A0093F5F50FC9
:1001D0002685EF507F970C4093D909014E862685DE
:1001E000EF50BF94CE852285EF50FF8C8DBFEF126C
:1001F000DF8001117C003ECAB70707003ECC814575
:100200007C0048083ECEEFF03FE29745FF1F83C5D4
:1002100065804808EF505F93D247480883C71700AE
:100220001747FF1F2304F786EFF0BFE111E585476D
:100230001747FF1F2302F78005616F104FFEEF1273
:10024000CFFB01117C003ECAB70706003ECC9145AA
:100250007C0048083ECEEFF03FDD4808EFF07FDE3F
:1002600095471737FF1F2309F77C05616F102FFB98
:10027000EF12AFF801117C003EC083450500B707BF
:1002800011003EC27C003EC42A8481C50145EFB006
:100290006FE38347040085450A851737FF1F23074F
:1002A000F77EEFF07FD8EF303FE4AA850A85EF5064
:1002B000BF8985450A851744FF1F1304648EEF50DC
:1002C0005F8C1C400A8583C5C700EF50FF871C4028
:1002D0000A85CC4BB335B000EF501F871C400A8510
:1002E00083C59701EF505F861C400A8583D5A7011F
:1002F000EF503F891C400A8583C5C701EF50DF845A
:100300001C400A8583D5E701EF50BF8782452D4603
:100310001735FF1F130595778505EFA0B0150A85E2
:10032000EFF03FD211E589471737FF1F2306F7701B
:1003300005616F10CFEE9727FF1F83C7278763875D
:10034000A706EF12EFE92A84EFF0BFC1AA8429CDF6
:100350001727FF1F034787859307F00F8149631A0B
:10036000F7009727FF1F2383878497D9000093897D
:10037000A9B19737FF1F9387E76883A5C712138931
:10038000C4004A85EF50DF82A2854A85EF50CFFB3B
:1003900085454A85EF504FFB26850146CE85EF40C7
:1003A0009F982685EF501F9A6F10CFE68280EF123C
:1003B000CFE479713C083EC6B70716003EC89945A0
:1003C0003C0868003ECAEFF03FC641469735FF1F24
:1003D0009385C5676800EF504FF56800EFF07FC662
:1003E00005E19737FF1F9387E7619C431397170138
:1003F0009947634307009D471737FF1F230EF76296
:1004000045616F10CFE19387F501FD15FD1703C717
:1004100017000505A30FE5FEE39AB7FE8280EF12F1
:10042000CFDD0547411132846304E504AA8719C969
:100430000947630EE5060D477D556385E71A4101BF
:100440006F10EFDD33E4C5007D5575F89737FF1F5A
:1004500023A607609737FF1F23A407609737FF1F66
:1004600023A207609737FF1F23A007600145C1BF84
:1004700033E4C5007D5561F49737FF1F93874772BA
:10048000804341499734FF1F9384445D03468401B0
:100490004C483305C9402695EFA0C07D0346840132
:1004A000814526853306C940EF102FD8C1B7914743
:1004B0007D55E3E6B7F897D700009387279CBE9554
:1004C00083C40500ADDC1739FF1F1309696D0327CD
:1004D00009008357A701E58FBDD383479701E3E068
:1004E000C7F69737FF1F9387E7519C431397170170
:1004F0006358070093E707081737FF1F2324F750B7
:10050000C1476397F406A2854800EF900F94580006
:10051000814413064002A545639B84021C08A697EC
:10052000238A07FE9737FF1F9387475326864C0081
:100530003E85EFA020744146058E81452695EF103B
:10054000CFCE832709004800DC538297CDBD834777
:100550000700B3F7C7029386770363E4F500938639
:10056000070385042300D70093F4F40F05076DB744
:1005700091454800EF906F8D7D141316240017D419
:1005800000001304E49032941C4092452685B3F594
:10059000F50293D7050113D787009736FF1F2385F0
:1005A000E64C1737FF1FA301F74C13970501418352
:1005B000218393978500D98F1737FF1F2317F74A99
:1005C0009737FF1F23AC07489737FF1F23AA074819
:1005D0009737FF1F23A80748832709002EC29C5383
:1005E0008297B1BDE3EDB7E497D700009387878981
:1005F000BE9583C70500E38407E41737FF1F130781
:10060000275A18438356E701FD8EE38A06E28346A4
:10061000C701E3E6C6E29736FF1F9386A63E9042E7
:10062000A145936606026394B700936606041857C3
:100630001736FF1F2328D63CA2853E85029701B5B9
:10064000EF120FBA41112E89B28935C501462A84AD
:10065000EFF02FFE634F05048144173AFF1F130A82
:100660006A25D94AEF405F9E63D5A40433855403BD
:1006700083278A0A3E9583570500B1E3231085003E
:10068000230A25012311350141016F10AFB8631210
:1006900045030354E1008504EF401F9B05056349B2
:1006A00095001306E100CA852285EFF08FF865F109
:1006B00045F40145D1BF81440544695AF1BF850421
:1006C00055B7EF12EFB12A84AE8983454501035532
:1006D00005000149EFC0EF86834744016341F902F9
:1006E000638509002285EFF06FEE23100400414678
:1006F000814513054400EF104FB36F10AFB10355A0
:10070000040093140901C180269542054181EFE060
:100710000FB1035504000509269542054181EF30CC
:10072000204A03550400269542054181EF30604977
:1007300065B7EF128FAC1735FF1F13052544EF3057
:1007400040709737FF1F83C7673489C781450145CC
:10075000EFB04F971734FF1F1304C42A1C401397A0
:10076000170163570700084401C58145EFF07FF585
:100770009737FF1F9387074B9C4389C7484019C190
:10078000EF408F99EFF0EFFA13068015814517358A
:10079000FF1F13052527EF104FA9FD571737FF1F20
:1007A000A30AF7389737FF1F9387473F9C4395C3AA
:1007B00098472392070098C31737FF1F2320F73865
:1007C0000545EF903FCF814711E1C9573E856F1036
:1007D0000FA5EF1040489737FF1F23A1A736CDB7CD
:1007E000EF12AFA141112AC6EFF0BFF49737FF1FF8
:1007F0009387073B9C439C5F81C7B2450545829721
:1008000041016F10CFA1EF124F9F834755008546DE
:100810002E8789836382D70C91C789466389D71055
:100820006F10EF9F9736FF1F9386C61D9C42B684BC
:1008300013961701E34606FE83D545003D46E37156
:10084000B6FE8983858B2A848DC303A7C6121C41FB
:10085000E318F7FC9737FF1F83C7071EF1F3014624
:1008600081450545EFF0AFF565BF9737FF1F9387CB
:10087000273303A907000843414683250900EFA059
:10088000003D59FD8327490399C3054582971C40C4
:10089000BD65938505A61737FF1F232BF7289C40BE
:1008A0001735FF1F1305852D93E747001737FF1FE7
:1008B000232AF71483A7841398472392070098C329
:1008C000EF30A056014681450545EFF04FEF9737D1
:1008D000FF1F23830716A9B79737FF1F9387871238
:1008E0009C4393961701E3DD06F203D745000DFB09
:1008F00013F7870001CB93E787001737FF1F2323E8
:10090000F71039BFBD9B93E787001737FF1F232BD5
:10091000F70EEFF00FE29737FF1F938767289C438E
:10092000DC5B99C305458297EFF07F8CD5BD973787
:10093000FF1F9387270D9C438983858BE38207EEF6
:1009400083D74500E38E07EC9C4103C50700EFF019
:100950003FE9F9B5EF12CF881734FF1F1304840A5B
:100960001C4013D72700058B35CF9183858B9304CB
:10097000007D81E79D6493840453EF307FFA032761
:100980000414832744143307E5409D8D3335E50077
:10099000898D93D7F44163C9B7046394F50063E587
:1009A000E4049734FF1F9384E40501440D4997192B
:1009B000FF1F9389291F03A5C4140DC51C4D0504F1
:1009C00083C7870093F7070499EB01466306240168
:1009D00083A70415814591E3CE85EF40CFB4910400
:1009E000E31B24FD6F100F831C409183858B91CBFB
:1009F0008327C4140145DC4703C757008D476313A1
:100A0000F7002545EFF0DFDDF1BFEF021FFF97375D
:100A1000FF1F938727FF9C434111A307A10013E702
:100A200007019736FF1F23AFE6FCC18B99E7054608
:100A30009305F1000945EFF08FD80347F100A54772
:100A40006314F700EFF0FFCE8345F10091C99737AB
:100A5000FF1F9387E7149C439C5F99C305458297CA
:100A600041016F00DFFBEF025FF91734FF1F130432
:100A700064F91C4001111397170163570700EFF049
:100A8000DFF805616F00BFF97C003ECAB7070700B9
:100A9000AA843ECCA5457C0048083ECEEFF0CFD8D6
:100AA000A6854808EF504F8A4808EFF08FD91C40C0
:100AB00093E707101737FF1F2326F7F4D9B7EF0284
:100AC000DFF31734FF1F1304E4F383278413BD659A
:100AD000938505A69C431735FF1F1305250A83C47C
:100AE0000700EF308034032584139735FF1F83C53B
:100AF000A504EF908FEB05C91735FF1F034585034C
:100B0000EFF07F83834704131737FF1FA304F70217
:100B10009737FF1F238007021C40A183858B91C755
:100B20000D45EFF05FF46F009FEFA54763F497006A
:100B30000945C5BF6388F4009737FF1F83C7C7EF18
:100B4000E39097FE97C700009387073A0327841323
:100B50008E04BE9483D74400835647008507E399EB
:100B6000D7FC08439C400505829775BFEF02FFE85C
:100B7000834645001737FF1F0347D7FB83475500C0
:100B80006317D7003A85EFF00FFB6F005FE9173668
:100B9000FF1F034626FA9734FF1F9384A4E66304DD
:100BA000D6020507E393E6FE1737FF1F2304D7F8A5
:100BB00003A7841314472312070014C37D579736E5
:100BC000FF1F239AE6F613D427009737FF1F83C72A
:100BD00097F663F687000945EFF0FFE87DB763916C
:100BE0008702A557B307F40203A7841303474700FE
:100BF0008D07BA9703D7450093F7F70FE39DE7FCFE
:100C00009737FF1F83C727F3B3D78700858BB5DFDF
:100C10005D459307F4FFB387A70203A7841303D6A8
:100C200045008C410843D1073E95EFA0A00403C7BF
:100C300024138547B397870093C7F7FFF98F1737BA
:100C4000FF1F230AF7EEB1F3EFF07FE73DBFEF029E
:100C50005FD859711C083ECCB70706002A843ECEE7
:100C600058181C0897C60000938686261736FF1F63
:100C70001306D6EA930500021735FF1F1305C5D9E1
:100C80003ED0EF90CFD619C11D4589A0D80897C690
:100C90000000938666241736FF1F130636E8930577
:100CA00000021735FF1F130525D7EF904FD469FDBC
:100CB0003546930571054810EF90D07BD408228605
:100CC0004C104818EF90EFED09C51945EFF0BFD96A
:100CD000D9A8D80097C60000938686201736FF1F34
:100CE0001306D6E3930500021735FF1F1305C5D27F
:100CF000EF90EFCF51F9034661062808A1458349DB
:100D00004106034B510632C603447106834C8106EB
:100D100003499106034CA106034AB106834BC10661
:100D2000EFF08FB02808EFF0CFB135EDFD57173752
:100D3000FF1F2303F7D09737FF1F938767EE984372
:100D4000BE8A8144324611CF9737FF1F938787EDC4
:100D50009C4381CB9737FF1F9387C7CAC443B334E3
:100D600090002204336494012209220A4204B366EB
:100D7000890193958900DC0033677A01C18EB3E560
:100D80006501C808EF40CFD619ED83A70A0081C7D7
:100D900099C0EF1020069305007D1735FF1F13053E
:100DA000E5DDEF30800865616F003FC6EF02FFC4EC
:100DB0001971AA84AA8534101736FF1F130606CAB4
:100DC0001735FF1F130585CBEF90EFE119C11D45C6
:100DD00019A841469735FF1F938545C62810EF9007
:100DE000106709C51145EFF01FC8A5A21734FF1FF2
:100DF000130444C11C409735FF1F938525C51397E5
:100E0000170163470700A6859734FF1F938404C426
:100E10009736FF1F938696D026861735FF1F13053A
:100E2000E5C4EF900FE245F51C4013971701635599
:100E30000712BC083EC6B70727003EC83818BC08D2
:100E400097C600009386C6081736FF1F130616CDF7
:100E5000930500021735FF1F130505BC3ECAEF902E
:100E60000FB935F5B80097C600009386E606173629
:100E7000FF1F1306B6CA930500021735FF1F13059F
:100E8000A5B9EF90CFB621F535469305B1042808F2
:100E9000EF90505E184497C600009386660417369C
:100EA000FF1F1306B6C71107930500021735FF1F72
:100EB000130585B6EF90AFB3E31B05F01C4403D5D3
:100EC0002700EFB00FCFAA84E30305F09D4568002B
:100ED000EFF08F9583C5E401930790054146B385F4
:100EE000F502680093850503A695EF401FC41C44D6
:100EF000680083D52700EF40DFC82685EFB08FCD8F
:100F0000AA856800EF405FC49737FF1F9387879AD1
:100F10008C436800EF40DFC91C44680083D507009C
:100F2000EF403FC6A1456800EF409FBDB2462C0888
:100F3000281885063686EF906FC519C1194565B525
:100F40006800EFF00F9011E5A1471737FF1F230549
:100F5000F7AE09616F00BFACEFF06FC5DDBFEF0208
:100F6000DFA979713C083EC6B70716003EC8973521
:100F7000FF1F9385A5AF3C081735FF1F130505B16B
:100F80003ECAEF902FC819C51D45EFF0DFAD456192
:100F90006F00FFA81736FF1F130646AE9735FF1FD9
:100FA0009385C5AC1735FF1F130505A7EF90AFC795
:100FB00061FDC1451735FF1F130545A9EF80EFE817
:100FC00061F595456800EFF02F86C1456800EF4058
:100FD0003FB3AA861736FF1F130646A89735FF1F93
:100FE0009385C5A61735FF1F130545A9EF90AFBF21
:100FF00041FD6800EFF0EF8459F99737FF1F9387A1
:1010000067A09C43B983858B93B717009507173763
:10101000FF1F2303F7A2A5BFEF023F9EAA8541460B
:101020001735FF1F130585A1EF90D0449737FF1F99
:101030009387479D9C431397170163560700EFF072
:101040000FB76F00DF9DEFF09FF1E5BF9737FF1FF0
:101050009387479B9C4313F7F7F79736FF1F23A30C
:10106000E69A13F7070809CB858B99C7EF02FF981B
:10107000EFF0FFEE6F00BF9A8280EF021F98973467
:10108000FF1F9384249880403971AA859317140117
:1010900063D4070613641400130600041735FF1FFA
:1010A0001305D5A39737FF1F23AE8794EF90903C8D
:1010B000EFE03FE89C401734FF1F130434A213975E
:1010C0001701634607001734FF1F1304349DA285E0
:1010D0000A85EFF04FB3930504020810EFF0AFB2AA
:1010E00097050000938505140A85EF904FC01DC930
:1010F0001D45EFF05F973DA0130600041735FF1F55
:101100001305D599EF90103793579400858BC5DF61
:1011100093571400858BC5FB136414009737FF1F8A
:1011200023A2878E21616F009F8FEF021F8D1D719B
:101130003C083EC6B70746003EC801453C083ECACB
:10114000EF904FB719E51D45EFF0FF9125616F0056
:101150001F8D2A848D456800EFE01FED9305000286
:101160006800EF40FF99A285EFF0EFA99305000218
:101170006800EF40FF9893050402EFF0CFA8173402
:10118000FF1F130424881C40B24513060004139764
:10119000170185051735FF1F130555906346070096
:1011A0001735FF1F13059593EF90D02C6800EFE0E3
:1011B0005FE949FD1C408566138706805D8F173601
:1011C000FF1F2321E6841737FF1F1307A7A5184326
:1011D00001CF584011CB7D771307F77FF98FD58F5B
:1011E0001737FF1F2320F7821C4013971701635BFB
:1011F0000700A583858BB9FB8D471737FF1F230D8C
:10120000F782A9B713D757009983D98F858B130716
:10121000F00F91E315479737FF1F238FE7803DB706
:10122000EF02AFFDAA851725FF1F1305E57EEFF03E
:101230008F9D9727FF1F9387E77C9C431397170188
:101240006352070413D7670093D65700558F058B59
:1012500011EB13D77700058B01CB91471727FF1FA1
:10126000230CF77C6F00AFFB139737016355070022
:10127000EFF0FFCEC5BF0967D98F1727FF1F2323C4
:10128000F778CDB713D79700058B05C71547972675
:10129000FF1F2383E67A856613F7F7F7558F9726A6
:1012A000FF1F23A1E67693F70708CDDFEFE03FF9B4
:1012B00055BFEFF09FE77DB7EF022FF41724FF1F14
:1012C000130444748327C4149DCF03474500973704
:1012D000FF1F83C7A7876318F7021C409183858B84
:1012E00099E3EFE01FC51C4013971701635F0700E8
:1012F00013F7F7BF9726FF1F23A6E67093F7074063
:1013000089C7EFF09FE26F008FF11840FD77938758
:10131000F77F13164701F98F856663470600172785
:10132000FF1F2321F76EC5B7D58F139617016347AB
:1013300006021727FF1F2327F76C1C40139717017E
:10134000E34307FC13F7F7F79726FF1F23ACE66A82
:1013500093F70708CDDBEFE09FEE75B7F57793873E
:10136000F77FF98FD58F9726FF1F23ADF668931768
:101370002701E3D407FCEFF09FBEC1B7EF02EFE710
:101380008347050091C70945EFF0EFED6F002FE9A6
:10139000834715002A8413F7E70F75F71737FF1FE8
:1013A0001307078018430346C700E31EF6FC972780
:1013B000FF1F93872765944393F7F6DF19C293E7DE
:1013C00006209726FF1F23AFF662A583858B81C772
:1013D0001C4B91C382971546A2851725FF1F130545
:1013E000A56BEF9030098D471727FF1F2306F76481
:1013F000034644008345340003452400EFF02F8268
:10140000E35605F849B7EF02CFDC172BFF1F130B8C
:101410006B5F03270B0001119317170163D00702BD
:101420003C003ECAB7070B003ECC3C003ECE834793
:1014300005002A8499E70945EFF0EFE205616F00A6
:10144000CFDC8347150083462500A207D58FC2074E
:10145000C1878546E391D7FE83463500E3EDD7FC8F
:10146000972AFF1F938ACA7383A70A0001499C5BCE
:10147000ADCFA5CE13670720834444009727FF1FF5
:1014800023A2E7588547E3E897FA034C5400A147A5
:10149000E3E387FB8349640003457400A209B3E9D1
:1014A000A90013F709FE41FB834B8400E3E577F9BC
:1014B000034A94000345A400220A336AAA009377E2
:1014C0000AFFB5FB834504001726FF1F0356665429
:1014D0001725FF1F0355C553EFF08F969727FF1F62
:1014E00023A6A75211E5154581BF1377F7DF69B72A
:1014F00083A70A0091C403C7870119C3D84B61EFC2
:1015000083C4970163F39B00DE8483D7A70193F420
:10151000F40F13F7070101C713778A0059EBBD8B4E
:10152000D1CF13757A0059C9EFA07FAE83A70A0007
:101530007D15937BF50F03D5A701A94C3D89EFA03D
:101540001FAD7D15137AF50F03A70A008347C70166
:101550006373FC00E28713FCF70F8357E70113F76F
:10156000870001C713F7090131EF9D8BADC313F558
:10157000F90031CDEFA0BFA983A70A007D159379AB
:10158000F50F03D5E7011D89EFA07FA87D1513791D
:10159000F50FA947B307FC0233879403636AF70C7E
:1015A000638C0C0C639C040C81490149814B014AFA
:1015B0003DA0930C4002114A8D4B79B7814C014AF2
:1015C000814B59B7930740020D499149E1B78147D3
:1015D00001498149C1B781448149854B054A2D465E
:1015E000A2851725FF1F1305754AEF90A06889454E
:1015F0004808EFE07FA381454808EF40EFD48325FA
:101600000B004808A5818589EF400FD4DE85480886
:10161000EF408FD3CE854808EF400FD3A68548080A
:10162000EF408FD2D24515461725FF1F1305C5463B
:101630008505EF9020644808EFE0BFA0E31005E0C7
:101640002686CA855285EFE09FDD01C50945EFF08A
:101650008FC183270B00A583858B89C783A70A00C9
:101660009C5B829783274B0099CFEFF01FACF9B3B7
:10167000E284894B0D4AA5B781443DB7DE89528982
:101680008D4B094AA9BF83270B0093E70740172713
:10169000FF1F2329F7365DB3EF028FB48347450060
:1016A0002A891725FF1F0345F5486316F500EFE06B
:1016B0009FC86F002FB61724FF1F1304A43483297B
:1016C00084132E85AE84EF406FD62392A900834702
:1016D000490026851727FF1F230EF744EF402FD11F
:1016E0009727FF1F238AA7448327841303D7470024
:1016F00009E70945EFF02FB76DBF83D76700E3EA2D
:10170000E7FE83475900898381C7D146E3F3E6FEAC
:101710001727FF1FA301F7421725FF1F0345A54108
:10172000137715009307F00F05C31345F5FF1375E5
:10173000F50FEFA0DF8D7D159377F50F1727FF1FAE
:101740000347773FE367F7FA1727FF1F0347A73ED3
:1017500011C3BA87034559000981130715000545D0
:101760003315E5007D157D8D9727FF1F2385A73C49
:101770008327841303D644008C408843EF90804F26
:101780008347241393F7E70F1727FF1F2305F73A23
:101790008DF3EFF0CFB231BFEF022FA60345050066
:1017A000EFF0AFA66F00AFA7EF022FA52A89AE8496
:1017B0000144EFA01FF9634494006F004FA6330566
:1017C000890042054181EFD08FA50504EDB7EF02F6
:1017D000CFA201449724FF1F9384C40D5949EF30D1
:1017E000BF866344A4006F008FA33305240383A73F
:1017F000840A3E958357050081C78545EFE07FEC5D
:101800000504F1BFEF02CF9DAA8401441729FF1FF1
:101810001309490AD949EF303F836345A4000145C4
:101820006F004F9F330534038327890A3E95035782
:10183000050063E7E40083474501BA97E3C2F4FE7D
:101840000504D1BF9727FF1F938787359C43DC5F33
:1018500091C7EF028F9A82976F006F9C82809727C3
:10186000FF1F9387E7339C43BC4391C7EF02EF9878
:1018700082976F00CF9A82809727FF1F93878718E0
:1018800098439316170163D30608EF020F9780471A
:1018900001498345440103550400EFA09FEA8347B3
:1018A0004401634BF9022285EFE0AFCD9727FF1F7C
:1018B00023AE0714FD5701451727FF1F230EF71608
:1018C000EFF0AF9403464401835504000355240010
:1018D000EFF0FFF86F00AF94035504009314090173
:1018E000C180269542054181EFD06F9303550400D6
:1018F0000509269542054181EF20802C03550400FF
:10190000269542054181EF20C02B51BF8280972749
:10191000FF1F23A5A7288280EF022F8E9727FF1F86
:101920009387470EDC436D54639FA700EFE07FE091
:101930009727FF1F9387C7269C432A849C5F81C7F4
:1019400081450945829722856F006F8DEF02EF8AEE
:101950009727FF1F9387070BC84309C5EFF0DFFBED
:101960006F00EF8B25459727FF1F2386071CEFF09D
:10197000CF89FDB79727FF1F9387872288438280EF
:101980009727FF1F9387070888430981058982806D
:10199000EF02AF8641112A84EFF09FFE2DC9035755
:1019A0004400954763F8E7062285EF406FAB2AC4F1
:1019B0002285EF40CFA32306A1002285EF402FA36D
:1019C0009727FF1F938707049843A306A100098365
:1019D000058B11C783A6C712A247639DF6020D8926
:1019E00097B700009387C74C0E05B386A7008355B1
:1019F000440003C6560063EFC50001E703C7460075
:101A000011EBAA979C43A2852800829721A0EFA002
:101A10007F9951D541016F008F809727FF1F9387D2
:101A200027189C43FC4391C7EFF23EFD82976FF06D
:101A30001EFF8280EFF27EFC97F5FFFF9385C5F1D4
:101A40001725FF1F13058511EF2040326FF03EFD73
:101A500015C5EFF29EFA2A8497050000938545EF9D
:101A60001725FF1F13058511EF2040309727FF1F13
:101A700023A88712EFE0FFCB6FF07EFA7D558280BE
:101A8000A9E182808327090013171400BA9783D72E
:101A90000700638697020504EF308FC6E344A4FE77
:101AA0000144EF30EFC5635CA400032709009317DE
:101AB0001400BA9703D7070019EB239097006FF033
:101AC0001EF6EFF29EF32A89AE840144F1B70504B5
:101AD000C9BFEFF29EF24111AA8401442EC6EF3035
:101AE0002FC2B245635CA400984093171400BA97C4
:101AF00003D707006317B7002390070041016FF079
:101B00001EF20504E1BFEFF25EEF9727FF1F9387F8
:101B1000A7109C432A87AE86328889CF9728FF1F5B
:101B20009388480F03A3080089486315130182971F
:101B30006FF0FEEE9727FF1F9387C70E9C4301456A
:101B4000E5DB9727FF1F9387E70C90438547E31159
:101B5000F6FE4286B6853A85EF203FE0D1BFEFF230
:101B60003EE82E8A3284AA89EF203FDE751583571E
:101B7000440093140501C1801379FA0363FE9700B2
:101B8000CA852285EF30BFF1035644000C404E85D4
:101B9000EFF07FF76FF01EE8936509042285EF30C0
:101BA0001FF00C4026864E85EFF0FFF5A6852285B6
:101BB000EF307FF0136909088357440099CF8507F8
:101BC00063DF970093650A0C2285EF305FED0356C3
:101BD00044000C404E85EFF01FF3014565BFCA85F8
:101BE0002285EF30DFEB0C4026864E85EFF0BFF10B
:101BF000A6852285EF303FECC1B7EFF21EE0797188
:101C00003C083EC6B70717002A84AE843EC8680069
:101C10003C0885453ECAEF40EF886C002685EF30D2
:101C2000FF8C700085452285EFF07FF345616FF0F2
:101C30001EDFEFF29EDCEF30AFAC89450605EFA06A
:101C40002FBFE55711C59727FF1F23ADA7F6814783
:101C50003E856FF0DEDC9727FF1F938767F6985B62
:101C6000239607021725FF1F130505F898D78280D2
:101C70001727FF1F1307C7F418436316A702172778
:101C8000FF1F034767F475179387D5FF13371700B6
:101C900093B71700FD566319F700EFF21ED6EFF069
:101CA0001FEC6FF0DED7ED5636858280EFF25ED303
:101CB00005EDC16401441729FF1F1309A9BF93094A
:101CC000400EFD1421A8330534038327090B3E95EC
:101CD0008357C50163839700D13F0504EF304FA4BC
:101CE000E343A4FE6FF01ED39727FF1F938747EDB2
:101CF000AA85884365D9EFF05FF0EDB7EFF25ECECD
:101D000079711C083EC2B70720003EC41724FF1F8C
:101D1000130404EB1C083EC61C40D9C31727FF1F41
:101D2000034787EA8947AE842A896315F704814906
:101D300011A85C4013971900BA9783D707006381F5
:101D400097068509EF30CF9BE3C5A9FE854548007E
:101D5000EF305FF503564900832509004800EF3056
:101D6000DFDC084050008145EFF09FF005454561FC
:101D70006FF05ECAC167FD17E38AF5FC8547631102
:101D8000F702814911A85C4013971900BA9783D7CD
:101D90000700E38D97FA8509EF308F96E3C5A9FE1A
:101DA0000145F1B723000502232205028280EFF2EC
:101DB000DEC485472300F5022A84EF20DFB797278A
:101DC000FF1F938727AF83A7070B48D01725FF1F57
:101DD000130545DD1D8CB7F723B8938797E0098479
:101DE0003304F4029727FF1F23AA87E2EF20800223
:101DF0006FF0FEC2EFF2DEBEEFA0CFDAE95705C109
:101E0000C16401441729FF1F1309C9AA9309400E91
:101E1000FD14094AEF30CF906346A40081473E8508
:101E20006FF05EBF330534038327090B3E9583575C
:101E3000C501638897008347050263844701EFF07B
:101E40001FF70504C1BFEFF25EBB834705FE854661
:101E50006398D7001305C5FDEFF09FC26FF03EBC3D
:101E60008946E39DD7FEFDD91305C5FDEFF07FC67A
:101E7000F5B79727FF1F9387E7D998433DCF85464E
:101E8000F157631DD706EFF25EB79727FF1F9387C1
:101E900027D32A8788433E8405C99726FF1F83C618
:101EA000A6D28D476392F60239E39727FF1F9387E7
:101EB00067D79C4395EB9727FF1F238707D01C40CC
:101EC00003D50700EF205FACEF207FAD1725FF1F84
:101ED000130545CD9727FF1F23AE07D2EF1070766D
:101EE00081473E856FF0BEB3EFF01FA3E9B70355FE
:101EF0000500CD45EF209FA8D9B7F9573E858280D0
:101F00009727FF1F938707D19C437955BDC3094786
:101F100071556383E7008280EFF23EAE1724FF1F06
:101F2000130404CA184015C3834784008546FD176F
:101F300093F7F70F63EBF60003550700CD4597279E
:101F4000FF1F238307C8EF207FA31C4003D5070092
:101F5000EF205FA6EF207FA71725FF1F130585C47D
:101F60009727FF1F23A807CAEF10B06D01456FF038
:101F70001EAB828015C1EFF25EA81C41AE842A849C
:101F800089C72E860145814582975C4081C7A68519
:101F9000014582976FF0BEA88280EFF21EA697A738
:101FA00000009387A77B9C43AA8501459C478297A5
:101FB0006FF0FEA6EFF27EA42A8403458501930705
:101FC000F00F6314F500EF60CFD9930720033305BA
:101FD000F5020328C40181460147930500029307D7
:101FE0006509034574017D8905053356D800058AC6
:101FF00001C605071377F70F8506E398B6FE198D1E
:10200000130740063305E5023E959307C01263545B
:10201000F5001305C0126FF09EA0EFF27E9C1C4DE0
:1020200003548500B28995834E04858B4111AA849F
:102030002E894D80314691C321463307260383D72D
:102040004401998F6344F60013F6F70F83C56401CA
:102050004E8532C6EF305FAF9C4C935564004E8581
:10206000860793F70708DD8DEF301FAE0A049355FE
:102070003900C18D93F5F50F4E85EF30FFAC9C4CC8
:10208000931559004E85FD8BDD8D93F5F50FEF30DF
:10209000BFABDC40931529003246BE958C414E857E
:1020A000EF30BFA841016FF0FE96EFF27E93AE8A4B
:1020B0008345A5002A84B28905450146368A3A8BB4
:1020C000EF20BFBD3DC19304C5002A89A5452685E3
:1020D000EF305FBD630D0B0483450B0093F5F507EF
:1020E0002685EF307FA603D64A0083A50A00268501
:1020F000EF30BFA39717FF1F938707649C43C9C79F
:1021000050401C40835584000356460003D5C70148
:1021100005478146EF80DF8915E95C4083974700DA
:102120006354F0064A85EF30FFC16555A1A85C40B5
:102130000547814583D727008D07C207C183E37117
:10214000F7FA0C44E98193E5050459BF9717FF1F7F
:102150009387475E83A807000548A6870547814601
:10216000014681452285829805C15C4083974700DE
:10217000635CF0004A85EF30FFBC4E85D285EFF0FE
:102180007FDF01456FF01E89D2864E86CA85228583
:10219000EFB08F85C5BFEFF2BE842A8413054502D8
:1021A0002E89EF10104A9717FF1F9387E7589C431B
:1021B00095CB8307740163D7070203467401054575
:1021C00081457D8A0506EF80C02E5C4C7D15638BB2
:1021D000A700035624018355040108409306840098
:1021E000EF809F8F81445840939924004E97084375
:1021F00019C5EFF09FDA5C40CE9723A00700834714
:1022000074018504FD8BE3D097FE8347740193F737
:10221000F7FBA30BF400630B09008147014823205F
:1022200004001CC423260401232804006FF08EFE42
:10223000EFF20EFB9C45AA842E84B28923920500FE
:102240009CC10149DC4013172900BA97D8488C4338
:10225000A1479316270063C30600B14733872703BE
:1022600003D64401198E63D3C7003E862285EF3022
:10227000DF8B83C774010509FD8BE3D527FD83C779
:10228000740193F7070291EB83574400214763934E
:1022900009001147998F2312F4006FF0AEF7EFF2A7
:1022A000CEF52A83084103DE050041110355C5011F
:1022B0006313AE0603454301098911C503C54500F3
:1022C000138E650119E1138E550083450E001377B7
:1022D000F7037D55639EE502BE85B68783264301DD
:1022E0004285468713F816009716FF1F9386865C73
:1022F00094428358A30032C0B3860641035883003A
:1023000036C22E86AA86814513051E00EF709FDE19
:1023100041016FF0CEF07D55E5BFEFF26EEC2A84FF
:10232000035585004111BE89AE8A328AB6843A8946
:10233000EF101FEAE15739E103558400EFF08FCC2D
:10234000FD570DCD5C488358A4004E8713F8170045
:102350009717FF1F938707569C43CA8656C0B387BB
:102360000741035884003EC22686D2878545110561
:10237000EF705FD83335A000B307A0403E85410120
:102380006FF04EE9EFF26EE72A8413058502EF1035
:10239000502B81471CC48357840101482320040229
:1023A000C607C58323220402232004002326040138
:1023B00023280400231CF40081448347A4019DC703
:1023C0005840139924004A97084301CDEFF0FFBC11
:1023D0005C40CA9723A007008347A401FD17230D83
:1023E000F4001C4C8504FD8BE3D997FC1717FF1FE5
:1023F0001307474C1C47230D040093F6F7FD1716EF
:10240000FF1F232DD64A93F7070289CB0843814546
:10241000EFA00F8201C50145EFA00FA96FF02EE0DC
:10242000EFF22EDB832A0502032A4502AA84AE8935
:1024300001490144171BFF1F130B8B7F930B800473
:10244000EF205FB2634BA90201CC83578401814521
:1024500013058402C607C583231CF400EF10F01C8B
:102460002685EFF03FF263880A0083A74A0081C700
:10247000D2854E8582976FF04ED9B3077903032733
:102480000B00BA97638DF402039787016359070223
:1024900083D6070103D704016393E60283D627019D
:1024A00003D72401639DE60009CC5444D847636AEE
:1024B000D7006396E600144498476364D700050983
:1024C00041B73E84EDBFEFF2AED1184179712310D0
:1024D00001028357C701231101023AD2231CF100E4
:1024E0008357850103476501231F0100EA07FD8724
:1024F000231DF100835725010A07231EF1009307CE
:1025000000F8A300F1028347B5012301F1023C0862
:102510003ED4835705012316F10283477501230733
:10252000F1021C4D9D83858BD98FA307F102834750
:10253000D50195CBF1742A8417B900001309C99FFE
:102540009384F40F184C9357870093F7F7037D8B10
:102550006371F7028357840171771307F70FF98FBF
:10256000231CF400A5A0A555EFF09FEB45616FF08B
:102570006ECA58408A07BA979C43D1C383457401F9
:1025800001460545EF206FF1AA8929C11306C50050
:102590003285A54532C6EF30EFF00C4C324622852D
:1025A000A18193F5F503EFF05FA78347C401A286ED
:1025B0004A868507230EF400CE854810EFA0DFC2BF
:1025C0001DCD8347C401FD17230EF4008347C401CA
:1025D0008DE38317240113058402930520036358B8
:1025E000F0008347B401B385B70293850519EF1056
:1025F000D0038347D401FD17A30EF40085BF1C4C04
:1026000003578401A183850793F7F703A207658F1A
:10261000D98F231CF4003DB7EFF22EBE130585FDC4
:10262000EFF07FEA6FF0AEBF0347A50139CF034754
:10263000C501AA877D171377F70F230EE50031E751
:10264000EFF2AEBB83162501634AD0000347D501E4
:1026500011E78145EFF0DFDC6FF06EBC03D6870138
:102660001167130707F0718F13858702814519EBF6
:10267000930520036358D00083C7B701B385B70221
:1026800093850519EF10607AC1BF8280EFF2EEB634
:102690002E85EFF07FF96FF08EB8EFF20EB683570C
:1026A0008601AE84328413971701634E07001C52D3
:1026B00099CB9C4389CB50528297835784011167F1
:1026C000D98F231CF40081C42285EFF0FFF56FF051
:1026D0000EB5EFF20EB0AA8413F5F507328915CDC9
:1026E000A947630BF51883C74401014493F7070416
:1026F0009DCB9717FF1F9387A70398436306071C7B
:102700009717FF1F9387071B9C5F9183858B639DA2
:10271000071AA68502972A8439A0035746009547D1
:1027200063E6E7007D5422856FF02EAE3285368A4F
:10273000EF30CFCF9317150193D937019717FF1FAC
:10274000938787FF9C43935AF500C20A93DA0A01E4
:102750008DCB8387440163D60702DC4813F717004B
:102760009717FF1F938707159C43998F13D78700EF
:10277000E207B3E737012320FA002322EA000144ED
:102780005DB74A85EF30CFCD096B83DB84002A89A2
:102790008144171CFF1F130CAC49930C80047D1B54
:1027A000EF204FFCE3D0A4F83384940383270C007C
:1027B0003E9418445444B3776701639037058357B8
:1027C0002401638D7701638A0A021C4C0346A4012D
:1027D000FD8B85076313F602231974018317240107
:1027E000E352F0F42320EA002322DA0063190900FF
:1027F000A9552285EFF0DFC259B7850455B74A8540
:10280000EF90FF801C4C7D15FD8BE3CDA7F01305E9
:102810008402370A0040EF10C0627D1A854A4A855B
:10282000EF90AFFC01E98347A401A9C72285EFF02F
:102830009FC9B1B75840B30745018A07BA979C436F
:102840009304F5FF8DC393F9F40F8A094E9708435B
:10285000EFF0AFF45C40BE9923A009008347A401C8
:10286000FD17230DF40033959A001345F5FF3379D6
:10287000A90075B78145B5BF035746008947E3F303
:10288000E7EA03D7A4009717FF1F83D7E73901446E
:10289000E31BF7E83285EF308FB5AA894A85EF3020
:1028A000EFB8D04493F9F907AA8621829377F60707
:1028B00005461D8E83D5A40003D584004E9613765D
:1028C000F60FEF50BF8385B59717FF1F9387C7FC9F
:1028D0009C436154E38907E44A86A685829725BD17
:1028E000EFF2AE8E7971AA8A2E8A32C0368B3A8484
:1028F0008144014D01499719FF1F93896933930B57
:102900008004EF202FE663CCA414F15463050D146A
:1029100003A64A00630504188347040093E707F8F9
:10292000230BFD0083D78A0003574A00B33580008C
:102930002318FD0083574600A1492319FD00930782
:10294000F7FF11E0B149B3C7370383568D0117155F
:10295000FF1F130525F6231AED00819A9605FD8BBE
:10296000DD8E231CDD008507230DFD001C4503289B
:102970004500898313F717001C41998F13D78700EF
:10298000E207B3E707012324FD0083A70A002326FB
:10299000ED0023226D032320FD0082472320FD024A
:1029A00093070040231EFD0083C7AA00A30BFD0070
:1029B00003A78A004D839377070413F7F6FB5D8F17
:1029C000231CED0083C7BA001377F7F79316F900BD
:1029D000858B9E075D8F93171701C583D58F13D7FE
:1029E0008700231CFD0093770708A30CFD00835785
:1029F0008D011307F00F93F7F7FDCD8F231CFD001A
:102A00008347A6002AC2639DE70AEF509FB5A30D36
:102A1000AD009714FF1F938424D29C40130C8D00AB
:102A20006388071683270D0003278D0103562D01A8
:102A300083D58A0003D5C7017D8B0507E286EF7039
:102A40003FF76317051483172D016353F0146A854C
:102A5000EFF05F93E554268545616FE0DEFAB387BA
:102A6000740303A70900BA9703C7A7010DC703D6CC
:102A70008A0083D607010147631BD60003A74A00DB
:102A800083D72701035747001D8F1337170033697A
:102A9000E9008504BDB5E31E0DFE3E8DDDBF835705
:102AA000260005478D07C207C1836365F7009307BA
:102AB00000F8BDB583A78A00E98393E707FC8DB5CD
:102AC000A30DFD00B9B73247035CA10063F3E70033
:102AD0003E8C83A70C00420C135C0C019C4362D01B
:102AE00001460C1001458297AA8935D1E2855285AD
:102AF000EF20BFFD6286AA854E85EF80A017832751
:102B00004D00131C2400E29723A037019C40A1CF65
:102B10001C103ECAB70710003ECC50081C10A285FE
:102B20006A853ECEEFF06FCF03278D0109467D8B7E
:102B30006303E400054603AE0D0005485C08050785
:102B4000DE8681455685029E19CD83A74A0083976C
:102B50004700635AF0004E85EFF02FC483274D00E5
:102B60003E9C23200C0005041374F40F83574A0085
:102B7000B9FB9C40A9C383274D009C438DEF6A8518
:102B8000EFF05F800245DA85EFF0CFBE8144E1B51A
:102B9000814B11E0E28B93970901C1830144231516
:102BA00031013EC697AC0000938C4CBB971DFF1FB4
:102BB000938D4DB865BF63050900EF901FB3F9B75A
:102BC0006A85EFF05F909717FF1F938727CD9C438F
:102BD0008144E38207E892479C5F9183858BE38C75
:102BE00007E6EF90AFA885BDEFE23EE1EF208FB79B
:102BF000930780043305F502A145EF906FC301E50B
:102C000065556FE0DEE19717FF1F23A3A70201447C
:102C10009714FF1F9384C40113098004EF208FB41D
:102C20006369A402EF200FB5A1451A05EF904FC0CC
:102C300061D99717FF1F23ABA7FE0144B1441719B1
:102C4000FF1F1309A9FEEF20EFB26364A402014540
:102C50004DBFEF202FB091450A05EF906FBD4DD1CC
:102C6000330724039C4005041374F40FBA97C8C3B8
:102C700075B7EF202FB1335595029145420541813B
:102C80000A05EF90EFBA2DDD8327090013176400C2
:102C90000504BA97C8C31374F40F75B7EFE25ED496
:102CA000C1642A8901449719FF1F9389A9C0130A97
:102CB0008002FD14EF20CFA76345A40001456FE01B
:102CC0007ED53305440383A7C90A3E958357050083
:102CD0006386970083572500E38327FF0504D9BF48
:102CE000EFE2BED1C167BA841387E7FF4111368492
:102CF000639BE500238004009717FF1F938707C598
:102D00001CC081471DA8F5172A896391F5043285F7
:102D10002EC632C4EF10CFCB71FD9717FF1F9387DC
:102D200067CE9C432246B2451397170163500702B2
:102D30003285EFE03FAD11E5FD573E8541016FE083
:102D40001ECE110508C02380040065BFE30609FEFE
:102D50002E85EFF0BFF4E1576DD10347F9018947A4
:102D6000631DF7008347450089CB930775011CC09D
:102D7000834765012380F40069B7930765001CC091
:102D800083475500C5BF83D7450099E77D558280AD
:102D90007D5505616FE01EC8EFE29EC41307001861
:102DA0002A8401112D55E366F7FE2E85B6893289F6
:102DB000AE84EF207FD38D47E3FCA7FC03DA440009
:102DC000EF200F9811055C406358450103C7970039
:102DD000136707F8A384E70003D6470083D52700CD
:102DE00008401307B1017408EFF09FEF5DF18347CE
:102DF000B101139727008347B4008D8BD98FA305AA
:102E0000F4005C408387970063D907002685EF2094
:102E1000BFCD13358500134515008347B400060563
:102E20009166F59B5D8D5C40A305A400014703D529
:102E30004700A167A98F63F5D700EF501F812A874C
:102E40005C409716FF1F9386E6A683A8060083D5ED
:102E5000270003D847009C4610448D058983858B45
:102E6000B387F8403EC0C20583A84600835784005C
:102E700072456582C181A686058A93B52500EF70EB
:102E8000CF9EE31805F05C400147CE86838797000C
:102E90004A86A685228563D50700EFF07FA4D5BDBD
:102EA000EFF0AFA0FDB5EFE25EB532883A8613973A
:102EB000060101114183A307B100231CE100231D7A
:102EC000E10042CA42CEAD45584163F8D500834582
:102ED000970093E505F8A304B700FD562311D7002A
:102EE00003079700635B07001307F100BE864C08D9
:102EF000EFF01F9F05616FE09EB21307F100BE86E1
:102F00004C08EFF08F9AFDB7EFE29EAD3E848357F9
:102F1000C5010111231901002314F100FD572315E8
:102F2000F1003C002ACA23170100231801002316D0
:102F3000C1002309D10002CE3ECC2E89BA89C284B9
:102F40002E8563040800EF102F9B231EA100EF5075
:102F50002FA29717FF1F9387E7959C5F230FA10070
:102F600001459183858BADE3420913590941635DA6
:102F7000200503D709001398F40099464E074583AE
:102F80003368070193178800420813580801135843
:102F9000880033E807019357040113D78700A30182
:102FA000F100931784004204418021805D8C23014D
:102FB000E100814701470A86814548082310010145
:102FC00023128100EFF03FEE05616FE0BEA4EFE257
:102FD000DEA22A849304C5FDEF10FF958327C4FF6A
:102FE0001D8DBD67938707A663F8A70081452685D9
:102FF000EFF06F9A6FE0BEA2032804FF8355E4FE52
:10300000832784FF834644FF0356C4FE0325C4FD83
:103010001358F801130744FEEFF01FEF2685EFE089
:103020007FF9AA852285EF005060E9B7EFE2FE9CA8
:1030300001112E89AA84EF501FDD2A84FD57231524
:10304000F1008357C40203554503231901002316D9
:10305000F1008347140323170100231801002309FB
:10306000F1002314A10002CA02CC02CEEF906FB48B
:103070002ACA08403C003ECCEF100FA7835705003A
:10308000231EF100EF50CF8E8357C402230FA100FF
:10309000B1CF834714032302F100EF50AF9A7D159F
:1030A00013341500EF504FBD85476314F5001364CA
:1030B0002400EF506F9A85476314F50013644400B1
:1030C0009707FF1F9387077F9C5F9183858B99C329
:1030D00013648400CA8726878D465000A945480896
:1030E000A302010023038100EFF0FFDB05616FE025
:1030F0001E93EFE29E9081450145EFF03FF36FE0B4
:103100001E92EFE29E8F01449714FF1F938444B2F6
:1031100013098004EF101FE56345A40001456FE02B
:103120001E90330724039C40BA9783C7A70199E3F5
:103130000504CDB70545E5B7EFE23E8CAA8401440E
:103140001709FF1F13090977EF109FD56353A402D6
:103150008327490B131534003E9583570500639C64
:103160009700231005002322050023010500EFC06E
:10317000BFB96FE0DE8A0504C1BFEFE27E862A8414
:103180002E89EF10FFD319C1014565A08347440183
:10319000414793F60703E389E6FE93F70704EDD76B
:1031A000EF101FD075D181448149170AFF1F130A00
:1031B0006A70EF10FFCE63CCA900EF107FCE639B47
:1031C000A90E81449709FF1F9389C96E89A8832797
:1031D0004A0B93943900BE9403D7040083578400AC
:1031E000E30DF7FC8509F1B783A7490B139534006C
:1031F0003E95835705009DE3630509002320A90040
:1032000061B7835784002310F5001C485CC15C48FB
:10321000858B2301F500EFC03FAFBDB78504EF10EC
:103220003FC8E3C3A4FCEF10BFC885476305F500A2
:1032300005456FE02EFE9714FF1F83D4049F1707E8
:10324000FF1F13072767939734008324470BBE940F
:1032500003D50400EFB0AFFC03D50400EFF0DFEDC1
:10326000630C0902232099009717FF1F83D7E79B60
:1032700085071717FF1F231AF79AEF107FC2420521
:103280009717FF1F83D7679A4181E3EFA7EE971740
:10329000FF1F239C0798CDBD83578400268523906C
:1032A000F4001C48DCC05C48858B2381F400EFC02F
:1032B000BFA55DBF8347440103C72400858B99C721
:1032C00025DBD8401C48E375F7F611A07DDB6305CC
:1032D0000900232099004DBD835784002685239043
:1032E000F4001C48DCC05C48858B2381F40025B7C2
:1032F000EFE2AEED03584500217102D29147832BD6
:10330000050063E707017D594A8539616FE0AEEF3B
:103310002E842A8A4C102285BA8DB689328CEFF021
:10332000DFE575F185455285EF20EFF85285EF20F6
:10333000FF8F131935000981896442054181938CFF
:10334000F4FFB37495015285EF207F8A13798901C8
:10335000935755003369F900137DF5011379F90F7F
:10336000137BFD0FE3612BFB5C481848970AFF1F96
:10337000938A4A5493F6170083A70A00B304974030
:10338000B3F49401958F93D68700B3049740E20776
:10339000DD8C23A2D90023A09900930C1B0023806D
:1033A0009D01814636CEEF10FFBCF2461718FF1F75
:1033B0001308C88763D0A604832708009394660087
:1033C000BE9498481C446316F706D84483A7490066
:1033D0008C4403A609006366F7006390E74863FE28
:1033E000C54683C7740193F70704A1C785452685A1
:1033F000EFE07FDA5C4821478D83858B91E331478D
:10340000B3046703EF101FB863C4A4040328440186
:103410008346E400035684008355A40008401358F3
:1034200078001378180081474E87EFF0FFAD2D59D3
:10343000E1BD850685BF835784002310F5001C4835
:103440005CC15C48858B2301F500EFC0FF8B49A16F
:103450009707FF1F9387472E9C4381EF814DEF1005
:103460007FB19707FF1F9387677C63CBAD045D59DE
:1034700061BD5C481307000893F7070CE390E7FE73
:103480001C4003C70D000356A4008355840003D5D8
:10349000C701CE86EF70CFD171F103284401834676
:1034A000E400035684008355A400084013587800B4
:1034B0001378180081474E87EFF01FA56559A9B50D
:1034C000984393946D00BA9403C7740193760704EC
:1034D00099C2850D69B713670704A38BE4001C40EC
:1034E0009CC05C488A0793F607029377F7FDD58F57
:1034F000A38BF40003A6090083A64900819BB3E7D0
:10350000A701A38BF40090C4D4C403C70B0093F7A6
:10351000F707238BE4000347E400238CE400035700
:1035200084002398E4000357A40023AE04002399E9
:10353000E400584813770708D98FA38BF400DC4CBC
:10354000B3D72701858B63950738DC4803574A00BA
:10355000F583858B6317690B93160901C182214698
:1035600091E33146B387C6023E97239AE400EF10F9
:103570008FBC138D440288D06A85EF00D00009ED1E
:1035800083A78A039183858B81EB2685EFE09FA239
:10359000AA856A85EF0070095C4821478D83858B79
:1035A00091E33147DC40BAC0179700001307071BAF
:1035B0001843931D2900130B01041843EE9701468D
:1035C000DA8501453ECE0297F24788C3DC40BE9DB6
:1035D00003A50D000DED032844018355A400834687
:1035E000E40003568400084013587800137818004C
:1035F00081474E87EFF05F9185452685EFE0BFB9A3
:1036000075BDA14691E3B146E383E6F6EDB90356F5
:103610004A0083250A00054A33192A01EF708065A4
:10362000DC4C668605453369F90023AE24018145EB
:10363000EF6030687D156306A90023204C01014925
:10364000E1B1125509CD835784002310F5001C48C1
:103650005CC15C48858B2301F500EFC0EFEA894728
:103660002320FC006A85EF00C07D03A84401DC4CE8
:103670008346E400035684008355A40008404E8727
:103680001358F801EFF05F888347440113F7870070
:1036900005CBB707000101464C1826853EDC5ADAF7
:1036A0005ADEEFE0FFB883C50B00CE8650182285A6
:1036B000EFF02F822A8981452685EFE0DFADA9B1A1
:1036C00083C91B0003AA84003707800183CC0B0049
:1036D000220A3AD693D979005AD45AD8135A8A0072
:1036E00083D6440125476393090015477D59E3C4F8
:1036F000E6FC1707FF1F13072704184311C793F7AA
:10370000070499E3014945BF0355A400A167116768
:10371000A98F814B63F5E700EF403FF3AA8B93D766
:103720006C00858BBDCF114C63830900214C420C8A
:10373000135C0C01014B130D8002EF106FFF931708
:103740000B014205C1834181E3FEA7FA03A3CA0A24
:10375000B30DAB034E862C1026851ACEEFE05FAD7D
:10376000A25783A5CA0A930841033EDE3EDA83D7F7
:103770004401130881026687B3878741231DF10244
:10378000DE86CE875286EE952285231C0102EFE06D
:103790001FB12A89050B55F172439A9D83D72D00DD
:1037A00075A09707FF1F9387E7259C431397170181
:1037B000635007044E862C102685EFE07FA7A257A2
:1037C00021473EDE3EDA83D7440163930900114767
:1037D000998F231DF10238105C18CE865E86D28543
:1037E0002285231C0102EFE05FB32A89F55739CD0A
:1037F0004E862C102685EFE0BFA3A25721473EDE60
:103800003EDA83D74401639309001147998F231D42
:10381000F1025C4852C0341013F7170083A70A0066
:103820004E868545998F3EC28358A4000358840074
:10383000DE8758181705FF1F13054511231C0102C9
:10384000EF605F8B2A89F957E31705E62313F4002D
:103850004C182285EF00FFDDB9BDE3E6E7AA63144B
:10386000F700E362B6AA03C70B0083C76401E31C39
:10387000F7A803AD440193578D01FD8BE39567A92C
:103880005C481357DD01058B8D83858BE31DF7A6FF
:1038900083C7740193F70704E39307CADC4C668679
:1038A000054581453ECEEF60D040F2477D15E39C53
:1038B000A7A48346E400035684008355A40008406F
:1038C0001358FD014E87EFF02FE41255E31505B6AE
:1038D00079591DBC9707FF1F2398A7348280EFE218
:1038E000CE8E3971FD57170AFF1F130AEAE43ED640
:1038F00083270A007D573AD402D2A3010102AA8489
:103900002E84638707109C4183D5A50003D5C7018A
:10391000EF700F86834744011E0593F7F707C98FA1
:10392000230AF400A5452685EF20EF98970AFF1F8C
:10393000938ACAF683A70A008DC71707FF1F1307CC
:1039400067F71C5F9183858B89CF8347440193F68A
:10395000070381EA5453214769596397E60A918B1B
:10396000C5C72685EF20AF979C40AA8B03DC440097
:103970008387070063D3070A5C48014993F7070C64
:10398000C1C71307310234105010A2852685EFF00D
:103990003F962A8983A70A0085C31707FF1F1307CD
:1039A00067F11C5F9183858B81CB5853A1476315C9
:1039B000F7002285EF806FE19C44C20B93DB0B0183
:1039C000BE9B83270A0023A07401239284018DCF1C
:1039D0008307440163DA0702631809029707FF1F90
:1039E000938747D583A80700A257FD561256034771
:1039F000310201486393D71CB2566390F61CA68728
:103A00008146A285014582984A8521616FD0BEFF1B
:103A100083C7450193F7F70721B78547A301F10253
:103A200063140C007D59BDB781452285EFF0EFF49A
:103A300075F92685EF20AF9B83474401AA8CA18BA3
:103A400081CBAA85341026862285EFE09FC891B7E6
:103A50005C48014993F7070C95DFEF106FCE110515
:103A600042054181EF10F03EAA89630605142ADA67
:103A7000231C0102EF10CFCC03D744001105231DF6
:103A8000A1024EDE914763E6E7004E85EF10503706
:103A900051BF83270A0091CB8347440193F7070462
:103AA00089E74E85EF10D035F5B50355A400A16721
:103AB0001167A98F014B63F5E700EF401FB92A8B0F
:103AC00083D74400F1172392F40093D76C00858BC1
:103AD000E1E39707FF1F9387E7F29C4313971701D2
:103AE00063510702F2570C4826873EDA81465C187C
:103AF0005A862285231C0102EFE03F822A89F5576E
:103B000039C1F2578358A400035884003EDA5C4858
:103B1000A686014613F717009707FF1F938787D9DB
:103B20009C4385451705FF1F130545E2998F3EC24B
:103B30001C485818231C01023EC0DA87EF608FDB57
:103B40002A8925F1F9572313F4004C182285EF0038
:103B50005FAE81BF93078002B387FD02032ECD0ABB
:103B600010489308410326886687DA862285231C3D
:103B70000102850D3E9EF257F28572CE3EDA8147F4
:103B8000EFE0EFF12A8911E9724E83572E0065BFED
:103B9000814D170DFF1F130DEDD1EF106FB94205C9
:103BA00093970D014181C183E3E6A7FA4E85EF109B
:103BB00030250149C5B35D59F1BBA687341091B5D5
:103BC00082808280EFD27EE301449704FF1F9384BA
:103BD000E405EF102FBA6344A4029707FF1F9387F1
:103BE00067CD03A4470BEF10AFAB1316350081452B
:103BF0002285EFD09EE3EFC00F936FD05EE2884046
:103C00009317640085453E95EFE0EFD80504D1B7E2
:103C1000EFD2BEDE01449704FF1F938464011309B1
:103C20008004EF102FB46344A4006FD05EDFB307AD
:103C30002403884005043E95EFE0CFF4DDB7EFD2D2
:103C40003EDA01449704FF1F938484FE1309800425
:103C500097F9FFFF9389899CEF10CFB06341A402CD
:103C600001449704FF1F938464FC17F9FFFF1309B5
:103C70004936EF102FB0634EA4006FD0BED9B30702
:103C800024038840CE8505043E9513058502F92856
:103C9000E1B7884093176400CA853E951305450235
:103CA000F1200504F9B7EFD25ED51C452A84858B37
:103CB000A1CF9706FF1F9386E6F79C42014795C365
:103CC0006311F4041C40D4420DE71707FF1F2323A0
:103CD000F7F66316D4001707FF1F232FF7F42320EE
:103CE00004001C44232C04000145F99B1CC46FD024
:103CF0001ED31CC3E315D4FE9707FF1F23AEE7F2C4
:103D0000F9BF3E879C4365BF3105ED2CD9BF85893E
:103D1000B1C1EFD29ECE1704FF1F1304A4F10840D7
:103D20001DC51C411707FF1F2326F7F058406316D7
:103D3000E5001707FF1F2321F7F01C45584193F6B4
:103D4000E7FF14C5858BE1DF79DB0297C9BF014529
:103D50006FD0FECC01458280EFD23ECA2E84314620
:103D60008145EFD09ECC40C16FD07ECBEFD2FEC854
:103D70002A84EFF07FFE2326040023280400232C4E
:103D800004006FD0DEC9EFD25EC73105F922954736
:103D90003305F502A1473345F5026FD05EC89C4557
:103DA00013E7170098C5858B9DE3EFD21EC55C41D4
:103DB00023A0050091EB4CC10CC10345850085454E
:103DC000EF10D03D6FD0BEC58CC34CC1FDB7828013
:103DD000EFD21EC13559634A06009C4DB2842E8431
:103DE000AA8999C731596387A7004A856FD09EC2B7
:103DF000014919E52285EFF01FEB2A89E34705FE0B
:103E00008E049545B3C5B402232C34011305C400B8
:103E10006122E1BFEFD27EBEAA851705FF1F130501
:103E200065E1EFF0DFF76FD09EBFEFD21EBD2E86AB
:103E3000AA851705FF1F1305E5DFEFF07FF96FD0A7
:103E40001EBE1C4D99C7EFD25EBBEFF0DFE56FD011
:103E50001EBD7D558280EFD25EBA170500001305A6
:103E600045EBEF2040089707FF1F9387A7DC2384CB
:103E7000A70023A0070023A207006FD05EBA97E730
:103E8000FE1F9387E7D288436313F50001458280C4
:103E9000EFD2BEB6EFF0BFFEFD5711C11C453E8507
:103EA0006FD0FEB7EFD27EB5EFF07FFDAA87014558
:103EB00099CB804785451705FF1F034565D8EF104F
:103EC00070553305A4406FD09EB5EFD21EB341119B
:103ED0002AC685451705FF1F034585D6EF10304CD0
:103EE00085451705FF1F0345A5D5EF10D02F324696
:103EF000634A06001705FF1F034585D4854511E673
:103F0000EF10D02941016FD09EB1EF10B032DDBF6C
:103F1000EFD2BEAE930545FF4845EFF05FE86FD0A6
:103F20001EB085898DC9EFD25EADEFF05FF509CD8A
:103F3000544118412324050098C254C3232005008E
:103F400023220500EFF0DFFCEFF09FF4EFF0FFF726
:103F500001456FD0DEAC014582801C4185CFEFD298
:103F6000DEA9AA84EFF0BFF197E7FE1F938747C44D
:103F7000DC43014419E5EFF0FFF23305A4406FD0B4
:103F80001EAA18453A94E30895FE75D5E305F5FE9B
:103F90000841CDB701458280EFD23EA60CC52A84E8
:103FA000EFF05FF0AA84EFF09FED01C51C45858F0F
:103FB0001CC5EFF0DFEC97E7FE1F938767BFD04388
:103FC00011E950C01CC0DC4380C397E7FE1F23A348
:103FD00087BE29A8144518446350D7025C41338733
:103FE000E64018C55CC008C080C340C1EFF05FEA7E
:103FF000EFF0BFED6FD0BEA2158F18C4E303A6FC8F
:1040000008417DBFEFD27E9F1C41FD54B1C72A8479
:10401000EFF0FFE62A89014563142401EFF09FE8E1
:1040200017E7FE1F1307C7B858431C406308E40096
:1040300091C71844098F88473A9588C758408144EA
:104040001CC3D8C3232004002322040063162401C8
:10405000EFF01FE4EFF07FE726856FD05E9CEFD294
:10406000DE9917050000130505ECEF10D0679707E0
:10407000FF1F2387A7BC6FD09E9A11E282807D1616
:10408000B387C50003C70700B307C5002380E70057
:10409000EDB79707FF1F23A7A7BA8280EFD2FE953F
:1040A0001C412A84B284858B014989CBB2862E8635
:1040B000AA8597D0FE1FE780608F2A89A685228572
:1040C00097D0FE1FE780808C630A09008A04F114F0
:1040D00026941C4037070080D98F1CC06FD03E94B7
:1040E000EFD21E90039A260093070002AE891304B4
:1040F000FA013344F40293844602AA85B28A4E85BB
:104100002686054962046184A28697D0FE1FE78057
:10411000E08911ED931754000149635AFA00D285E2
:104120004E8597C0FE1FE780C07C3339A000A28671
:104130002686CE85568597D0FE1FE78020874A8544
:104140006FD05E8DEFD2DE89011121462E842A893F
:1041500097C0FE1FE780A07E5C54A1460A863EC63B
:104160001C588A850A853EC85C5802C402C23ECAF1
:104170001C5C02C03ECC5C5C3ECE97D0FE1FE7804C
:10418000E082AA84A1460A86CA854A8597D0FE1F86
:10419000E780C0811C58AA94A1463EC65C580A8696
:1041A0008A853EC81C5C0A8502CE3ECA5C5C3ECC59
:1041B00097C0FE1FE780807FAA94A1460A86CA8521
:1041C0004A8597C0FE1FE780607E1C50AA94A146D6
:1041D0003EC05C500A86CA853EC21C544A8502CA4B
:1041E0003EC41C5C02C802C63ECC5C5C3ECE97C09E
:1041F000FE1FE780A07B5C50185CAA943EC01C5454
:104200003AC8585C3EC25C54A1460A863EC45C581B
:10421000CA854A853EC63ECC1C503ACA3ECE97C09F
:10422000FE1FE780A0785C54AA94A1463EC01C58AB
:104230000A86CA853EC25C584A8502CA3EC41C50E2
:1042400002C802C63ECC1C543ECE97C0FE1FE7807B
:1042500080791C58898CA1463EC05C580A86CA8564
:104260003EC21C5C4A8502CA3EC45C5C02C83EC6B3
:104270005C503ECC5C543ECE97C0FE1FE780A076DB
:104280005C58898CA1463EC01C5C0A86CA853EC229
:104290005C5C4A8502CC3EC41C503EC65C503EC8A5
:1042A0001C543ECA1C583ECE97C0FE1FE780A07328
:1042B0001C5C898CA1463EC05C5C0A86CA853EC2F5
:1042C0005C504A8502C43EC61C5402CC3EC85C54B5
:1042D0003ECA5C583ECE97C0FE1FE780C070338454
:1042E000A44097E4FE1F9384648D634704028549CC
:1042F00011E82146CA85268597C0FE1FE7806052D7
:1043000063073503A1462686CA854A8597C0FE1FE6
:10431000E780606D098CE9BFA1462686CA854A857B
:1043200097C0FE1FE78080682A94E34704FE05617A
:104330006FD04EEEEFD2CEEA1D712A8432892E8ADA
:10434000714681454800EFD04EEE830409008D4749
:104350005286A686D28508103EC097C0FE1FE78011
:10436000C06F8327C90A0C1022858297A6860A8609
:10437000A28522859309490097C0FE1FE780A066A9
:1043800009C9A6864E86A285228597C0FE1FE780B2
:10439000E061830609005286A285081097C0FE1FBF
:1043A000E780A06B8327C90A0C1022858297A68616
:1043B00013064908A285228597C0FE1FE780005F8B
:1043C00019E92686A2854E8597C0FE1FE7806045C5
:1043D0008547630AF500A6864E86A285228597C08A
:1043E000FE1FE780406025616FD0CEE2EFD24EDF46
:1043F0008384060019712A89AE8A3285A6853284A3
:10440000B68997C0FE1FE780A04C6319052CA686CD
:104410005686D685880097C0FE1FE780006483A774
:10442000C90A8C000A858297838609000A86CA8594
:10443000880097C0FE1FE780406283A7C90A8C00EE
:1044400008108297838609000A868A85880097C0AB
:10445000FE1FE780806083A7C90A8C000A858297C7
:10446000838609002286D685880097C0FE1FE780D4
:10447000C05E83A7C90A8C0056858297838609008F
:104480002286A285880097C0FE1FE780005D83A773
:10449000C90A8C0022858297A6862286CA854A850B
:1044A000138A490097C0FE1FE780405019E926860D
:1044B000CA85528597C0FE1FE780A0368547630AEC
:1044C000F500A6865286CA854A8597C0FE1FE780FA
:1044D0008051A6862286A285228597C0FE1FE7808E
:1044E000E04C19E92686A285528597C0FE1FE78019
:1044F00040338547630AF500A6865286A285228549
:1045000097C0FE1FE780204EA6862286CA85228598
:1045100097C0FE1FE780204D09C9A6865286A28556
:10452000228597C0FE1FE7806048838609002286A7
:10453000CA85880097C0FE1FE780205283A7C90A5A
:104540008C004A858297A6864A86CA85228597C0AE
:10455000FE1FE780A04519E92686A285528597C0EF
:10456000FE1FE780002C8547630AF500A686528669
:10457000A285228597C0FE1FE780E046A686228698
:10458000CA854A8597C0FE1FE780404219E9268602
:10459000CA85528597C0FE1FE780A0288547630A19
:1045A000F500A6865286CA854A8597C0FE1FE78019
:1045B000804381454A8597C0FE1FE78080336302B0
:1045C0000512A6865286CA854A8597C0FE1FE780D7
:1045D000E03D2A8BA6854A8597C0FE1FE780003BF9
:1045E00093972400F117CA9788437E0B33656501C2
:1045F00088C3838609004A86CA85880097C0FE1F43
:10460000E780A04583A7C90A8C0022858297A686E9
:104610001010A285228597C0FE1FE780C03C09C903
:10462000A6865286A285228597C0FE1FE7800038A5
:10463000A6861010A285228597C0FE1FE780A03AAB
:1046400009C9A6865286A285228597C0FE1FE780EB
:10465000E0350C10A68622862E8597C0FE1FE780C7
:10466000803809C90C10A68652862E8597C0FE1F79
:10467000E780C033838609001010CA85880097C080
:10468000FE1FE780803D83A7C90A8C004A85829778
:10469000A6860A86CA850A8597C0FE1FE780A034D1
:1046A00009C9A68652868A850A8597C0FE1FE780BB
:1046B000E02F2686A2854A8597C0FE1FE780202826
:1046C0002686D685228597C0FE1FE780402726864E
:1046D0008A85568597C0FE1FE780602609616FD0E6
:1046E0006EB3A6854A8597C0FE1FE780202A11B7C2
:1046F000EFD20EAFAE8919712A89B6854E85B28484
:10470000368497C0FE1FE780A01C11C9A2854A8588
:1047100097C0FE1FE780001A09616FD0AEAF2286F6
:10472000CE850A8597C0FE1FE78060212286A68578
:10473000081097C0FE1FE7808020A285880097C0E0
:10474000FE1FE78020178547A2858810BEC097C04E
:10475000FE1FE780201622860C100A8597C0FE1FD8
:10476000E780200C09E922868C004A8597C0FE1F4D
:10477000E780E01C55B78247858B89EFA2850A85C3
:1047800097C0FE1FE78080202286A6858800EFF074
:10479000FF90D1B78257858B99EBA285081097C0FF
:1047A000FE1FE780A01E2286A6858810CDB7A286B0
:1047B0006359A00410108A850A8597C0FE1FE78000
:1047C0008022A2850A8597C0FE1FE780201C2286D2
:1047D0008C10880097C0FE1FE780A004635A050074
:1047E0008C00A28626862E8597C0FE1FE780001CBF
:1047F0008C00A28690102E8597C0FE1FE780A01E19
:1048000061B70C100A862E8597C0FE1FE780A01D99
:10481000A285081097C0FE1FE780401722868C00F3
:10482000881097C0FE1FE780C0FF635A05008C10F8
:10483000A28626862E8597C0FE1FE78020178C1043
:10484000A28690002E8597C0FE1FE780C019A1BFE9
:10485000EFD2AE97038C070069712AC2B28D0809A6
:1048600062862E8D36C63E84BA8B97C0FE1FE780C7
:10487000000D93172C003EC4EA976286BE85880916
:104880003EC097C0FE1FE780800BB2468304040041
:104890006384066C2686B685081897C0FE1FE780DD
:1048A000000A26860C09881897C0FE1FE780200999
:1048B00026868C09081997C0FE1FE78040088306EA
:1048C00004001018B285881997C0FE1FE780E01811
:1048D0008327C40A8C1988088297830604009008ED
:1048E0000C09881997C0FE1FE78020178327C40A88
:1048F0008C19080982978306040010188C088819FF
:1049000097C0FE1FE78060158327C40A8C198808AA
:1049100082978306040090088C09881997C0FE1FAF
:10492000E780A0138327C40A8C19880982978327FC
:10493000440AA28610188C0908098297830604008D
:104940001018B285881997C0FE1FE78000118327D1
:10495000C40A8C19880882978306040090088C1872
:10496000881997C0FE1FE780400F8327C40A8C195F
:10497000881882978306040010188C08881997C03D
:10498000FE1FE780800D8327C40A8C198808829750
:104990008306040090080C19881997C0FE1FE78051
:1049A000C00B8327C40AF91B8C190819C20B829704
:1049B00093DB0B4113094400854C830404006346D8
:1049C000705B81456E8597C0FE1FE78080F2B3392A
:1049D000A00096099C18338A3701933A15001C19D8
:1049E000960ABE999C18338B5701A6861C195286CD
:1049F000DA850808BE9A97C0FE1FE780C0FE09C985
:104A00000C08A6864A862E8597C0FE1FE78000FA0E
:104A1000830604001008B285881997C0FE1FE7803E
:104A2000C0038327C40A8C190808829783060400F0
:104A30001008D285881997C0FE1FE78000028327DF
:104A4000C40A8C1952858297830604001008DA85FF
:104A5000881997C0FE1FE78040008327C40A8C197D
:104A60005A858297A6864E86D685080897C0FE1F6F
:104A7000E780C0F319E926860C084A8597C0FE1F17
:104A8000E78020DA8547630AF5000C08A6864A8687
:104A90002E8597C0FE1FE78000F5A6864E86D68538
:104AA000568597C0FE1FE78000F409C9A6864A868E
:104AB000D685568597C0FE1FE78040EFA6865286B2
:104AC000DA85081897C0FE1FE780E0F109C90C18C5
:104AD000A6864A862E8597C0FE1FE78020ED8306B6
:104AE00004001018CE85881997C0FE1FE780E0F6F5
:104AF0008327C40A8C194E858297A6865A86D2854A
:104B0000081897C0FE1FE78060EA19E926860C188E
:104B10004A8597C0FE1FE780C0D08547630AF5002D
:104B20000C18A6864A862E8597C0FE1FE780A0EB4C
:104B3000830604005686D685881997C0FE1FE78035
:104B4000C0F18327C40A8C195A858297A68610184B
:104B5000DA855A8597C0FE1FE780E0E809C9A68676
:104B60004A86DA855A8597C0FE1FE78020E4A6862C
:104B70005A86D285880897C0FE1FE780C0E609C91B
:104B80008C08A6864A862E8597C0FE1FE78000E225
:104B9000830604009008D685881997C0FE1FE78019
:104BA000C0EB8327C40A8C1956858297A6864E8649
:104BB000D685568597C0FE1FE780E0E209C9A68624
:104BC0004A86D685568597C0FE1FE78020DE83067D
:104BD00004001008B285881997C0FE1FE780E0E73F
:104BE0008327C40A8C19880882978C08A686101817
:104BF0002E8597C0FE1FE78000DF09C98C08A686B6
:104C00004A862E8597C0FE1FE78040DAA686528628
:104C10008C08081897C0FE1FE780E0DC09C90C1853
:104C2000A6864A862E8597C0FE1FE78020D8830679
:104C3000040010080C18881997C0FE1FE780E0E1F7
:104C40008327C40A8C1908188297A6864E860C18EA
:104C50004E8597C0FE1FE78000D909C9A6864A86FF
:104C6000CE854E8597C0FE1FE78040D426868C08EF
:104C7000528597C0FE1FE78080CCE28690180C0911
:104C8000081897C0FE1FE78000D609C90C18E286F5
:104C90004A862E8597C0FE1FE78040D18306040018
:104CA0004E860C18881997C0FE1FE78000DB83270B
:104CB000C40A8C1908188297830604006A860C18A7
:104CC000881997C0FE1FE78040D98327C40A8C1932
:104CD000081882970C182E85E2864A86EFF05FA1AD
:104CE0008306040002460C18881997C0FE1FE7804F
:104CF000C0D68327C40A8C1908188297830604003B
:104D000052860C18881997C0FE1FE78000D58327AC
:104D1000C40A8C1908188297830404005A86D28525
:104D2000A686880897C0FE1FE780E0CB09C98C08DB
:104D3000A6864A862E8597C0FE1FE78020C7830679
:104D400004009008B285881997C0FE1FE780E0D064
:104D50008327C40A8C198808829783060400900868
:104D6000DA85881997C0FE1FE78020CF8327C40A01
:104D70008C195A858297830604009008D285881979
:104D800097C0FE1FE78060CD8327C40A8C19528527
:104D90008297A6865686CE854E8597C0FE1FE780F1
:104DA00080C409C9A6864A86CE854E8597C0FE1F57
:104DB000E780C0BF830604004E86CE85881997C061
:104DC000FE1FE78080C98327C40A8C198808829750
:104DD0008C08A6865A862E8597C0FE1FE780A0C045
:104DE00009C98C08A6864A862E8597C0FE1FE780D3
:104DF000E0BB8C08A68652862E8597C0FE1FE780F2
:104E000080BE09C98C08A6864A862E8597C0FE1FDB
:104E1000E780C0B9A6865A86D285528597C0FE1F04
:104E2000E78060BC09C9A6864A86D285528597C0AC
:104E3000FE1FE780A0B7830604005286D685881936
:104E400097C0FE1FE78060C18327C40A8C1956856E
:104E50008297A6869008DA85528597C0FE1FE78064
:104E600080B809C9A6864A86D285528597C0FE1F9A
:104E7000E780C0B3830604005286CE85881997C0A8
:104E8000FE1FE78080BD8327C40A8C194E85829758
:104E9000A6865686CE854E8597C0FE1FE780A0B4B5
:104EA00009C9A6864A86CE854E8597C0FE1FE78033
:104EB000E0AF26868C08528597C0FE1FE78020A8A9
:104EC000830604001018B285881997C0FE1FE7807A
:104ED000C0B88327C40A8C19880882978306040007
:104EE00090088C18881997C0FE1FE78000B78327A9
:104EF000C40A8C19881882978306040010188C083D
:104F0000881997C0FE1FE78040B58327C40A8C1913
:104F1000880882978306040090080C19881997C0A6
:104F2000FE1FE78080B38327C40A8C190819829773
:104F3000124562868C1897C0FE1FE78040A09247FA
:104F400022470C1962863385E70097C0FE1FE78071
:104F5000009F55616FC03EABA685081897C0FE1F25
:104F6000E780409585473ED82DBADE856E8597C08F
:104F7000FE1FE7800098133A1500B3894C4196094B
:104F80009C18B38A37011C19160ABE999C18338BDA
:104F90004701A6861C195686DA8508083E9A97C0EE
:104FA000FE1FE78040A409C90C08A6864A862E8504
:104FB00097C0FE1FE780809F830604001008B2851B
:104FC000881997C0FE1FE78040A98327C40A8C195F
:104FD00008088297830604001008D685881997C0B0
:104FE000FE1FE78080A78327C40A8C195685829705
:104FF000830604001008DA85881997C0FE1FE78031
:10500000C0A58327C40A8C195A858297A6864E8626
:10501000D285080897C0FE1FE780409911E92686CF
:105020000C084A8597B0FE1FE780A07F630A9501B0
:105030000C08A6864A862E8597C0FE1FE780A09A98
:10504000A6864E86D285528597C0FE1FE780A0991E
:1050500009C9A6864A86D285528597C0FE1FE78079
:10506000E094A6865686DA85081897C0FE1FE7806A
:10507000809709C90C18A6864A862E8597C0FE1F00
:10508000E780C092830604001018CE85881997C067
:10509000FE1FE780809C8327C40A8C194E85829767
:1050A000A6865A86D685081897C0FE1FE78000900E
:1050B00011E926860C184A8597B0FE1FE7806076B6
:1050C000630A95010C18A6864A862E8597C0FE1F96
:1050D000E7806091830604005286D285881997C0C4
:1050E000FE1FE78080978327C40A8C195A85829710
:1050F000A6861018DA855A8597C0FE1FE780A08E15
:1051000009C9A6864A86DA855A8597C0FE1FE780B8
:10511000E089A6865A86D685880897C0FE1FE78054
:10512000808C09C98C08A6864A862E8597C0FE1FEA
:10513000E780C087830604009008D285881997C04D
:10514000FE1FE78080918327C40A8C1952858297BD
:10515000A6864E86D285528597C0FE1FE780A0881E
:1051600009C9A6864A86D285528597C0FE1FE78068
:10517000E083830604001008B285881997C0FE1FDB
:10518000E780A08D8327C40A8C19880882978C0831
:10519000A68610182E8597C0FE1FE780C08409C917
:1051A0008C08A6864A862E8597C0FE1FE780008061
:1051B000A68656868C08081897C0FE1FE780A08236
:1051C00009C90C18A6864A862E8597B0FE1FE7806F
:1051D000E07D8306040010080C18881997C0FE1F94
:1051E000E780A0878327C40A8C1908188297A686AF
:1051F0004E860C184E8597B0FE1FE780C07E09C909
:10520000A6864A86CE854E8597B0FE1FE780007A37
:1052100026868C08568597B0FE1FE780407283046F
:1052200004005A86D685A686880897B0FE1FE780B8
:10523000807B09C98C08A6864A862E8597B0FE1FFA
:10524000E780C076830604009008B285881997C06D
:10525000FE1FE78080808327C40A8C198808829704
:10526000830604009008DA85881997B0FE1FE7804E
:10527000C07E8327C40A8C195A858297830604004E
:105280009008D685881997B0FE1FE780007D832798
:10529000C40A8C1956858297A6865286CE854E857D
:1052A00097B0FE1FE780207409C9A6864A86CE857E
:1052B0004E8597B0FE1FE780606F830604004E8620
:1052C000CE85881997B0FE1FE78020798327C40A0E
:1052D0008C19880882978C08A6865A862E8597B0E6
:1052E000FE1FE780407009C98C08A6864A862E8575
:1052F00097B0FE1FE780806B8C08A68656862E85A9
:1053000097B0FE1FE780206E09C98C08A6864A86E2
:105310002E8597B0FE1FE7806069A6865A86D685DF
:10532000568597B0FE1FE780006C09C9A6864A869D
:10533000D685568597B0FE1FE78040678306040038
:105340005686D285881997B0FE1FE78000718327A3
:10535000C40A8C1952858297A6869008DA855685EC
:1053600097B0FE1FE780206809C9A6864A86D685C1
:10537000568597B0FE1FE78060638306040056865B
:10538000CE85881997B0FE1FE780206D8327C40A59
:105390008C194E858297A6865286CE854E8597B00B
:1053A000FE1FE780406409C9A6864A86CE854E85E1
:1053B00097B0FE1FE780805FFD1B26868C08568510
:1053C000C20B97B0FE1FE780805793DB0B416FF055
:1053D000CFDEEFC28EE25D713284AA841018A286FD
:1053E0002E850C082EC432C6EFE09FCF0357240051
:1053F000133515009C080A053E95032685FB050715
:105400004207A28741878146930544042685EFF031
:105410002FC48345040026858605E205E18597B003
:10542000FE1FE780E04A1335150061616FC02EDF73
:10543000EFC22EDA2E8BAA84B2855A85328497F970
:10544000FE1F9389298097B0FE1FE780C04B83A77A
:105450000900B1C7131A5400931B24003305AA4056
:105460001389CBFF7D5A2699335AAA00930A000468
:10547000054C83A70900DE85268582970DC1832709
:105480000900A2852685B3F747012320F90097B0CC
:10549000FE1FE780E04319C5FD1AE39C0AFC0145A5
:1054A0006FC0AED62286A6855A8597B0FE1FE780CC
:1054B0008057E31385FF0545E5B7EFC26ED2AA8991
:1054C0002E89B28413040004130A0002930A4602D0
:1054D00003962400D6854A857D0633464603620638
:1054E0006186EFF0FFF409C92686CA854E85EFF084
:1054F0005FEE11E57D1469FC01456FC0AED1054535
:10550000EDBFEFC2EECD03891600357100102A8B76
:10551000130A01042285B2894A86B684838A06006A
:1055200022CC52CEEFE07FB513161900DA85881031
:10553000EFE0BFB4A2852285A6865286EFE05FBA6F
:1055400097E7FE1F938707709C432A849DC3931798
:1055500025001811BA9783A687F7568693854400CD
:10556000368536C6EFF0DFECB24609E50D616FC057
:105570006ECA814603D72400133414001C110A0498
:105580003E94032684F705078C104207A6874187BF
:105590002E85EFF0EFAB4A868C104E85EFE0FFAD25
:1055A00083C5040088108605E205E18597B0FE1FDB
:1055B000E78000321335150055BF17C5FE1F1305D0
:1055C000A55F828023AC05FE1C4191E7010001002C
:1055D0000CC18280BA8703A787FF6DFF23ACB7FE9B
:1055E0008280184183A785FF6319B7001CC1FD574E
:1055F00023AC05FE238FF5FE8280232CF6FEC5BF6B
:10560000411122C437E400E026C2044037072000DD
:1056100006C6F98C2320E4180F10000009E92320A6
:1056200094101545B24022449244410182800347C0
:10563000E5FF9307F00F6306F70023209410114550
:10564000D5B797C0FE1FE780C01C014523209410EA
:10565000D1BF411126C2B7E400E04AC003A904004B
:10566000B707200006C622C43379F90023A0F41836
:105670000F10000009E923A02411B24022449244F3
:105680000249410182809565938505D0C98D2A84A0
:105690002105C2054205C181418197C0FE1FE780F7
:1056A000200801CDFD572320050023128500230388
:1056B000F50023A024112105C9B723A02411014519
:1056C0006DBF0111B7E700E04AC803A907004EC645
:1056D0003707200006CE22CC26CAAA893379E900F2
:1056E00023A0E7180F10000097E7FE1F9387C75508
:1056F00080438144014611E491E8A1654E8545212E
:105700000DA08347E4FF639A37038DCCA68517E588
:10571000FE1F13056553EFF0DFEC65D0A1654E85E4
:10572000B52CF2406244B7E700E023A0271126859C
:105730004249D244B2490561828091E02286032425
:1057400084FF55BFA284E5BF41114AC037E900E09C
:1057500022C4032409003707200006C626C2798C1C
:105760002320E9180F10000089E523208910154532
:105770001DA0AA8497E7FE1F83C7574D2E8563F5AA
:10578000F400894763EF9700EFF09FE7B7E700E089
:1057900023A087100D45B2402244924402494101A2
:1057A000828083A785FF99E703C7E5FF9307F00F82
:1057B0006309F700EFF0DFE4B7E700E023A087100C
:1057C0007DB7238F95FE17E5FE1F1305E547EFF024
:1057D0007FDFA1652685D92201452320891065BF79
:1057E00097E7FE1F23A20746828097E7FE1F938755
:1057F000274B9C4399E33E85828003D7270063169D
:10580000B70003C70700E308A7FEDC47E5B7A5C15B
:10581000011106CE22CC26CA8147C14633D7F540B6
:10582000058B29C312053E9531473305E50217E77D
:10583000FE1F1307274B044305443314F4002EC600
:1058400042044180AA949C40C8408297B24523A05C
:10585000040023A20400A18DF2406244D2442E85AC
:10586000056182808507E39BD7FA0144EDB72E8559
:105870008280C9C1797122D406D626D24AD04ECEB2
:1058800001444147B3D78540858BA5C312053147F5
:1058900022953305E50297E7FE1F9387A74403A9E6
:1058A00007008544B3948400C204C180BE892A994C
:1058B0000327090011C7032549002EC60297B245E8
:1058C00031473304E40283A709003E941C4489E76E
:1058D0002320090023220900B2502254A58D025929
:1058E0009254F2492E85456182800504E31CE4F858
:1058F0008144DDB72E8582804111B7E700E022C4E4
:1059000080433707200006C626C2798C23A0E718FB
:105910000F10000097E7FE1F9387C7389C539384AE
:10592000C18099C782979C403E9523A6A18039A04B
:1059300097E7FE1F938747369C43EDF78840B747AC
:1059400003009387D73F3305F502B7A72600938757
:1059500037ECB24092443E9523A6A180B7E700E021
:1059600023A0871022444101828097E7FE1F93877E
:10597000E7379C43411122C406C617E4FE1F1304F7
:10598000E42C81CB82975C483E9597E7FE1F23A9C4
:10599000A72C4848B240224441018280B7E700E08A
:1059A0009843B706200023A0D718758F0F1000006A
:1059B00097E6FE1F83C696296373D50217E6FE1F7E
:1059C0001306C62D9316150008423695835605001A
:1059D000D58D2310B50023A0E7100145828023A0B8
:1059E000E7100D458280B7E700E09843B706200036
:1059F00023A0D718758F0F10000097E6FE1F83C6EF
:105A0000F6246375D50217E6FE1F130626299316A2
:105A10001500084293C5F5FF369583560500F58DB0
:105A20002310B50023A0E7100145828023A0E710D2
:105A30000D45828079714AD037E900E026D283246F
:105A40000900B707200006D622D44ECE52CC56CA43
:105A50005AC85EC6FD8C2320F9180F10000097E786
:105A6000FE1F83C7B71E637AF50097E7FE1F938773
:105A7000A72283AB070063970B00B7E700E023A0E2
:105A80009710A9A017EBFE1F130B8B26832A4B0040
:105A9000B74736FE938707C82E8A97E5FE1F83D542
:105AA000A525BE9AB387C5022A84B2898146B3B5BB
:105AB000C50213850732B337F50013060064BE959F
:105AC000EF40705F63F0AA02232099100145B250A5
:105AD000225492540259F249624AD24A424BB24B82
:105AE00045618280829B97E5FE1F83D5E520B387C1
:105AF00035032A89130600648146B3B5350313853F
:105B00000732B337F500BE95EF40F05AB3072501D1
:105B10003E8903274B0063E4A70063E4E700338971
:105B2000E740D2852285EFF05FCC09C92324250107
:105B3000B7E700E023A09710054551BF936504F037
:105B4000C205C181414597C0FE1FE78060BD19E9CC
:105B500097E7FE1F938707159C5B85D3A2851145A8
:105B6000829721BF97E7FE1F938787139C4385E7A2
:105B700097E7FE1F23A6A7128547232605002324A7
:105B800025012311450123008500A300F5002322F0
:105B9000050079BFBA87D84775FFC8C7F1BF0111A3
:105BA000B7E700E04AC803A9070022CC4EC6370772
:105BB000200006CE26CAAA892E843379E90023A0C4
:105BC000E7180F100000EFF05FC2AA8419C123117B
:105BD0000500A2854E85EFF01FE197E7FE1F83C702
:105BE000E706639B370197E7FE1F83D7A70A5D8C03
:105BF00097E7FE1F2390870AB7E700E023A027114D
:105C0000014591E01945F2406244D2444249B2490B
:105C1000056182804111B7E700E026C2844306C6D1
:105C200022C437072000F98C23A0E7180F100000CA
:105C3000EFF0BFBB19E90145B2402244B7E700E0ED
:105C400023A0971092444101828097E7FE1F93871B
:105C5000A7049C430045829797E7FE1F9387470957
:105C60006368A402D843B74636FE938606C8330558
:105C7000A4403697E371E5FC13070064B335E502F1
:105C800003D6870081463305E502EF40D0426DB769
:105C9000D8433A94C1BF411122C426C217E4FE1F63
:105CA0001304040597E4FE1F938444FA9448584073
:105CB00097E7FE1F938747FE06C69C436393E6085B
:105CC00082975440B74736FE938707C8B697338705
:105CD000A7003A856364F7006364D7003305D740B3
:105CE00097E4FE1F93844415DC5081CF97E7FE1F95
:105CF0009387471C94433707CDFF7D179C46F98F48
:105D00009CC611E1484097E7FE1F9387A7F9DC5333
:105D1000829719E5DC508DC3EF109033EF10A05A35
:105D2000DC5099CB97E7FE1F9387C7189843B706B7
:105D300033001C47D58F1CC7B24022449244410116
:105D40008280829794485840B387A6003E8563E4DA
:105D5000D700E3E7E7F83385E74059B7411106C6B6
:105D600097E7FE1F23A4A7F80295B24097E7FE1F0E
:105D700023AAA7EE014541018280994763E9B70054
:105D80008A0597E7FE1F938727EFBE9588C182801B
:105D900097E7FE1F23AAA7F411C5854717E7FE1F43
:105DA000230BF7EE828041117146814517E5FE1FF6
:105DB000130585EC06C697E7FE1F23A307EE97E7BA
:105DC000FE1F23A507F297E7FE1F23A707EC97E71F
:105DD000FE1F238207EC97E7FE1F23A707F097B06B
:105DE000FE1FE78020E213068002814517E5FE1FB3
:105DF0001305C5E597B0FE1FE780C0E0EF40C03D4A
:105E000097E7FE1F938707EA03C5C70383C7D70336
:105E100085453E958D473305F50239051375F50F18
:105E200097E7FE1F2385A7E299473305F50213057F
:105E3000052497C0FE1FE780A08E17E7FE1F2323CF
:105E4000A7EA59CD994717E6FE1F034646E03306F9
:105E5000F60281451306062497B0FE1FE78080DA1C
:105E600097E7FE1F938707E89C439387072417E76C
:105E7000FE1F2321F7E017E7FE1F034747DD0A0750
:105E8000BA9717E7FE1F232BF7E0EFF07F95D12E8F
:105E900097E7FE1F938707DE944397E7FE1F83C7AC
:105EA000F7DA139727003697170600001306A69C0B
:105EB00010C3138717001377F70F0A0736971706D3
:105EC00000001306069510C313873700890793F760
:105ED000F70F8A0797E5FE1FA38AE5D6B69790C30A
:105EE000B2404101828097E7FE1F83C737D617E78C
:105EF000FE1F0347C7D563F3E70217E7FE1F13072B
:105F000067D718439386170017E6FE1FA300D6D461
:105F100093962700369708C33E8582809307F00F3B
:105F2000E5BF1C416385071641777D8FB7060020CA
:105F30008947631FD71403574500630B07144111AA
:105F400022C419462A849305F00F610506C697B04E
:105F5000FE1FE780A0D605478D476305E5121C4468
:105F600081CB58589947630F0710185C630C0710D2
:105F700013060004814517E5FE1F1305A5D297B04F
:105F8000FE1FE78020C813060004A28517E5FE1F48
:105F9000130545D197B0FE1FE780E0C297E7FE1FCB
:105FA00083D707D117E7FE1F1307C7CF99E79307DA
:105FB000001097E6FE1F239DF6CE97E7FE1F83C7CE
:105FC00047CF91E7854797E6FE1F2384F6CE97E7F4
:105FD000FE1F83D727CE91E7ED4797E6FE1F239B51
:105FE000F6CC97E7FE1F83C7D7CC91E7954797E696
:105FF000FE1FA380F6CC97E7FE1F83C7C7CB91E7B0
:10600000854797E6FE1F2388F6CA97E7FE1F83C7DA
:1060100097CA99E78347F70097E6FE1FA38DF6C856
:1060200097E7FE1F83C757C981CF93F6370089834F
:1060300017E6FE1F2306D6CA97E6FE1FA382F6CAFE
:1060400097E7FE1F83C747C791E7D54797E6FE1F2F
:106050002384F6C68347640199E79307C00397E654
:10606000FE1F238CF6C41C5791C7829797E7FE1F2B
:106070002392A7BEFD5717E7FE1FA307F7E8EFF02F
:106080009FD28147B24022443E85410182808947A8
:106090003E85828001114EC697E9FE1F938949C54E
:1060A00083A7090006CE22CC26CA4AC852C48297CA
:1060B00013090064B335250303DA8900814652864B
:1060C00033052503EF40207F97E7FE1F938707B82E
:1060D000804FAA8401456306940233858440636E31
:1060E000940003A5490052868146B335A9023305C1
:1060F000A902EF40407C018D269597E7FE1F23A360
:1061000097B6F2406244D2444249B249224A0561FC
:10611000828097E7FE1F9387E7B8985739CB4111E4
:1061200022C426C206C6BE84029717E7FE1F035785
:1061300067B22A8415CBBA876373A700AA87C20700
:10614000C183BA866373E400A286C206C182958FBA
:106150005147635BF700DC5491C38297EF100058FE
:1061600097E7FE1F239887AEB24022449244410134
:106170008280828097E7FE1F23A607B897E7FE1F5D
:10618000938747B2DC57011106CEAA8581C72AC67C
:106190008297B245C9C59C410545BDCFDC41ADCF15
:1061A00083D78500B5CB83D7A500BDC7514617E57A
:1061B000FE1F1305E5B397B0FE1FE780C0A097E769
:1061C000FE1F238D07B297E7FE1F938767B29C439C
:1061D00017E7FE1F2322F7AC97E7FE1F83C7F7AD33
:1061E0008DE79307805717E5FE1F0355E5B033058C
:1061F000F50237460F001306062481468145EF401D
:10620000806B97E7FE1FA38AA7AA17050000130556
:10621000A5E8EFF0BFB40145F2400561828097E741
:10622000FE1F23A307A497B7FE1F9387E7E517E791
:10623000FE1F232FF7AA7D5797E7FE1F23ACE7AA7F
:10624000B7873200938727A197E6FE1F23A6F6AAF9
:1062500097E7FE1F238407AAB7C7004023A4E726B9
:106260009DB7011122CC17E4FE1F1304A4A3084418
:1062700006CE26CA4AC801E90545F2406244D24426
:106280004249056182805C58E5DB185C75D7700077
:10629000854582971844B247E300F7FE9305E00472
:1062A00017E5FE1F0355C5A097B0FE1FE7804047C6
:1062B00017E7FE1F232CA79A61D117E6FE1F03568E
:1062C000269F9305F00F97B0FE1FE780A0938144AF
:1062D00017E9FE1F1309899797E7FE1F83C7679D7C
:1062E0000326090263C1F402328597B0FE1FE780DE
:1062F0004052014597E7FE1F23AA079697E7FE1F26
:1063000023A807969DBF97E5FE1F83D5659AB3879F
:1063100095020844185C898185043E9508C202975D
:1063200065BFC167F9176313F50041A3411106C6A4
:10633000EF00D00111E15D45B24041018280397129
:106340004ED656D25AD006DE22DC26DA4AD852D4AD
:10635000AA8A2E8BB28959EB36C6EFF09FFC914585
:10636000812BAA844D4925C9B246054A23803401B0
:106370000544630A0B00B68513851400029B0505CE
:10638000131405014180E20993D9894163D30902BD
:10639000C1455685EF00007D65491DE533868400C3
:1063A000A2852685EF00007F2A8919ED3104420479
:1063B000418091472C085685231CF10026CE231DD1
:1063C0008100252D2A8901C963070A00268597B017
:1063D000FE1FE7800044F25062544A85D25442596D
:1063E000B259225A925A025B21618280BA84014AD0
:1063F000B5BF011106CE2EC6112F01C9B245F2401C
:106400000355250005616F009038F240494505614C
:10641000828097E7FE1F9387278F884B828097E7BC
:10642000FE1F9387678EDC4B8843828097E7FE1FB1
:106430009387878DD84B1C4385071CC317E5FE1F28
:106440000345B58C9307F00F6305F50091656FF078
:10645000EFD48280C1671387E7FF6394E5029387D7
:10646000C1849C4391EB494582804945B240224416
:10647000924402494101828003A30700E30503FE21
:106480000283411122C426C24AC006C6FD172A89CA
:106490002E84B2846395F5029387C1849C4391CB8B
:1064A0009C4381CB829711E523882185A388918421
:1064B00075BFA6854A85EFF0DFF34DF9F5B72E8558
:1064C000752B45D5834705000D45E39127FB2285B4
:1064D0002244B2400249A685924441016F00302B0C
:1064E000BD47638CF50663E9B702A5476387F506E8
:1064F00063EDB7009947638CF5049D47638FF504FE
:106500009547638CF50401458280B5476387F504A0
:1065100063E1B704AD47F5B7DD47638EF50263EA83
:10652000B700C947638BF502D9476386F502C547B3
:10653000C9BFF5476383F50263E4B700ED47D1B700
:1065400093072005638BF5009307200D5DBF484539
:106550008280084182800845828048418280011102
:1065600026CA06CEB68422CCDD4663E1B608D946FB
:1065700063FDD50AA5466380D50A63EDB60495464A
:10658000638BD50899466386D50A054441687D1812
:10659000631506093AC6EFF0DFD833068540324767
:1065A00042064182420441803305C4004205BA8557
:1065B000418132C6F52CAA8749C181C43246239055
:1065C000C400B30580406244F240D2443E85056178
:1065D0006F303048C5466380D504C9460D44E39604
:1065E000D5FAC167FD17E31FF6FA6DB7F54663806C
:1065F000D50463E4B600ED46D5B79306200563885D
:10660000D5029306200DE392D5F8C167FD170D441E
:106610006319F60041B7094495BF9306200DE39333
:10662000D5F8310642064182B5BF15445DBF0D4421
:106630004DBFC167FD171D447DB7F2406244D2448F
:1066400005618280411106C6EFF09FE919C5B2408D
:10665000410117B3FE1F6700C31BB2404101828096
:1066600097D6FE1F83C6967C814763E5D700014716
:106670003A8582802E87910503D6C5FFE30AA6FEE0
:106680008507E5B717D7FE1F0347577A8147FD56A1
:1066900063E3E70082802310D5002301050085070E
:1066A0001105FDB7411106C6EFF09FFB11C503456B
:1066B0002500B240410182800145E5BF93874185B5
:1066C0009C4399E30145828098470357A700E3194B
:1066D000A7FE138547008280411106C6EFF01FFE1A
:1066E00011C503452500B240410182804145E5BF07
:1066F00041119387418522C4804306C6014731C0BA
:106700001C4483D6A7001C406397A60205CB1CC37C
:106710002E8581C921469305440097A0FE1FE7807E
:10672000804A228597B0FE1FE780A00E0145B24047
:1067300022444101828022873E84D1B723AAF1847A
:10674000C1BF0545EDB79387C1859C438146B1C75D
:1067500003D647009843631CA602011106CE22CC43
:1067600026CA8DCA98C2AA843E852E8497B0FE1F81
:10677000E780200A2C002685EFF09FF701E519C07D
:10678000B2471CC0F2406244D24405618280BE869A
:10679000BA8775BF23AEE184F9B705458280938738
:1067A00081859C4317D7FE1F034757682A86050734
:1067B00081463E8583D707006388C7008506930717
:1067C0006500E3E8E6FE01458280938741859843B2
:1067D00019E3014615A81C4703D8A700636B050100
:1067E00083584700B38608016355D50081466394FA
:1067F00016011843F1BF3E86C10703D3A7FF6317F5
:10680000A30099C123900501328582808506C206C6
:10681000C182F1BF03C72186854763F2E7060111F4
:1068200022CC26CA4AC806CE2A843289AE84EFF02A
:106830001FF701C9034725009307E00F5D45630873
:10684000F700631C0900A6852285EF303026F24050
:106850006244D24442490561828003D50400930515
:10686000E10023170100EFF05FF60355E100EFF0C0
:10687000BFE6AA8505462285252C71D5C9BF594595
:106880008280C167FD176315F5002E856FF09FDFCD
:10689000411106C6EFF0DFDC11C5FD572310F500EE
:1068A00023010500B2404101828003D50186828028
:1068B0001905956542054111938535C0418106C68C
:1068C00097B0FE1FE780C0E511C5B240E955410110
:1068D0006F303018B2404101828083D705003147C4
:1068E000F1173387E70297D7FE1F9387274DBA9793
:1068F000D84319EBD8412395A7000145D8C303D746
:1069000025002394E70082805945828003D7250023
:1069100061CF83D60186ED4763E9E60C011122CCF5
:106920002E8426CAAA844840914506CEEF307012C4
:1069300083572400AA862300F50083572400A183EF
:10694000A300F500835704002301F50083570400DA
:10695000A183A301F50003562400C167F9171106AE
:10696000420641826396F4042AC4314532C6EFE000
:106970005FCEAA85CD471DC5930700F93246A246D2
:106980002300F500F9572311F50089472302F5008C
:106990002313C50014C517D5FE1F03456541EFE05D
:1069A000BFDA8147F2406244D2443E85056182806D
:1069B00081452685F92BAA8701E903C721867DD366
:1069C0007D172381E186F9BF09476302E5021D4770
:1069D0006301E50249476300E5027D47E314E5FCF6
:1069E00003C721868147E1BFED473E858280D147BD
:1069F00055BF914745BF894775B783D705000D47F8
:106A0000F117C207C1836361F706DC41B1CF4111C1
:106A100022C42E84854526C206C6AA84A12239C571
:106A200026852D22C167F917638FF40009ED83577E
:106A3000240091CB835604001947639FE60203D7D5
:106A4000018663FBE70283C72186A285268599C755
:106A50002244B240924441016FF05FEB2244B240C5
:106A6000924441016FF07FE7094582805145B24071
:106A700022449244410182806D45D5BF97D7FE1FC5
:106A800093870737984317D6FE1F0346263A814758
:106A90006315F600814636858280BA861307C703E0
:106AA000835567FCE389A5FE850793F7F70FCDB7FC
:106AB000011122CC2EC632C406CE2A84EFF01FFC70
:106AC0002246B24511E9C167F9176303F400514545
:106AD000F24062440561828054558347450095C267
:106AE00013F7270141456314A700154575F2C18BC3
:106AF0003D45F9DF83C7A6010145E3FBB7FC3145FE
:106B0000C1BFC18B0145E9F71545D9B797D7FE1F1E
:106B10009387072EC166984397D5FE1F83C505311D
:106B20008147FD166395F500014632858280035842
:106B300027003A866306D80003480700E307A8FE4B
:106B4000850793F7F70F1307C703E9BF411106C67F
:106B5000EFF0DFF211C503554501B24041018280DB
:106B60000145E5BFC167F9176304F502411122C46D
:106B700006C62E84EFF09FF0AA87014591C703C592
:106B80004700698C33358000B24022444101828045
:106B9000054582805D714EDE86C6A2C4A6C2CAC00B
:106BA00052DC56DA5AD85ED689495DC955CA138B6C
:106BB0004500420B135B0B01AE8A2A8A9305300510
:106BC0005A85B28497B0FE1FE78080B52A84CD49EC
:106BD00041C9EFF0DF842A895686D285935A89000D
:106BE000135A0901937BF90F1305440093FAFA0F26
:106BF000137AFA0F1359890197A0FE1FE7808008C6
:106C0000A301740123015401A300440123002401C2
:106C1000EFF03F80AA854146080897A0FE1FE78055
:106C20006006214734005A86A28508087522AA8981
:106C30001DE121462C0023807401A380540123818F
:106C40004401A38124011385440097A0FE1FE7801F
:106C50006003EFF0AFFD228597B0FE1FE78060BBB9
:106C6000B64026444E8596440649F259625AD25A95
:106C7000425BB25B616182808147C1463307F500A8
:106C8000B388F5000347070083C808003308F600FF
:106C90008507334717012300E800E391D7FE828080
:106CA0000147BD471308F00F3306F5008346060081
:106CB000B388F500FD178606558F2380E80003474B
:106CC000060093F7F70F1D83E39007FF828081474B
:106CD000930800F8414893F6F70F3387F50063FCFB
:106CE000C600B306F50083C606002300D70085075B
:106CF000E39307FF82806395C60023001701C5BF99
:106D000023000700EDB701114AC856C22E89AA8A8E
:106D100093053005414506CE22CC26CA4EC652C444
:106D2000328A97B0FE1FE780A09FAA8493053005A2
:106D3000414597B0FE1FE780A09E2A84CD49BDC083
:106D400029CD4146814597A0FE1FE780A0EB26860E
:106D5000A2855685352BAA8929E18387040063D350
:106D60000706A2852685EFF0BFF34A8697650000E7
:106D70009385051D2285EFF03FF08307090063D856
:106D80000704A2854A85EFF0BFF15286976500009F
:106D90009385051B2285EFF03FEE268597B0FE1FF9
:106DA000E78020A711C4228597B0FE1FE78060A668
:106DB000F24062444E85D2444249B249224A924A44
:106DC00005618280CA852685EFF09FED7DB7D2856B
:106DD0004A85EFF0FFECD1B739715AD05ECE2A8BDD
:106DE000AE8B41459305300506DE26DA52D456D2E5
:106DF00062CC66CA6AC8368C328DBA8C22DC4AD81C
:106E00004ED697B0FE1FE780A091AA8A9305300561
:106E1000414597B0FE1FE780A0902A8ACD44638E3B
:106E20000A0859C52A86D6855A85EFF0DFEDAA846F
:106E300041E193053005414597B0FE1FE780408E44
:106E40002A8993053005414597B0FE1FE780408DA4
:106E5000AA896308090E6304050E1304FD0011845A
:106E60001376FD0049C07D144204418035EE1315B0
:106E700044004E86D6855E95EFF01FE04146814581
:106E80004A8597A0FE1FE780E0D7014D93170D01BB
:106E9000C18363F38708BDC04A8597B0FE1FE780B2
:106EA0004097638709004E8597B0FE1FE780609684
:106EB000568597B0FE1FE780C09563070A0052858C
:106EC00097B0FE1FE780E094F25062542685425945
:106ED000D254B259225A925A025BF24B624CD24CB3
:106EE000424D216182800144131544008A855E95DC
:106EF000EFF0FFDD4E86D2850A85BDBF93154D00AC
:106F00000A86DE954A85EFF03FD74A868A855A85FC
:106F10004126AA84050D9DBFC1F00A86CE854A850B
:106F2000EFF09FD54A868A855A859D26AA84668673
:106F3000CA85628597A0FE1FE780E0C8B1BFCD4437
:106F4000A1BFCD44B9BF011122CC2A84194506CE78
:106F50002EC6EFE00FF005C98567938717F9231058
:106F6000F500854723018500A301F500B245624481
:106F7000F2402312B500AA8517D5FE1F034585EA06
:106F800005616FE06FFCF2406244056182806F3002
:106F9000A00A6F30201117D7FE1F034757EA954705
:106FA000630BF70097D7FE1F938707E983C7770026
:106FB0000D47631FF70097D7FE1F83C777E8639DD0
:106FC00007109307601017D7FE1F231BF7E6828078
:106FD000411197D7FE1F9387E7F5194522C426C2B2
:106FE000E05F06C64AC0212597D7FE1F938787E436
:106FF000944337C7898E130767ED98C637575500F6
:1070000013075755D8C2034724029306F00FBE84D6
:107010006307D700FD57A300E4022301F4020345F0
:10702000140289476303F500014517D9FE1F1309B0
:1070300029E30327090001469305F00F5C4393E71A
:1070400017005CC3930710FA2305F400994717D77C
:10705000FE1FA306F7DE97D7FE1F238F07DC97D707
:10706000FE1F238D07DCD12E97D7FE1F938787E461
:107070009443DC56F59BDCD69C4003479400137682
:10708000F7079843137707F8518F98C398431377FE
:10709000F7CF98C398431377F7CF1367072098C3A8
:1070A0009C4637073300B240D98F032709009CC69E
:1070B000B7070300938787153CCB97D7FE1FA38F95
:1070C00007D697D7FE1FA38907D6224485471CC33E
:1070D0009244024941018280828017D7FE1F130724
:1070E00027D51C439306001094C301000100010042
:1070F00001001C4323A00700834615000348250018
:10710000A2064208C29603480500C296034835000D
:107110006208C29694D78346550003486500A206CC
:107120004208C29603484500C296034875006208AB
:10713000C296D4D7834695000348A500A20642080C
:10714000C29603488500C2960348B5006208C296FD
:1071500094DB8346D5000348E500A2064208C296A8
:107160000348C5000345F500C2966205AA96D4DB24
:1071700083C6150003C52500A2064205AA9603C5CD
:107180000500AA9603C535006205AA9694CF83C66A
:10719000550003C56500A2064205AA9603C5450031
:1071A000AA9603C575006205AA96D4CF83C695003A
:1071B00003C5A500A2064205AA9603C58500AA96A6
:1071C00003C5B5006205AA9694D383C6D50003C54E
:1071D000E500A2064205AA9603C5C50083C5F500D1
:1071E000AA96E205AE96D4D3D443F59AD4C3D44339
:1071F00093E61600D4C3944393E6160094C3BA876B
:107200009443D842058B59E3984E01452300E6008C
:107210009843184F2183A300E6009843184F4183F9
:107220002301E6009843184F6183A301E6009C43C5
:10723000D84F2302E600D84F2183A302E600D84F9F
:1072400041832303E600D84F6183A303E6009853EC
:107250002304E60098532183A304E6009853418356
:107260002305E60098536183A305E600D85323065F
:10727000E600D8532183A306E600D85341832307B1
:10728000E600DC53E183A307F600828001008DBF96
:10729000011122CC2A84354506CE2EC632C4812E59
:1072A00097D7FE1F9387C7BB984322853C4B93E734
:1072B00007083CCB2246B245EFF03FE2F240624481
:1072C00001450561828097D7FE1F9387A7B69C432F
:1072D000B70680003706008298437D16558F98C305
:1072E0001307F00F98DF13070005D8DBD857B70650
:1072F0000080558FD8D7D45717D7FE1F0347C79B99
:10730000931587011377F703F18E6607558FD8D74A
:10731000E18517D7FE1F1307E7B99306A0031843AB
:1073200063DEB602744F37060007D18E74CF37077D
:1073300002003907D8DF984B137707FC1367E70083
:1073400098CB37E700E0D147A309F70497A7FE1FC2
:107350009387C7EB93E717007CD7828093062002C0
:1073600063DAB600744F370600F97D16F18E3706E2
:10737000000565BFB70600F91386F6FF744F69452F
:10738000F18E37060003E342B5FA3706000171BFFC
:10739000938741869C4399CB944BD04B9842518F15
:1073A00098C294439C479842D98F9CC297D7FE1F9E
:1073B000938747A817D7FE1F0347A7A817D6FE1F16
:1073C000130606AA05489C431307E7091442631EE7
:1073D000050388431365050888C3C8468177FD17F0
:1073E000E98FDCC60F1000001C42B7060200AD0595
:1073F00094C7930600F817D6FE1F2301D6A48A056A
:10740000BA958605ECD3C8C7828088431375F5F713
:1074100088C3C8468177FD17E98FDCC60F100000CE
:107420001C42B7060200A90594C7930600F817D6B8
:10743000FE1F2305D6A08E05E1B7938741869C43A6
:1074400089CFD44303A8870098423367070198C2C5
:10745000D447DC4B9842D98F9CC297D7FE1F9387A5
:10746000679D05479C439505631EE50298438E057D
:107470001367070898C3984F137707C01367A713BC
:1074800098CF13078007A389E7009385C50397D793
:10749000FE1F23ABB79A11C6060697D7FE1F23A57A
:1074A000C79A8280984392051377F7F798C3984F4D
:1074B000137707C01367271398CF1307F007A38923
:1074C000E700E1B7411106C617D7FE1F03474797EC
:1074D000A1476311F70497D7FE1F83C7A798858B31
:1074E00017D6FE1F0346369A97D6FE1F83C6A69967
:1074F000BDC797D7FE1F9387E798C8432DC1834523
:1075000015000905EF00705911C5854717D7FE1FF3
:10751000A308F79217D7FE1F034787929947631C6A
:10752000F70097D7FE1F9387E7A0FC5F83C7B700DC
:1075300095CBEFF05FA617D7FE1F034767909D47D7
:107540006312F70297D7FE1F9387C79E83A7070989
:1075500083C7770081CBB24041016F20705F8145C6
:1075600001454DB7B2404101828017D7FE1F130776
:10757000278F1C43B44B93F6F68FB4CB944393E61A
:10758000860094C39C438D83858B89C701000100CD
:107590000100010097D7FE1F9387C78994439C423F
:1075A00093F7F7CF93E707109CC297D7FE1F9387F7
:1075B00067909043B706CEFFFD161C46F58F1CC69C
:1075C0001C4337070300B8CB938741869C4399CB74
:1075D000D44390479842518F98C2944BDC4B9842C9
:1075E000D98F9CC297D7FE1FA38B0784828097D721
:1075F000FE1F9387E7869C439C438D8BF9CF4111F7
:1076000022C426C206C617D7FE1F034757838D47DD
:10761000AA8417D4FE1F13042482631BF70097D794
:10762000FE1F938727849C4B0146814545458297E1
:1076300019476396E40497D7FE1F83C7778099CBD9
:1076400097C7FE1F83C7C77F6396970097C7FE1F24
:10765000A388077E8347740021476318F7009307C8
:10766000801017C7FE1F231DF77C2244B2409244AE
:1076700097C7FE1F2381076241016FF01FEF9D47EF
:10768000639FF40097C7FE1F83C7977BE1D717C797
:10769000FE1F0347E77A8D47E31EF7FA45BF83468F
:1076A0007400630BD700034774006387E7008347C8
:1076B00074002147E31BF7FA97C7FE1F83C757786B
:1076C000CDF78347740017C7FE1F230BF776854756
:1076D00017C7FE1FA306F77649BF828017C7FE1F94
:1076E0000347F77591476309F70C97C7FE1F938708
:1076F00027749843B7C7004093870730631EF70A83
:107700000111354506CE22CC26CA4AC84EC6EFF036
:107710001FEE97C9FE1F9389E9711D2AEF10B0274C
:10772000EFF07FBA83A7090017C9FE1F13098978F4
:10773000B7063300984397C4FE1F938464723704DE
:1077400003001367070898C398431377F7CF98C3CC
:1077500098431377F7CF1367072098C303270900CF
:107760001C47D58F1CC79C4013078455B8CBEF101E
:10777000B038EF20300BEF10502BEF10503403A730
:1077800009001C4393F7F7CF93E707101CC3832628
:1077900009003707CEFF7D179C46F2404249F98F1A
:1077A0009CC69C40B249D244A0CB624497C7FE1FFE
:1077B000A3870768056182808280B7C7004013876E
:1077C000073097C6FE1F23A5E666138707204111E1
:1077D00097C6FE1F23A6E6689387071037D7004099
:1077E00022C497C6FE1F23A7E66C17C4FE1F13040E
:1077F000A46417C7FE1F232FF7628547A303F40075
:1078000097C7FE1F9387074A9C4306C65CD09387A1
:1078100007111CD097A7FE1F9387A79F23A4F1866B
:10782000EFF0DFEBB7E700E0A305040003C7574123
:1078300013670708A38AE740B240370710002244C5
:1078400023A0E7103707200023A0E7104101828022
:1078500097C7FE1F9387C7609C431307C008930612
:107860006007D8CBD4CFD8D31306E006D0D7D8DB67
:10787000D0DFF8C3F4C7130780072393E700F84B62
:10788000B7060080558FF8CB5147F8CB17C7FE1FBE
:107890001307875A5853F8DF7D5798C737071F00DB
:1078A0003D07D8C7828097C7FE1F9387A76098437C
:1078B00017C6FE1F1306065B97C7FE1F93878757E1
:1078C00094438347160013F8F707D9C588425C42F2
:1078D000137505F83365050188C213F5150001C954
:1078E00093F5050341456386A506938787C14C57E9
:1078F0004168130808A093E525004CD7B3D50703CA
:10790000B70810FEFD18B3F70703FD89139545016D
:107910006C43B3F51501C98D6CC39305A00F3705F2
:10792000FCFFAA07B3D7B7026C43E98DBA07B98346
:10793000CD8F7CC383470600898B99CB9C4293F7FC
:10794000F70713E707049C4293F707F8D98F9CC207
:1079500082809387078361BF5C57F59B5CD79C420D
:1079600093F707F8B3E707019CC2E9B7411106C6D0
:1079700097C7FE1F238F0750EFF03FBFB24001456E
:1079800041018280411197C7FE1F83C7174B06C66E
:10799000858B9DC7EFF09FFD97C7FE1FA38F0748FC
:1079A00097C7FE1F238C074897C7FE1F9387874BF7
:1079B00003A30701014681450545B2404101028309
:1079C00097C7FE1F9387C7499C43FC538DE3EFF095
:1079D000FFF997C7FE1F2383074697C7FE1F9387AC
:1079E000674803A30701014681454545F9B797C795
:1079F000FE1F9387674483C777000D476317F7001F
:107A0000854717C7FE1F2308F728B240410182802F
:107A1000411197C7FE1F83C7474226C206C622C42C
:107A2000858B97C4FE1F9384A443F5CB97C7FE1F95
:107A30002385074097C7FE1F9387C747984317C5FD
:107A4000FE1F0345254217C4FE1F1304A4415C57C3
:107A50008583858BB1CB504093760503C145930751
:107A600086C16394B60093070683C165938505A01C
:107A7000B3D6B702370810FE7D18B3F7B702FD8AF8
:107A8000139646017443B3F60601D18E74C3930670
:107A9000A00F3706FCFFAA07B3D7D7027443F18EB5
:107AA000BA07B983D58F7CC31185014697C5FE1FE0
:107AB00083C5053D0D89EFF05F981705000013059C
:107AC000050BEFE0EFAC98408177FD175447F58F39
:107AD0005CC70F1000009840B70702001CC793074F
:107AE00000F817C6FE1F230BF63497C7FE1F9387B7
:107AF00067349C439C439D83858B99CF9307601982
:107B0000032304017CD354C7014681450545224423
:107B1000B2409244410102839307E01BD5B79C40D9
:107B2000FC538DE3EFF09FE497C7FE1F23880730D7
:107B300097C7FE1F9387073303A3070101468145BB
:107B40004545F1B797C7FE1F9387072F83C7770077
:107B50000D476317F700854717C7FE1F230DF71260
:107B6000B2402244924441018280011197C7FE1F16
:107B700083C7B72C06CE22CC858B17C7FE1F1307F1
:107B8000A72BC9CF3A84EFF07FDE485097C7FE1F7E
:107B9000A385072A814581461306F10097C7FE1F7A
:107BA000238E072897A0FE1FE7806081931585012B
:107BB000E1858DE15C509306F00F03C70700630B6E
:107BC000D70097C7FE1F83C7F72B6385D7006303D2
:107BD000F700894597C7FE1F9387C72803870700CB
:107BE0006347070058508346F1002300D7009C4BA1
:107BF000505093F5F50F0945829797C7FE1F83C72D
:107C00002729898B81CB854517C5FE1F034585280C
:107C1000EFD0DFD8F24062440561828097C7FE1F33
:107C2000938707249C43FC538DE3EFF03FD497C721
:107C3000FE1F2385072097C7FE1F9387A7229C4B13
:107C40000146814549458297F1B7834777000D4743
:107C5000E312F7FC854717C7FE1F230EF7025DBF2F
:107C6000797122D452CC56CA06D626D24AD04ECEEC
:107C70005AC893070008AA8A2E84328A6319F6022A
:107C8000BD4497A0FE1FE780809BE3FCA4FE97C73E
:107C9000FE1F83C7C71E9607C117E3E4A7FE97C759
:107CA000FE1F9387E71B9C4313078007F8D317C970
:107CB000FE1F1309291803270900814597C4FE1FD9
:107CC0009384041A5C5797C9FE1F9389A91917CB8F
:107CD000FE1F130B6B16F19B93E717005CD717C5BC
:107CE000FE1F03453518EFF01FBC83270900370638
:107CF000330098431377F7CF98C398431377F7CFA0
:107D00001367072098C317C7FE1F1307A71A14434A
:107D10009846518F98C69840B706030093868625EB
:107D200034CB83A6890094C783A6C90097C9FE1FD8
:107D300093894915D4C35C4393E717005CC383C799
:107D4000E90093E7270017C7FE1F2304F7149307E2
:107D5000FAFF93F7F70F05476369F70C03250B024A
:107D60002286D68523004501A3008500090597904A
:107D7000FE1FE78040E503270B029C40931504019A
:107D8000C181B8DF17C7FE1F2309070A17C7FE1FE7
:107D9000A305070A17C7FE1F2302070A0D4797C648
:107DA000FE1FA38EE60813070008631EEA08F853B7
:107DB0007DFF97C7FE1F938727EE9C432EC68297B1
:107DC00003A78900B2456368E506198D83270B0276
:107DD000370480000D811307F42F6205598D88C385
:107DE00017C5FE1F0345050811850D89EFF04FDA11
:107DF000832709009843418F98C3D857719BD8D7E0
:107E000097C7FE1FA38C070297C7FE1FA386070212
:107E10009C40094798C3B250225492540259F249E7
:107E2000624AD24A424B4561828093070008E314BC
:107E3000FAF4094489B797C7FE1F938767EBDC43C1
:107E4000998F3E9561B717C5FE1F0345A5011185A2
:107E50000D89EFF0EFD383270900B70680001715CF
:107E600000001305450D9843558F98C3D857719B53
:107E7000D8D7EFD0FFF197C7FE1F238B070097C716
:107E8000FE1FA38D07FA97C7FE1FA38707FA9C4022
:107E9000094798C383C7C90093F7F70FE5DFA5BF6C
:107EA0001C49638D0718411122C406C626C28347A8
:107EB00005002A8493F7070489C75C410945638E4E
:107EC000071013060002814517C5FE1F130585F92B
:107ED0009790FE1FE78000D313060002A28517C506
:107EE000FE1F130525F89790FE1FE780C0CD97C7AA
:107EF000FE1F83C7B7F897C4FE1F9384A4F699E7C3
:107F00009307800217C7FE1FA30AF7F697C7FE1F45
:107F100083C7E7F691E7A14717C7FE1F2301F7F6CE
:107F200097C7FE1F83C7B7F591E7C54717C7FE1F61
:107F3000A307F7F497C7FE1F83C787F491E7ED57B0
:107F400017C7FE1F230EF7F297C7FE1F83C757F30D
:107F500091E7ED5717C7FE1FA304F7F2834704000C
:107F600093F7070491CFDC4037B724001307F7E9F4
:107F7000636AF7069307500217C7FE1FA304F7EEC4
:107F800097C7FE1F938707F0C84309C597A0FE1F38
:107F9000E780208897C7FE1F23A807EE83C7040049
:107FA000858B85C317C5FE1F034595ED930590048A
:107FB00009059790FE1FE780A07697C7FE1F23A5AF
:107FC000A7EC83C71400014517C7FE1FA303F7ECF6
:107FD0009C4417C7FE1F2321F7ECB2402244924471
:107FE00041018280370725009306F74863EDF600CC
:107FF0003767DBFF13070793BA971307007DB3D7E3
:10800000E702FD1795BF130707496395E70093073C
:1080100060029DB737D725001307F777636DF70028
:108020003767DBFF13070793BA971307007DB3D7B2
:10803000E702F91791B7930770023DBF05458280AB
:10804000797126D297C4FE1F9384C4E19C4406D65E
:1080500022D44AD04ECE52CC56CA5AC85EC662C44A
:10806000638B072217C7FE1F034777DD9547AA8B4F
:1080700097CAFE1F938A4ADC09456303F71E0D4524
:108080002E84328B368CEFF08FD697C7FE1F83C7B6
:1080900027E0898B17CAFE1F130ACADE85CB3D492C
:1080A0009790FE1FE780A059E37CA9FE97C7FE1FAB
:1080B00083C7E7DC9607C117E3E4A7FE97C7FE1F57
:1080C000938707DA9C4313078007F8D397C9FE1FED
:1080D000938949D603A709005C57F19B93E71700E2
:1080E0005CD78347CA00898B99E783C7040093F75D
:1080F000070463930718814517C5FE1F034595D6EE
:10810000EFF06FFA83A709003706330017C9FE1F87
:10811000130909D598431377F7CF98C3984313777A
:10812000F7CF1367072098C317C7FE1F130787D819
:1081300014439846518F98C603270900B7060300D9
:108140009386862534CB944494C7D444D4C383C740
:10815000040093F617005C43F99BD58F5CC38347FB
:10816000EA0003A50A0293E7270017C7FE1F2302B0
:10817000F7D297C7FE1F238767D197C7FE1FA38338
:1081800087D1638E0B0E23006501A3008500228634
:10819000DE8509059790FE1FE780E0A283A70A020B
:1081A000032709003CDF97C7FE1F238807C897C72E
:1081B000FE1FA38407C897C7FE1F238107C88D47EA
:1081C00097C6FE1FA38DF6C68347CA00898B9DCB39
:1081D0007C53FDFF97C7FE1F938707AC9C43829794
:1081E00003278A006361E50A198D83A70A0209043F
:1081F0001374F40FA38087000D81A29723800700DA
:10820000A380A70017C5FE1F0345C5C511850D89AD
:10821000A285EFF0EF9783C7040017F5FFFF130562
:10822000657F858B89E717F5FFFF1305E575EFD0AF
:108230003FB683A70900B706800001459843558FD4
:1082400098C3D857719BD8D797C7FE1FA38807BE7E
:1082500097C7FE1FA38207BE83270900094798C35B
:10826000B250225492540259F249624AD24A424BC5
:10827000B24B224C456182808945C84051B52320CC
:108280006501014421BF97C7FE1F938767A6DC43A2
:10829000998F3E9599BF0545E1B77971B7E700E041
:1082A00026D284433707200006D622D44AD04ECEA9
:1082B00052CC56CAF98C23A0E7180F10000017C43F
:1082C000FE1F130424BA184409EF23A09710054594
:1082D000B250225492540259F249624AD24A45613C
:1082E000828017C7FE1F1307E7C40327470A09C781
:1082F00023A097100945E9BF83470400328AB68955
:10830000858B2E86AA8ABDC717C9FE1F130989B798
:108310008327490095E317C5FE1F034575B62EC692
:108320000905930590049790FE1FE780603F324651
:1083300097C7FE1F23AAA7B48327490099E7B7E789
:1083400000E023A097100D4561B717C7FE1F034734
:1083500087B32380E70083274900638F0A0429CE6F
:10836000A380C70003254900D68509059790FE1F05
:10837000E780608517C7FE1F034777AC9547630CFE
:10838000F70097C7FE1F83C7A7AB19476385E700B0
:108390000D476396E70297C7FE1F83C777AA99E741
:1083A0009307801017C7FE1F231CF7A8B7E700E04C
:1083B00023A09710014529BFA380070065BF17C9F7
:1083C000FE1F1309E9A98327090098430D8B0DC7E8
:1083D00017C7FE1F2301078CB84B1377F78FB8CB55
:1083E00098431367870098C39C438D83858B89C707
:1083F0000100010001000100832709003707020086
:1084000097CAFE1F938A0AA823A2070698C797C790
:10841000FE1F238507A297C7FE1F83C767A7918BFF
:1084200089EB97C5FE1F83C5E5A393F70504639108
:108430000712814517C5FE1F0345D5A2EFF0AFC651
:1084400017C5FE1F034505A21185014697C5FE1FEE
:1084500083C505A30D89EFE05FFE17C7FE1F130755
:10846000679D14441C4394C75444D4C38326090015
:10847000834704003A8413F61700DC42F99BD18F3E
:10848000DCC283A74A00BCDE97C7FE1FA38D479FAF
:1084900097C7FE1F2389379F83C7EA0093E74700EA
:1084A00097C6FE1F2387F69E9307000497C6FE1FFC
:1084B0002384F69897C7FE1F23820798A14797C683
:1084C000FE1FA38EF69697B7FE1F9387A77D9C5736
:1084D00091CB13060064C14517C5FE1F0345859B5C
:1084E000EFD04FD583270900170500001305C531CC
:1084F000DC43858B89E71705000013056506EFD07F
:108500003F891840B70633001C4393F7F7CF1CC3CD
:108510001C4393F7F7CF93E707201CC397C7FE1FB1
:108520009387479998431C47D58F1CC70327090099
:10853000B7070300938787153CCB97C7FE1FA38F10
:10854000078E97C7FE1FA389078E85471CC3B9BD39
:1085500093F5050393E515004840CDB5011197C784
:10856000FE1F83C7778D06CE22CC26CA4AC8858BCC
:1085700017C7FE1F1307478C6386072497C7FE1F84
:10858000A38C078A3A84A30701004453EFF00FBE7F
:1085900097C7FE1F83C7C78F918B97C6FE1F938611
:1085A000668E17C9FE1F1309E98B638A071A83C7F2
:1085B0001400A69703C7070093070008631AF70083
:1085C0008347090093E7870017C7FE1F230CF7882E
:1085D0005C4C0D47637FF710F11717C7FE1F232B65
:1085E000F7865C4C984663EDE7103387E74083C716
:1085F000140003C6C600A69783C7170062066186EB
:108600008E076350061263F4E7101D8F9306000275
:1086100063EBE600584C636FF70EB307F74017C7DC
:10862000FE1F2325F786894517C5FE1F034585864E
:10863000EFD0CFB683470900A18B638D071097C792
:10864000FE1F9387E78194439307800C1307F00F75
:10865000FCD21C5037063300014598C397B7FE1F64
:10866000238D077C97B7FE1FA389077C97B7FE1F52
:108670002386077C97B7FE1FA382077C97B7FE1F50
:108680009387477B98431C4393F7F7CF1CC31C4346
:1086900093F7F7CF93E707201CC397C7FE1F938775
:1086A0006781984397B5FE1F83C5C57B91851C479D
:1086B0008D89D18F1CC7B707030093878725BCCA54
:1086C00005469790FE1FE780A0D883470900DD9BF1
:1086D00017B7FE1F2308F77897B6FE1F83C6A67A42
:1086E00017B6FE1F0346367A81450145EFF0FFBA03
:1086F000E1A017B7FE1F1307A75F5843BA97E9BD5C
:1087000017B6FE1F1306C65E5042B297F9BD3387F7
:10871000E740EDBD97B6FE1F9386865DD44236973F
:10872000EDBD584C6361F702B307F74017B7FE1F62
:10873000232EF77483C7C60093E7070817B7FE1FF9
:108740002308F774CDB517B6FE1F1306665A5042BC
:108750003297D9BF83C71400F917A380F40048509B
:10876000814681451306F1009790FE1FE78020C5E2
:108770005C50931585019306F00F03C70700E18550
:10878000630CD70097B7FE1F83C7F76F6386D700C8
:108790006304F70093E525008307090063C707001A
:1087A00089E58347F1002380F400832709015050B5
:1087B00093F5F50F0D458297F2406244D244424949
:1087C0000561828097B7FE1F938787699C43FC539E
:1087D00099EFEFF0AF9997B7FE1F9387A74C9C5B7B
:1087E000E38C07EE8545130510088297F5B583479E
:1087F00077002147E312F7FC854717B7FE1F230CCC
:10880000F7485DBF797197B7FE1F83C7E76206D649
:1088100022D426D24AD04ECE52CC858B17B7FE1F1B
:1088200013078761638407260329470281461306DD
:10883000F10081454A853A84A307010097B7FE1FDE
:10884000238C075E9790FE1FE78060B7131A85019F
:10885000135A8A4163120A0297B7FE1F83C7B76291
:108860009306F00F638AD70058500347070063054B
:10887000D7006303F700094A97B4FE1F9384845E10
:108880008387040097B9FE1F9389C95F63C60714E5
:1088900063160A148347F1002300F90083C7C90057
:1088A000918BD1CB5C4C0D47637DF716F11717B751
:1088B000FE1F2321F75A5C4C03A7890063EAE716E1
:1088C0003387E7408347190083C6C900CA9783C727
:1088D0001700E206E1868E0763DD061663F1E716F0
:1088E0001D8F9306000263EBE600584C636CF7148F
:1088F000B307F74017B7FE1F232AF758894517B566
:10890000FE1F03452559EFD06F89834719003307B0
:10891000F90083460700130700086395E6161C500C
:108920001307F00F98C383C7040093E7870017B7B6
:10893000FE1F2309F75297B7FE1F9387A757984347
:108940005C578583858BA1C3DC40C165938505A0F9
:10895000B3D6B702370510FE7D15B3F7B702FD8A0F
:10896000139646017443E98ED18E74C39306A00F0B
:108970003706FCFFAA07B3D7D7027443F18EBA07B4
:10898000B983D58F7CC383A7490017B5FE1F034564
:10899000654D118583C517000D89EFE07F9F170591
:1089A000000013056513EFD0AFBE97B7FE1F938786
:1089B00067489C43B70680009843558F98C3D857A3
:1089C000719BD8D783C70400A18BA1E79C48505066
:1089D00081450D45829735A8E3020AECEFE0FFB828
:1089E0009C4850500D459375FA0F829703A5490096
:1089F00017B6FE1F0346364997B6FE1F83C6A64824
:108A000009C583451500090519A081450145EFF009
:108A1000DF88B250225492540259F249624A4561A9
:108A2000828017B7FE1F1307A72C5843BA97BDBD06
:108A300097B6FE1F9386C62BD442B69751B533879F
:108A4000E74045B597B6FE1F9386862AD4423697EF
:108A500045B5584C6361F702B307F74017B7FE1FDF
:108A60002326F74283C7C90093E7070817B7FE1FFD
:108A70002300F74261B597B6FE1F93866627D4425E
:108A80003697D9BFF917A300F90075B597B7FE1F40
:108A90009387073D9C43FC539DE3EFE03FED97B781
:108AA000FE1F938727209C5B89C789451305100803
:108AB000829797B7FE1F9387E73CC84315BF83474C
:108AC00077002147E317F7F4854717B7FE1F230404
:108AD000F71C81B7411197B7FE1F83C7F73506C64C
:108AE00022C4858B8DCB97B7FE1FA3870734EFE099
:108AF000FFE797B7FE1F9387E73603C707003E845B
:108B0000218B21E703A3070101468145114522443A
:108B1000B2404101028397B7FE1F938767349C439D
:108B2000FC53ADE797B7FE1F238A073097B7FE1FA8
:108B30009387473303C707003E84218B19E703A3BC
:108B40000701014681455145D9B797B7FE1F938765
:108B50006733C84317B6FE1F0346F63297B6FE1FAB
:108B600083C666320DC1834515000905EFF0EFF2AB
:108B700083470400DD9B17B7FE1F2305F72EB24085
:108B800022444101828081450145CDB7854717B711
:108B9000FE1F2302F710E5B74111B7E700E022C43A
:108BA00080433707200006C6798C23A0E7180F10F2
:108BB000000097B7FE1F238E072C97B7FE1F9387E1
:108BC000672CC84309C59790FE1FE78080C497B7FC
:108BD000FE1F23AB072A17B7FE1F0347772697B759
:108BE000FE1F9387672501CF97B6FE1F83C64625D4
:108BF00021476396E60017B7FE1FA303072403C7A8
:108C0000770099466387E60003C777009D46639D1A
:108C1000E60083C7770017B7FE1F2303F7228547B7
:108C200017B7FE1FA30EF720EFE03F94C14517B51D
:108C3000FE1F0345252697B7FE1F238E0704EFC0AE
:108C40001FF6B7E700E023A08710B2402244014599
:108C500041018280411106C622C426C217B4FE1FFC
:108C600013044422EFF05FF38347F400A14517B5E6
:108C7000FE1F0345252217B7FE1FA305F71E5C48FC
:108C800097B4FE1F9384041E17B7FE1F2320F71E00
:108C9000EFC0FFF0914517B5FE1F0345A51FEFC0BC
:108CA0001FF08347C400898B9DC39C4801468145C2
:108CB0001305200282972244B240924497B7FE1FC8
:108CC0002388071C8945014541016FD00F8B8347DD
:108CD000C400918BEDD39C480146814513054002A9
:108CE000D1BF97B7FE1F83C7A71A898B638C071262
:108CF000011152C406CE22CC26CA4AC84EC656C25C
:108D00005AC017B7FE1F034797138D4717BAFE1FA8
:108D1000130A8A1291456300F70C3545017985697C
:108D2000EFE0FF8CA14417B4FE1F130464137D19F8
:108D3000938929F91306000881450145EFE05FF2A8
:108D4000B70A0200130B00F883472A00858B8DE3D6
:108D50001C40FC53F5FBFD14F1FC6244F240D2448C
:108D60004249B249224A924A024B05616FF09FEE96
:108D700017B5FE1F0345050F118501469305F00F3A
:108D80000D8997B7FE1F238A070AEFE00FEB97B50F
:108D9000FE1F83C5250D91851306F00F8D890545AE
:108DA0009780FE1FE780C06A83473A00858BB9C36E
:108DB00097B7FE1FA3830708EFE05FBB97B7FE1FBF
:108DC0009387470C83C7C700854593E7070817B704
:108DD000FE1F230FF70A6244F240D2444249B249CF
:108DE000224A924A024B17B5FE1F0345A50A0561A8
:108DF0006FC0DFBAEFE09FB71C40D847B3762701BA
:108E0000D4C70F1000001C4023A4570197B6FE1FC3
:108E10002386660323A23707D8C71C40FC538DDB8B
:108E20000100E5BF8280411122C406C693F71500F8
:108E30002E84A1CB97B7FE1F83C78705898B85CF6B
:108E400097B7FE1F9387070483C7C70017B5FE1F98
:108E50000345450413060005E207E18763DA0700CE
:108E600017B6FE1F034696019307000A3306F60263
:108E70009145EFC03FBC13451400B240224441016C
:108E8000828093F72500B9C797B7FE1F83C74700B5
:108E9000918B95CF97B7FE1F9387C7FE83C7C700F7
:108EA00017B5FE1F034505FF1306000AE207E18719
:108EB00063DC070017B6FE1F034656FC9307000A43
:108EC0003306F60213068602A145EFC0BFB613456E
:108ED000240065B793F7450091C7EFF09FE0134575
:108EE000440061BF93F7850081CF97B7FE1F83C70A
:108EF00027FA918B99C3EFF0FFD513458400B5BFD6
:108F000093F705010145B5DBEFD0AFA017B7FE1F02
:108F10000347F7F2A147631BF70013060064C1453E
:108F200017B5FE1F034505F7EFC0DFB01345040179
:108F3000A9B7411197B7FE1F83C727F006C622C401
:108F400026C24AC0858B6388071E17B5FE1F0345DE
:108F500065F111850146930500020D8997B7FE1F43
:108F6000238D07ECEFE06FCD97B5FE1F83C585EF2E
:108F700091851306F00F8D89054517B9FE1F13095A
:108F8000A9EB9780FE1FE780A04C83473900858BB3
:108F90006383071A0325490297B7FE1FA38F07E8CB
:108FA00081460146814597B7FE1F238807E89780D1
:108FB000FE1FE780C040AA84631F051603244902F0
:108FC0009547034724006318F716194697B5FE1F07
:108FD0009385C5CE130594009780FE1FE780A0C53A
:108FE0008547631AF514832709021947814598C3F9
:108FF00017B5FE1F034505E711850D89EFE04FB951
:1090000097B5FE1F83C505E6918501468D890D45FF
:109010009780FE1FE780C04383472900858B638CC0
:10902000071097B7FE1F238A07E097B7FE1F9387A5
:10903000A7C69C43829797B7FE1F23A9A7E4EFF02A
:10904000BFB597B7FE1FA38F07E097B7FE1FA38199
:1090500007E48347340101469305000217B7FE1F5A
:10906000A30EF7E08347440117B7FE1F2309F7E07B
:109070008347540117B7FE1FA303F7E0034704011A
:109080008347F40022075D8F83471401C2075D8F79
:1090900083472401E207D98F17B7FE1F2328F7DC87
:1090A000034774018347640122075D8F834784016E
:1090B000C2075D8F83479401E207D98F17B7FE1F60
:1090C000232CF7DA17B7FE1FA30607DC0147B3D638
:1090D000E700858A89C6850493F4F40F05460507E1
:1090E000E317B7FE09C697B7FE1FA38597DA834734
:1090F000A40193053400194617B7FE1F2300F7D8C3
:1091000017B5FE1F1305C5D9894717B7FE1F2301E1
:10911000F7D89780FE1FE78000AB2244B24092440C
:10912000024917B5FE1F0345E5D613068002914597
:1091300041016FC03F90EFE04FC3B2402244FD5762
:1091400017B7FE1F2306F7D49244024941018280DB
:10915000411106C622C4EFE04FE6130640028145E6
:1091600017B5FE1F130505D29780FE1FE78080A963
:1091700017B4FE1F130404D1FD5717050000130593
:10918000C5CA1CC0EFC03FD62308A400B240224489
:1091900001454101828097B7FE1F9387A7D19C4369
:1091A00013070048B70600F998D7D85FFD16758FEA
:1091B000B7060002558FD8DFD85FB70600400E070C
:1091C0000D83558FD8DFF84BC576FD16419B13678D
:1091D0009700F8CBD85F758F9566558FD8DF985B71
:1091E0009D661367077098DB985B558F98DB985BDB
:1091F000B7060700558F98DB985BB7060090FD1601
:10920000758FB7060010558F98DBF847B706F9FF42
:10921000FD16619BF8C7F84F758FF8CFF84FB7066A
:1092200090FFFD16758FF8CF828017B7FE1F1307CA
:1092300067C81C4341767D16B44BF18EB4CB94477E
:1092400037062000D18E94C7D44793E60601D4C7D1
:10925000D447BD9AD4C701000100010001001443A6
:109260000566DC4693E70701DCC6DC42D18FDCC231
:1092700097B7FE1F9387C7BE9043930740067CD2E3
:109280007C5291C783A7C609A183858BF5DB0100BA
:109290000100010001001C43416603A7C709B44B4C
:1092A000D18EB4CB9376F701B84B019B558FB8CBD9
:1092B0009847B706E0FFFD16758F98C7828097B76D
:1092C000FE1F938727BF9C4341777D17B44F4166AC
:1092D000F98EB4CF9447D18E94C7D44793F6F6EF66
:1092E000D4C7D443758FD8C3D44793E60610D4C7E8
:1092F000D843518FD8C38280397122DC17B4FE1F46
:10930000130444BB1C4006DE26DA4AD84ED652D49B
:1093100056D25AD05ECE62CC66CA6AC86EC6D843F0
:10932000FD76FD161377F7EFD8C39857758F98D74A
:10933000D857B70602003D9BD8D79847558F98C796
:10934000D84313670701D8C317B7FE1F130707B623
:1093500014433757341213078767E38FE64AD8431D
:1093600081749384F40F799BD8C3985FB166938618
:1093700006F0658F558F98DFD84313671700D8C361
:109380009780FE1FE78020361C4003A7070913774C
:10939000F7032386E18603A7470929831377F70795
:1093A000A386E186D843B96693860670799BD8C3B5
:1093B000985F658F558F98DFD84313671700D8C320
:1093C0009780FE1FE78020321C4003A70709137710
:1093D000F70397B6FE1FA381E6AE03A747092983CB
:1093E0001377F70797B6FE1F2384E6ACD843B5661C
:1093F00093860630799BD8C3985F658F558F98DF29
:10940000D84313671700D8C39780FE1FE780A02DAD
:1094100018408327070993F7F70397B6FE1F238D9C
:10942000F6A883274709A98393F7F70717B7FE1F05
:10943000230CF7A61C4017BCFE1F034CECA783C6E9
:10944000C18603A7070AB386864113F6F600419B3F
:10945000518F23A0E70A130760023387E602130641
:10946000700283A5070A7D7E130EFE0F93F5F5F0BB
:109470001305400245737D13130430023347C702BE
:10948000B708F1FFFD1813082002930E10027D4F5C
:10949000F94FF542F1436D4DD14B454BBD44394930
:1094A000314AAD4AB5493D8B12074D8F93055002A5
:1094B00023A0E70A3387B60283A5070AB3F5C501DF
:1094C0003347C7023D8B22074D8F23A0E70A33871E
:1094D000A60283A5070A370500F17D15B3F56500DF
:1094E0003347C7023D8B32074D8F23A0E70A3387EE
:1094F000860283A5070A6144B3F515013347C70205
:109500003D8B42074D8F23A0E70A3387060383A5CF
:10951000070A370810FF7D18B3F505013347C70266
:109520003D8B52074D8F23A0E70A3387D60383A5CF
:10953000070AB70E0010FD1EE98D3347C7023D8BA9
:1095400062074D8F23A0E70A139756003347C702DF
:109550009315C70103A7070A3377D7014D8F23A0BF
:10956000E70A3387E6035D4F3347C7029375F70079
:1095700003A7470A419B4D8F23A2E70A3387F603CF
:1095800083A5470AD94F93F5F5F03347C7023D8BC2
:1095900012074D8F23A2E70A3387560283A5470A95
:1095A000D542B3F5C5013347C7023D8B22074D8F26
:1095B00023A2E70A3387760283A5470ACD43B3F592
:1095C00065003347C7023D8B32074D8F23A2E70A60
:1095D0003387A60383A5470A494DB3F515013347E1
:1095E000C7023D8B42074D8F23A2E70A69473387A5
:1095F000E60283A5470AB3F505013347C7023D8B51
:1096000052074D8FE54523A2E70A3387B60283A5AB
:10961000470AE98D3347C7023D8B62074D8F23A26E
:10962000E70A338786020D443347C7029315C70103
:1096300003A7470A3377D7014D8F23A2E70A338761
:10964000E603254F3347C7029375F70003A7870A40
:10965000419B4D8F23A4E70A3387F60383A5870A2E
:109660009D4F93F5F5F03347C7023D8B12074D8FA1
:1096700023A4E70A3387560283A5870A9942B3F5E4
:10968000C5013347C7023D8B22074D8F23A4E70A4C
:109690003387760383A5870AB3F565003347C7028E
:1096A0003D8B32074D8F23A4E70A3387760283A5CB
:1096B000870A9543B3F515013347C7023D8B42072F
:1096C0004D8F23A4E70A3387A60383A5870A294D74
:1096D000B3F505013347C7023D8B52074D8F23A4D5
:1096E000E70A3387660383A5870AE98D3347C702F4
:1096F0003D8B62074D8F93954600B3C5C50223A4E9
:10970000E70A03A7870A3377D701F2054D8FB385A0
:10971000960223A4E70A03A7C70A419BB3C5C50263
:10972000BD894D8F23A6E70A3387260383A5C70A81
:1097300093F5F5F03347C7023D8B12074D8FB3C544
:10974000860223A6E70A03A7C70A3377C701BD89A4
:10975000A2054D8F23A6E70A3387460383A5C70AD0
:10976000B3F565003347C7023D8B32074D8F23A603
:10977000E70A3387560383A5C70AB3F515013347B4
:10978000C7023D8B42074D8F23A6E70A3387A60306
:1097900083A5C70AB3F505013347C7023D8B5207BE
:1097A0004D8F23A6E70A3387E60383A5C70AE98D11
:1097B0003347C7023D8B62074D8F93953600B3C583
:1097C000C50223A6E70A03A7C70A3377D701F20524
:1097D0004D8FB385F60323A6E70A03A7070B419B2A
:1097E000B3C5C502BD894D8F23A8E70A338756024A
:1097F00083A5070B93F5F5F03347C7023D8B12079E
:109800004D8F23A8E70A3387760283A5070BB3F5AC
:10981000C5013347C7023D8B22074D8F23A8E70AB6
:10982000139726003347C70283A5070BB3F56500DE
:109830003D8B32074D8FB3C5360323A8E70A03A734
:10984000070B33771701BD89C2054D8F23A8E70A9F
:10985000139716003347C70283A5070BB3F505011D
:109860003D8B52074D8FB3C5C60223A8E70A03A755
:10987000070B698FBD89E2054D8F23A8E70A03A76F
:10988000070B930580023377D70123A8E70A17A7B0
:10989000FE1F034777623307EC40B34DB70283AC3A
:1098A000470B93FC0CFFB34B770393FDFD00B3EC28
:1098B000BC0123AA970B83AC470BCD4D93FCFCF066
:1098C00093FBFB00920BB3EB7C0123AA770BB30B4A
:1098D000870283AC470BB3FCCC01B3CBBB0293FB39
:1098E000FB00A20BB3EB7C01B34CA70323AA770BBD
:1098F00083AB470BB3FB6B0093FCFC00B20CB3EBE8
:109900009B0123AA770BA14BB34B770383AC470B87
:10991000B3FC1C0193FBFB00C20BB3EB7C0123AA3D
:10992000770BB30B570283AC470BB3FC0C01B3CBE3
:10993000BB0293FBFB00D20BB3EB7C0123AA770B9A
:10994000B30BF70383AC470BB3FCAC00B3CBBB0248
:1099500093FBFB00E20BB3EB7C01B34C770223AA31
:10996000770B83AB470BB3FBDB01F20CB3EB9B0133
:10997000B30CE70323AA770B83AB870B93FB0BFF97
:10998000B3CCBC02B30A570393FCFC00B3EB9B01BE
:1099900023AC770B914B83AC870B93FCFCF0B34B60
:1099A0007703330A470393FBFB00920BB3EB7C0175
:1099B00023AC770B83AB870BD54CB3FBCB01B3CA7E
:1099C000BA02B309370393FAFA00A20AB3EA5B01B9
:1099D00023AC570B83AA870BD94BB3FA6A00334ADF
:1099E000BA0233092703137AFA00320A33EA4A012A
:1099F00023AC470B03AA870BE14A337A1A01B3C998
:109A0000B902B304970293F9F900C209B3693A01A4
:109A100023AC370B83A9870B654AB3F90901334996
:109A2000B902B3C4B4021379F900520933E9290128
:109A300023AC270B03A9870BE9493379A900330B22
:109A40006703BD88E204B36499001319470023AC8F
:109A5000970A83A4870BB3F4D4013349B902334B7B
:109A6000BB027209B3E4240123AC970A83A4C70B99
:109A7000C198137BFB0033EB6401C944B304970224
:109A800023AE670B03A9C70B5D4B1379F9F0B3C481
:109A9000B402BD889204B364990023AE970AB3045C
:109AA000B70303A9C70BF54D3379C901B3C4B40299
:109AB000BD88A204B364990023AE970A8944B344D5
:109AC000970203A9C70B33796900BD88B204B36458
:109AD000990023AE970AB304970303A9C70BF94C67
:109AE00033791901B3C4B402BD88C204B3649900C8
:109AF00023AE970AB304770303A9C70BFD4B337951
:109B00000901B3C4B402BD88D204B364990023AE82
:109B1000970AB304670303A9C70B130B1002337929
:109B2000A900B3C4B402BD88E204B364990023AEB3
:109B3000970AB304570303A9C70B930A200233798A
:109B4000D901B3C4B402F204B364990023AE970AF6
:109B5000B304470303A9070C130A3002137909FF62
:109B6000B3C4B402BD88B364990023A0970CB304B6
:109B7000370303A9070C930940021379F9F0B3C422
:109B8000B402BD889204B36499006D4923A0970C78
:109B9000B304270303A9070C3379C901B3C4B40282
:109BA000BD88A204B364990023A0970CF144B304C8
:109BB000970203A9070C33796900B3C4B402BD88C6
:109BC000B204B364990023A0970CB304B70303A9AC
:109BD000070C33791901B3C4B402BD88C204B3645D
:109BE000990023A0970CB304970303A9070C3379BA
:109BF0000901B3C4B402BD88D204B364990023A0A0
:109C0000970CB304770303A9070C3379A900B3C4F5
:109C1000B402BD88E204B364990023A0970C9314A6
:109C20005700B3C4B4021399C40183A4070C3306CC
:109C3000C702B3F4D401B3E4240123A0970C03A911
:109C4000470C137909FFB3046703B3C4B402BD889A
:109C5000B364990023A2970CB304570303A9470CDC
:109C60001379F9F0B3C4B402BD889204B3649900C7
:109C700023A2970CB304470303A9470C3379C90106
:109C8000B3C4B402BD88A204B364990023A2970CA4
:109C9000B304370303A9470C33796900B3C4B40292
:109CA000BD88B204B36499001309500223A2970C33
:109CB000B304270303A9470C33791901B3C4B402D1
:109CC000BD88C204B364990023A2970C9304600278
:109CD000B304970203A9470C33790901B3C4B40252
:109CE0003346B602BD88D204B364990023A2970C10
:109CF00083A4470CE98C3D8A6206458E23A2C70CDB
:109D000003A6470C9314C7013376D601458E23A2D0
:109D1000C70C130690023306C70283A4870CC198B0
:109D20003346B6023D8A458E23A4C70C1306A00213
:109D30003306C702B345B60203A6870C1376F6F0C6
:109D4000BD899205D18D23A4B70C97A5FE1F83C5AD
:109D5000A51517A6FE1F0346A6153386C540B304F6
:109D6000A60303A9870C3379C901B3C4E40293E4C1
:109D70008400BD88A204B364990023A4970CB304A3
:109D8000E60303A9870C33796900B3C4E40293E4C2
:109D90008400BD88B204B364990023A4970C931483
:109DA0003600B3C4E40203A9870C3379190193E4A4
:109DB0008400BD88C204B364990023A4970CB30443
:109DC000F60303A9870C33790901B3C4E40293E4D1
:109DD0008400BD88D204B364990023A4970CB30413
:109DE000560203A9870C3379A900B3C4E40293E4B3
:109DF0008400BD88E204B364990023A4970CB304E3
:109E0000760203A9870C3379D901B3C4E40293E441
:109E10008400F204B364990023A4970C93142600E1
:109E2000B3C4E40203A9C70C137909FF93E48400C7
:109E3000BD88B364990023A6970CB304860203A9D6
:109E4000C70C1379F9F0B3C4E40293E48400BD882D
:109E50009204B364990023A6970C93141600B3C41C
:109E6000E40203A9C70C3379C9013347E60293E43E
:109E70008400BD88A204B364990023A6970C03A6AE
:109E8000C70C33766600136787003D8B3207518F0E
:109E900023A6E70C03A7C70C3377170123A6E70C0B
:109EA00003C7D1860D8F3346D70293F5F507E20538
:109EB0003D8A9314460103A6C70C33048702337608
:109EC0000601458E23A6C70C1316170083A4C70CE2
:109ED000E98C3346D6023D8A6206458E23A6C70C1E
:109EE00003A6C70C3344D402B37ED6011316270051
:109EF000B3037702720433E48E0023A6870C334643
:109F0000D602B3025702937EF60003A6070D419ACC
:109F10003366D60123A8C70C03A6070DB3C3D3022B
:109F20001376F6F0B3C2D20293F3F3009203B36355
:109F3000760023A8770C03A6070D337EC601B30F66
:109F4000F70393F2F200A202B3625E0023A8570C5B
:109F500003A6070D3373660013163700B3CFDF0275
:109F6000330FE70393FFFF00B20FB36FF30123A892
:109F7000F70D03A3070DB37813013346D602330D53
:109F8000A7033D8A420633E6C80023A8C70C03A6F0
:109F9000070D33780601334FDF02B346DD02137F2E
:109FA000FF00520F336FE80123A8E70D03A7070D49
:109FB000798DBD8AE206C98E23A8D70CD843856661
:109FC0003D9BD8C3D843799BD8C39857558F98D712
:109FD000D857B7060081FD1613670701D8D7137746
:109FE000FC0303AC8703137C0CFC336CEC0023AC48
:109FF0008703985F758FD98D8CDF6254F250D254ED
:10A000004259B259225A925A025BF24B624CD24CDC
:10A01000424DB24D2161828097A7FE1F23A807E819
:10A020006FF04FC197A7FE1F9387C7E898435C4323
:10A0300093E707105CC38280411106C6012893058F
:10A0400060408922B240014541018280011106CE63
:10A050009317450163D307025924894719C98346D9
:10A0600005001147B1476396E60095472300F500C8
:10A07000C947F2403E85056182802EC64924C94702
:10A080006DD90347A500418B6DD7B2458347B50015
:10A09000230AB50491E7E9472308F5008147D1BFBA
:10A0A000ED47DDBF01114AC84EC652C406CE22CCD0
:10A0B00026CAAE89328A3689992479C1631E0A007C
:10A0C00085472387F1860145F2406244D2444249E4
:10A0D000B249224A0561828003C7E18685472A8406
:10A0E0006315F700238701868949B7E700E08443B9
:10A0F0003707200023A0E718F98C0F1000004165F6
:10A10000130545F5212C21CD8347A5002315F50026
:10A1100083278411A9E3232CA410232EA4109307D2
:10A1200010F879192320050023164501A304F50032
:10A1300023043501232225018347940285450145E7
:10A14000B395F500C205C181EFB05F85B7E700E0C8
:10A1500023A097108DBF8327C41188C37DBF97A705
:10A16000FE1F938727B49C5B91C7956593855555D2
:10A1700005458297B7E700E023A097101D45A9B7D2
:10A18000094599B76FC03FDC011106CE2AC6EFC062
:10A19000FF8E09C9B245F240034505004D460561F1
:10A1A0006FC04FABF24049450561828097A7FE1F03
:10A1B000938707D817A7FE1F130707D79C43184399
:10A1C00001456313F700828083D6670081E683D65A
:10A1D000470036959C43F5B797A7FE1F938787AC3A
:10A1E0008C4317A7FE1F035727AC41111386052286
:10A1F00097A7FE1F23AEC7D2938785FFBA97056541
:10A2000097A6FE1F23A2F6D206C61D059356370059
:10A210006374E500930600203307D60017A5FE1FE0
:10A220002326E5D023A0E522E1162312D60023132E
:10A2300006001CC3998FE1172312F70023130700B0
:10A24000EFF0DFF6B24097A7FE1F2394A7A04101CD
:10A25000828097A7FE1F9387A7CD97A6FE1F9386A0
:10A26000A6CC9C4390422A87B305B5406314F60000
:10A270003A8529A8938687009C43E369D7FEE37754
:10A28000F7FE2E85E3E4D5FEE3F2F5FE828083D768
:10A2900005002300F50083D70500A183A300F50086
:10A2A00003D525000905420541818280011122CC98
:10A2B0002A84C84106CEAE86014719C52EC68D45F3
:10A2C000EFF03FF9B2462A8722856244F2406D469C
:10A2D000970500009385E5FB05616FC04F8697A742
:10A2E000FE1F938727C5BC4B9C5799E33E85828010
:10A2F00003D78701E30CA7FE93878705FDB797A7D0
:10A30000FE1F938727C383A7870999E33E85828031
:10A3100003D78700E30CA7FE9C43C5BF97A7FE1F8A
:10A32000938747C183A7870AC16697A5FE1F83C588
:10A3300055980147FD1603D6A7006309A6006307D9
:10A34000D6000507C107E3D8E5FE81473E85828038
:10A3500017A7FE1F0347B7AE9547630BF70097A7F4
:10A36000FE1F938767AD83C777000D47631FF70014
:10A3700097A7FE1F83C7D7AC639C07129307701083
:10A3800017A7FE1F231EF7AA8280411197A7FE1F61
:10A39000938747BA0D4522C426C206C683A407097F
:10A3A0004AC017A4FE1F1304E4A8EFD04FA418401E
:10A3B000B7C7898E938767ED1CC7B757550093873A
:10A3C00057555CC303C7A4039307F00F6305F70059
:10A3D000FD57238DF40217A9FE1F130969A803274F
:10A3E00009008547A38CF4025C430146014593E7CD
:10A3F00017005CC3930720FB2383F4009D4717A736
:10A40000FE1FA30EF7A297A7FE1F238707A293059F
:10A41000500297A7FE1F238307A2EFD00F8217A732
:10A42000FE1F130727A914430145DC56F59BDCD614
:10A4300083C754001040CA8493F6F7071C423A8938
:10A4400093F707F8D58F1CC297A7FE1F83C7078B0A
:10A4500091C797A7FE1F938767C08843EFB05F93AC
:10A460001840B70633001C4393F7F7CF1CC31C43B7
:10A4700093F7F7CF93E707201CC303270900B240E7
:10A4800022441C470249D58F1CC79840B7070300D8
:10A49000938787153CCB97A7FE1FA381079A97A7A1
:10A4A000FE1FA38B079885471CC3924441018280FD
:10A4B000828011CE93070002918F635BF000B39509
:10A4C000C500B357F5003316C500DD8D3285828097
:10A4D000930506FE0146B315B5003285CDBF014890
:10A4E00063C6050E63DB06003306C040B337C00009
:10A4F000B306D0401348F8FF9D8EB6873283AA8EEC
:10A50000AE886391061863FCC50C41676361E61E63
:10A51000B70700016365F63693568601E1471737A2
:10A520000000130727A4369703470700BA971307BD
:10A5300000021D8F19CBB395E500B357F500331317
:10A54000E600B3E8B700B31EE50013560301B3D726
:10A55000C80293160301C18213D70E01B3F5C802D6
:10A560003385F602C205B3E8E50063FAA8009A98BD
:10A570001387F7FF63E4680063E9A832BA87B388FA
:10A58000A840B3D5C802C20E93DE0E01B3F8C802CC
:10A59000B386B602C208B3E8D80163FBD8009A9824
:10A5A0001387F5FF63E56800F91563E3D800BA8502
:10A5B000139507014D8D8145630908003305A040BF
:10A5C000B337A000B305B0409D8D82803305A04015
:10A5D000B337A000B305B0409D8D7D5821B701E68B
:10A5E00005433353D3024167636AE30EB7070001A3
:10A5F000636BF32893568301E14717370000130775
:10A600006796369703470700BA97130700021D8F16
:10A6100065EB93180301B3866540135F030193D87C
:10A620000801854513D70E01B3D7E603B3F6E60359
:10A6300033861703C206558F637AC7001A9793862D
:10A64000F7FF636467006365C726B687118FB3564B
:10A65000E703C20E93DE0E013377E703B3881603D8
:10A6600042073367D701637B17011A971386F6FFFA
:10A6700063656700F91663631701B28613950701D6
:10A68000558D1DBF63E1D504C16763E1F604B707CB
:10A69000000163E2F61E93D88601614797370000F8
:10A6A0009387478CC69703C30700930700023A932A
:10A6B000B3876740E9EB63ECB61C3335C50013453F
:10A6C00015008145D5BD81450145FDB59307F00FC6
:10A6D00063F2D71C93D886002147C9B71307F00F40
:10A6E0009A86E37C67F093568300A14739B7130736
:10A6F000F00FB286E375C7E293568600A14705B511
:10A700003313E30033D6F500135F0301335EE60332
:10A71000B396E500B357F500DD8E9318030193D887
:10A720000801B31EE50093D50601B377E60333872E
:10A73000C803C207CD8F63FBE7009A971306FEFF9D
:10A7400063E3671663F1E716791E9A97998F33D6FC
:10A75000E703139706014183B3F7E7033385C80284
:10A7600093960701D98E63FBA6009A969307F6FF8E
:10A7700063E7661263F5A61279169A9693150E0191
:10A78000898ED18D45B533576600B396F600D98EC4
:10A79000B3D8650013DF0601B3DEE803139E06019C
:10A7A00033536500135E0E01B395F500B365B30036
:10A7B00013D705013316F600B3F8E8033303DE03BD
:10A7C000C20833E7E800637B670036979388FEFF93
:10A7D0006369D70C6377670CF91E369733076740B8
:10A7E0003353E703C205C1813377E703B3086E0231
:10A7F0004207D98D63FB1501B6951307F3FF63EE8E
:10A80000D50863FC15097913B695C20E416FB3EEF6
:10A810006E001307FFFFB3F6EE0013D30E01718F26
:10A820004182338EE602B3851541B386C602935842
:10A830000E013307E302BA96C6963306C30263F3EA
:10A84000E6007A9613D306011A9663E2C502638581
:10A85000C500768581458DB341677D17F98EC206A7
:10A86000337EEE00B317F500F296E3F4D7FE1385BE
:10A87000FEFF814591B393D80601414705B5935634
:10A880000601C14769B993560301C147BDB381456C
:10A8900005451DB3B688014711B53A83BDB73E865D
:10A8A000F1BDC68E25BF328E55B5F9179A98C1B93C
:10A8B000F9171A9761BBB687B2882A832E88639DE1
:10A8C000061463F9C50A4167636EE61AB70700010B
:10A8D0006363F63493568601E14717270000130798
:10A8E0006768369703470700BA97130700021D8F62
:10A8F00019CB3398E500B357F500B318E60033E8F9
:10A9000007013313E50013D608013355C8029396A7
:10A910000801C182935703013377C802B385A602A9
:10A9200042073368F700637AB80046989307F5FF4B
:10A93000636418016367B8303E853308B840335705
:10A94000C8024203135303013378C802B386E602F8
:10A95000420833686800637BD80046989307F7FF86
:10A960006365180179176363D8003E874205598DE6
:10A970008145828001E60547B358C702416763EA13
:10A98000E80EB707000163ECF82893D68801E14789
:10A99000172700001307075D369783460700BE960A
:10A9A00093070002958FE5EB939E080133871541CD
:10A9B00013DF080193DE0E018545935703013355DC
:10A9C000E7033377E703B306D5034207D98F63FA6A
:10A9D000D700C6971307F5FF63E4170163E6D72690
:10A9E0003A85958F33D7E703420313530301B3F737
:10A9F000E703B30ED703C207B3E7670063FBD701D2
:10AA0000C6979306F7FF63E51701791763E3D7014C
:10AA100036874205598D828063E2D504C16763E2BF
:10AA2000F604B707000163E4F61E13D786016148F8
:10AA30009727000093870753BA9703C70700130EA1
:10AA400000024297330EEE40631A0E0C63EDB61C03
:10AA50003335C50013451500814582808145014588
:10AA600082809307F00F63F3D71C13D78600214829
:10AA7000C1B71307F00FC686E37C17F193D68800A1
:10AA8000A14739B71307F00FB286E378C7E49356AE
:10AA90008600A14799B5B398F80033D6D50013DFE7
:10AAA0000801335EE6033397F500B356D500558FA2
:10AAB000939E080193DE0E013313F50093550701B1
:10AAC000B376E603B387CE03C206CD8E63FBF600F2
:10AAD000C6961306FEFF63E4161763F2F616791E98
:10AAE000C6969D8E33D6E60393170701C183B3F64E
:10AAF000E6033385CE02139706015D8F637BA700C3
:10AB000046979307F6FF636817136376A7127916C3
:10AB1000469793150E01098FD18D45B5B357E600C1
:10AB2000B396C601DD8E33D3E50013DF0601B357BC
:10AB3000E303939E060193DE0E013398C50133575C
:10AB4000E50033680701935808013316C6013373D3
:10AB5000E303B385FE024203B368130163FBB8004D
:10AB6000B6981387F7FF63EAD80C63F8B80CF917A7
:10AB7000B698B388B84033D7E803420813580801A1
:10AB8000B3F8E8033383EE02C208B3E5080163FBC0
:10AB90006500B6951308F7FF63EDD50863FB6508FC
:10ABA0007917B695C207416FD98F1307FFFFB3F628
:10ABB000E70093D80701718F4182B38EE602B38517
:10ABC0006540B386C60213D80E013387E802BA96F1
:10ABD000C2963386C80263F3E6007A9693D80601DC
:10ABE000469663E2C5026385C5003E858145828045
:10ABF00041677D17F98EC206B3FEEE003315C5011D
:10AC0000F696E374D5FE1385F7FF8145828013D74E
:10AC10000601414831BD93560601C1477DB993D61F
:10AC20000801C147B5B38145054582803687014893
:10AC300001B5428785BF3E86E9BDBA871DBF328E0A
:10AC40004DB579154698D5B97915C69759BB0147C1
:10AC50006314E60001458280B307E5000507B3866B
:10AC6000E50083C7070083C6F6FFE383D7FE33857D
:10AC7000D7408280B3C7A5008D8B3307C50081E71D
:10AC80008D4763EEC700AA876370E50A83C6050097
:10AC900085078505A38FD7FEE3EAE7FE82809376DA
:10ACA0003500AA8791CA83C6050085078505A38F4D
:10ACB000D7FE93F63700FDB79376C7FF138606FEDF
:10ACC00063F0C70683A3050083A2450083AF850018
:10ACD00003AFC50083AE050103AE450103A38501A3
:10ACE00083A8C5019385450223A0770003A8C5FF6B
:10ACF00023A2570023A4F70123A6E70123A8D70125
:10AD000023AAC70123AC670023AE1701938747022C
:10AD100023AE07FF75B790419107910523AEC7FE9B
:10AD2000E3EBD7FEE3E4E7F6828039713EDA2ED218
:10AD300032D436D63AD842DC46DE9387018122CC23
:10AD4000804326CA06CEAA8409C41C4C99E32285F6
:10AD50009D230C4454102686228536C6EF00F01B36
:10AD6000F2406244D24421618280011126CA4AC85D
:10AD700006CE22CC4EC652C4AA842E8901C51C4DD3
:10AD800091E3152B9C4C804499E326852D2397272E
:10AD900000009387272F631CF402C0408357C40030
:10ADA000A18BB1C71C48A1C7FD59294A1C44834542
:10ADB0000900FD17B1E91CC463DE07062286A94518
:10ADC0002685F120FD576308F502294535A0972710
:10ADD00000009387272D6314F4008044C1B79727A0
:10ADE000000093872728E31BF4FAC04445BFA285DF
:10ADF0002685B12A55D97D55F2406244D244424954
:10AE0000B249224A056182801CC4050963D7070044
:10AE1000184C63CBE700638945011C40138717007A
:10AE200018C02380B70059B7228626858D20E31FDE
:10AE300035F7D1B71C401387170018C02947238066
:10AE4000E70061B793870181AA8588436FF0FFF11E
:10AE5000AA87850703C7F7FF6DFF3385A7407D15D8
:10AE6000828005C67D160147B307E500B386E5007D
:10AE700083C7070083C606006396D7006304C70034
:10AE80000507FDF33385D74082800145828001119B
:10AE900022CC26CA4AC806CE4EC6AA842E8932843F
:10AEA00001C51C4D91E30129972700009387871D59
:10AEB0006319F406C0401C4C1CC48357C400A18B0A
:10AEC000C9C31C48BDCF1C4808409379F90F1379BA
:10AED000F90F1D8D5C486346F500A2852685652C1B
:10AEE0002DE51C440505FD171CC41C4013871700E5
:10AEF00018C0238037015C486389A7008357C400CA
:10AF0000858B81CBA9476316F900A285268561242C
:10AF10000DEDF24062444A85D2444249B24905618E
:10AF20008280972700009387E7176314F40080441A
:10AF300059B7972700009387E712E31EF4F6C04441
:10AF40009DBFA285268521203DDD7D59D9B74111C0
:10AF50009387018126C2844322C44AC006C62A8937
:10AF60002E8489C49C4C99E32685B126972700003E
:10AF700093874711631CF402C0400317C400931762
:10AF80000701C18393F68700B5EE93F607019DEEA6
:10AF9000A5472320F900136707042316E4007D5515
:10AFA000B240224492440249410182809727000026
:10AFB0009387470F6314F4008044C1B797270000BC
:10AFC0009387470AE31BF4FAC04445BF918B8DC7B2
:10AFD0004C5889C9930744046384F5004A85892B3A
:10AFE000232A04028357C4002322040093F7B7FDE9
:10AFF0002316F4001C481CC08357C40093E7870045
:10B000002316F4001C4881EF8357C4001307002067
:10B0100093F707286385E700A2854A85952983571A
:10B02000C40013F7170005C75C4823240400B307C6
:10B03000F0401CCC1C480145A5F78317C40013F74A
:10B04000070839DF93E707042316F40089BF898BCB
:10B05000014791E3584818C4F1BF83D7C5000111D7
:10B0600022CC26CA06CE4AC84EC613F78700AA8449
:10B070002E8471EFD841634DE000B841634AE0008F
:10B080000145F2406244D2444249B249056182809E
:10B0900058547DD703A904009396370123A00400D8
:10B0A00063DD060670488357C400918B99C75C40E6
:10B0B0001D8E5C5899C33C401D8E5C540C508146DB
:10B0C00026858297FD570357C400631DF500944001
:10B0D000F54763E8D706B70740208507B3D7D70001
:10B0E000858BA5C31C48232204001CC0931737017D
:10B0F00063D80700FD576314F5009C4091E368C8CE
:10B100004C5823A02401ADDD930744046384F5006B
:10B1100026853929232A0402A5B70C500146854605
:10B1200026850297FD572A86E31FF5F69C40A5DF8A
:10B1300075476385E70059476394E70423A024011A
:10B1400081B7136707042316E4007D551DBF83A94B
:10B150000501E38709F203A905008D8B23A03501C2
:10B1600033093941014791E3D84918C4E35A20F122
:10B170001C540C50CA864E86268582976349A000CF
:10B180008357C40093E707042316F4007DBFAA99F0
:10B190003309A940E1BF9C49A5C3011122CC06CEC9
:10B1A0002A8411C51C4D81E72EC63122B24597274E
:10B1B0000000938727ED639CF5004C408397C50002
:10B1C0009DC722856244F24005616FF01FE9972711
:10B1D0000000938727ED6394F5000C44C5B79727CB
:10B1E0000000938727E8E39BF5FC4C44C1BFF24085
:10B1F000624401450561828001458280411122C47B
:10B2000006C62A842316B5002317C500232005008F
:10B2100023220500232405002322050623280500F8
:10B22000232A0500232C0500214681451305C50569
:10B23000EF60AEFF97170000938787B65CD0971733
:10B2400000009387E7B81CD497170000938727BDA9
:10B250005CD4971700009387E7BF00D01CD8B2409A
:10B2600022444101828097050000938505F3B1AA2D
:10B27000411126C2130680069384F5FFB384C402ED
:10B280004AC02E8922C406C693854407B1262A8463
:10B2900001CD2320050023222501310508C4138692
:10B2A00084068145EF606EF82285B24022449244C4
:10B2B0000249410182801C4DB5E7411106C622C4F6
:10B2C00097070000938767FA1CD59727000093879C
:10B2D00067E49C432324050423260504232805044E
:10B2E0006314F50085471CCD2A84352848C0228583
:10B2F0001D2808C42285052848C4484001469145B8
:10B30000EFF0DFEF08440546A545EFF03FEF484476
:10B310000946C945EFF09FEE85471CCCB240224458
:10B32000410182808280411197270000938787DE48
:10B3300026C284434AC006C69C4C22C42A8981E79F
:10B340002685EFF05FF7938484048044DC40FD178A
:10B3500063D607009C40B9CF8440C5BF0317C40023
:10B3600039E7C1778507232204062320040023221E
:10B370000400232404005CC423280400232A0400BE
:10B38000232C0400214681451305C405EF60EEE936
:10B39000232A0402232C0402232404042326040465
:10B3A0002285B24022449244024941018280130422
:10B3B000840671BF91454A85EFF09FEB88C049FD37
:10B3C000B1472320F9000144E1BF797122D44AD06A
:10B3D00052CC56CA5AC85EC606D626D24ECE2A8A45
:10B3E000AE8A130485040149054BFD5B09ECB2509C
:10B3F00022544A8592540259F249624AD24A424B37
:10B40000B24B45618280044483294400FD1963D412
:10B4100009000040E1BF83D7C400637BFB00839732
:10B42000E40063877701A6855285829A3369A90073
:10B4300093848406E1BF1971A6DAAE848395E50092
:10B44000A2DC86DE328463DC050083D7C40023A03F
:10B45000060093F7070885E7930700401DA0300812
:10B4600036C6EF00B025B246E34105FE7247BD6720
:10B47000F98F7977BA9793B717009CC2F1BF9307FA
:10B4800000041CC0F6506654D65401450961828000
:10B4900083D7C500011122CC06CE26CA4AC8898BA3
:10B4A0002E8489CF930774041CC01CC885475CC8D0
:10B4B000F2406244D2444249056182807400300007
:10B4C000AA84EFF05FF7A2452A892685312201ED93
:10B4D0008317C40013F7072061FFF19B93E7270050
:10B4E0002316F400C1B797070000938707D89CD4B0
:10B4F0008357C40008C008C893E707082316F40060
:10B50000A2475CC8B24791CF8315E4002685EF00BF
:10B51000101E01C98357C400F19B93E7170023163F
:10B52000F4008357C4003369F9002316240149B796
:10B53000DDC183A7C5FF411122C406C626C21384FC
:10B54000C5FF63D307003E94AA84EF00302293879F
:10B5500001879C4381EF2322040023A88186224493
:10B56000B2402685924441016F007020637EF40052
:10B5700014403307D4006396E7009843DC433697C2
:10B5800018C05CC0D9BFBA87D84319C3E37DE4FEB5
:10B5900094433386D700631F86001040B29694C34D
:10B5A0003386D700E31DC7FA10435843B29694C3BD
:10B5B000D8C375B76375C400B1479CC04DB7104080
:10B5C000B306C4006316D70014435843B29614C0A0
:10B5D00058C0C0C369B78280011126CA9384350060
:10B5E000F19806CE22CC4AC84EC6A104B14763F3F7
:10B5F000F404B14463E2B4042A89EF00301793875E
:10B60000018798433A8439E0938741879C4391E7C7
:10B6100081454A85A12F23AAA186A6854A85B927F7
:10B62000FD5963193507B1472320F9004A85EF001A
:10B63000101429A0E3D004FCB1471CC10145F2401D
:10B640006244D2444249B249056182801C40858FE0
:10B6500063CF0702AD4663F6F6001CC03E9404C0FB
:10B6600031A05C406313870223A8F1864A85EF006E
:10B6700010101305B4009307440061993307F54097
:10B680005DDF3A94898F1CC05DBF5CC3C5B722875C
:10B69000404095BF130435007198E30285FCB30563
:10B6A000A4404A85E125E31C35FBB5BF1C46FD17C8
:10B6B0001CC663DA0700184E63C5E700A947639408
:10B6C000F5006FF0CFFC1C422E851387170018C2BF
:10B6D0002380B7008280011122CC26CA4AC84EC6F8
:10B6E00052C406CE2A89AE893284B304D6007D5A6C
:10B6F00063149400014511A8834504004E864A85D1
:10B70000EFF0DFFA0504E31545FFF2406244D2444E
:10B710004249B249224A05618280357122CD26CB49
:10B720004AC94EC706CF52C556C35AC1DEDEE2DC57
:10B73000E6DAAA89AE843289368409C51C4D99E3BC
:10B74000EFF07FB7972700009387C793639CF40CB3
:10B7500083A4490083D7C400A18BFDC79C48EDC7D3
:10B7600093070002A304F1029307000302D223050A
:10B77000F10222C6930B5002972A0000938A8A9402
:10B78000054C294B4A848347040099C36391770F82
:10B79000B30C2441638E0C00E6864A86A6854E854E
:10B7A000EFF07FF3FD576306F51E9256E69636D20C
:10B7B00083470400638F071CFD571309140002C858
:10B7C00002CE3ECA02CCA309010482D483450900FB
:10B7D00015465685BD2F13041900C24759E913F7C2
:10B7E000070109C713070002A309E10413F7870043
:10B7F00009C71307B002A309E10483460900130730
:10B80000A0026380E608F2474A8481462546034742
:10B81000040093051400130707FD6379E60AB5CA0F
:10B820003ECE85A8972700009387C7876395F400CD
:10B8300083A4890005B7972700009387A782E39B1D
:10B84000F4F083A4C90039B7A6854E85EFF02FF038
:10B8500001D97D55FA406A44DA444A49BA492A4A2C
:10B860009A4A0A4BF65B665CD65C0D6182800504E1
:10B8700019BF330555413315AC00C98F3EC8228925
:10B88000B1B7324793064700184336C663490702EB
:10B890003ACE034704009307E002631FF70403470F
:10B8A00014009307A002631BF702B2470904138731
:10B8B00047009C433AC663C107023ECA35A8330716
:10B8C000E04093E727003ACE3EC8E1B7B38767036D
:10B8D00085462E84BA9725BFFD57C5B7050402CA11
:10B8E000814681472546034704009305140013074A
:10B8F00007FD6376E606F1F2834504000D46171551
:10B9000000001305A57CB12511CD97170000938782
:10B91000E77B1D8D93070004B397A70042450504FC
:10B920005D8D2AC8834504001946171500001305CC
:10B93000257A130914002304B102212D3DC1974734
:10B94000FEFF9387276C95E74247B24713770710AE
:10B9500009CF91073EC69257D2973ED225B5B387FD
:10B96000670385462E84BA97BDBF9D07E19BA1075B
:10B97000D5B7780097060000938626D626860C0851
:10B980004E8597000000E7000000FD572A8AE31467
:10B99000F5FC83D7C40093F70704E39C07EA12552C
:10B9A00055BD780097060000938626D326860C089E
:10B9B0004E85012AD9BF797156CA9C49BA8A9845E1
:10B9C00022D426D24ECE52CC06D64AD05AC85EC613
:10B9D000AA892E84B284368A63D3E700BA879CC0D2
:10B9E0000347340419C385079CC01C4093F7070222
:10B9F00081C79C4089079CC0032904001379690012
:10BA0000631A0900130B9401FD5B5C449840998F05
:10BA1000634CF9041C408346340493F70702B336A1
:10BA2000D000A5EB13063404D2854E85829AFD57CB
:10BA30006303F5041C4011469840998B544481449B
:10BA40006397C700B384E64063D3040081441C4479
:10BA500018486354F700998FBE94014969047D5BCF
:10BA600063982405014509A885465A86D2854E85E6
:10BA7000829A631E75017D55B25022549254025928
:10BA8000F249624AD24A424BB24B45618280050973
:10BA9000ADBF3307D40013060003A301C704034757
:10BAA000540493871600A2978906A381E7049DBFDB
:10BAB00085462286D2854E85829AE30E65FB05096E
:10BAC00045B7797122D426D24AD04ECE06D652CC72
:10BAD00056CA5AC8B68983C685019307900632892B
:10BAE000AA842E8413863504638DF60263E2D7069A
:10BAF000930780056388F61863EDD70063810622FB
:10BB000093073004638EF60A930A24042301D404B5
:10BB1000C9A0930730066385F60A93074006E395AC
:10BB2000F6FE1C40084393F6070893054500C5C67A
:10BB30001C410CC363D807001307D002B307F040C1
:10BB4000A301E404971600009386065929476DA8BF
:10BB5000930700076384F61663E5D7029307E006B0
:10BB6000638BF6189307F006E390F6FA0C401C433B
:10BB700013F80508138547006307080608C39C43AC
:10BB80008DA893075007E383F6FE93078007638B26
:10BB9000F61293073007E399F6F61C43D04181452E
:10BBA0009386470014C383AA070056855D2601C506
:10BBB0003305554148C05C401CC8A301040471A86A
:10BBC0001C43930A2404938647009C4314C3230117
:10BBD000F4048547D5B793F607041C410CC3B9DAC2
:10BBE000C207C18781BF93F5050408C3C9D983D7AC
:10BBF00007001307F0066388E60E97160000938689
:10BC0000A64D2947A30104044C400CC463C505009C
:10BC100008406D9908C099E3B28A91CDB28AB3F514
:10BC2000E702FD1AB69583C505002380BA00B3D597
:10BC3000E70263F0E70CA147631EF7001C40858B09
:10BC400091CB58401C4863C7E70093070003A38FBC
:10BC5000FAFEFD1A3306564110C84E87CA86700098
:10BC6000A2852685EFF03FD57D5A631E450B7D5595
:10BC7000B250225492540259F249624AD24A424B7B
:10BC800045618280A382D504971600009386C6443E
:10BC90000C40084313F805081C411105630D080208
:10BCA00008C313F7150001C793E505020CC041470F
:10BCB000B1FB0C4093F5F5FD0CC0A9B79C4193E78F
:10BCC00007029CC193078007A302F40497160000A3
:10BCD0009386C64175BF13F8050408C3E30308FC47
:10BCE000C207C1837DBF971600009386E63E2147B9
:10BCF00011BFAE872DB794411C43CC4913F80608F9
:10BD0000138547006306080008C39C438CC301A841
:10BD100008C393F606049C43F5DA2390B700232862
:10BD20000400B28A1DBF14485686CA8526858299AA
:10BD3000E30F45F31C40898B8DE7B2474844E35934
:10BD4000F5F23E8535B785465686CA8526858299A1
:10BD5000E30F65F1050A5C443247998FE345FAFE2B
:10BD6000E9BF014A930A94017D5BF5B7411122C4F2
:10BD70002A842E859787FE1F23A4072E06C69D2C96
:10BD8000FD576319F5009787FE1F9387672D9C4326
:10BD900091C31CC0B240224441018280411122C49F
:10BDA0002E848395E50006C6E122634905007C48A0
:10BDB000AA977CC8B2402244410182808357C400C4
:10BDC0007D777D17F98F2316F400EDB783D7C50073
:10BDD000011122CC26CA4AC84EC606CE93F70710D8
:10BDE000AA842E843289B68991C78395E500894655
:10BDF000014635228357C4007D777D17F98F2316BE
:10BE0000F4008315E4006244F240CE864A86B249CB
:10BE100042492685D24405613DA8411122C42E84A1
:10BE20008395E50006C6E528FD570357C400631B4C
:10BE3000F500FD77FD17F98F2316F400B240224478
:10BE4000410182808567D98F2316F40068C8FDB749
:10BE50008395E50025A8411122C42A842E85B28548
:10BE600036869787FE1F23AD071E06C6EF601E9914
:10BE7000FD576319F5009787FE1F9387671E9C4344
:10BE800091C31CC0B240224441018280411122C4AE
:10BE90002A842E859787FE1F23A4071C06C6192215
:10BEA000FD576319F5009787FE1F9387671B9C4317
:10BEB00091C31CC0B240224441018280411122C47E
:10BEC0002A842E85B2859787FE1F23AB071806C6E6
:10BED000D520FD576319F5009787FE1F93874718F4
:10BEE0009C4391C31CC0B240224441018280411155
:10BEF00022C42A842E859787FE1F23A3071606C611
:10BF0000D120FD576319F5009787FE1F93874715CA
:10BF10009C4391C31CC0B240224441018280411124
:10BF200022C42A842E85B28536869787FE1F23A9D0
:10BF3000071206C64520FD576319F5009787FE1FB7
:10BF4000938707129C4391C31CC0B2402244410115
:10BF5000828093F5F50F2A966314C500014582800F
:10BF600083470500E38DB7FE0505FDB7828082801B
:10BF7000411122C42A842E85B28536869787FE1FFA
:10BF800023A0070E06C6B928FD576319F500978749
:10BF9000FE1F9387E70C9C4391C31CC0B240224410
:10BFA00041018280930780051787FE1F232AF70A25
:10BFB0007D558280930780051787FE1F2322F70A8D
:10BFC0007D558280930780051787FE1F232AF70877
:10BFD00001458280930780051787FE1F2322F708FB
:10BFE0007D558280930780051787FE1F232AF70659
:10BFF0007D558280938781879C4391C73E9523AC72
:10C00000A1863E8582809787FE1F9387A7053E9570
:10C0100023ACA1863E85828069643634010000002D
:10C0200069643601D066FEFFF866FEFF2067FEFFFA
:10C030003867FEFF5267FEFF43483539785F424C50
:10C04000455F4C49425F56312E330000686561649C
:10C050002066696C65206572726F722E2E2E00004C
:10C060004C494220696E6974206572726F72206358
:10C070006F64653A202578202E2E2E0A00000000DD
:10C080002A20000044656C657465206C6F63616CE8
:10C09000206E6F646500000044656C6574652073F4
:10C0A000746F726564206E6F646520696E666F20C0
:10C0B000636F6D706C657465000000006170705F87
:10C0C00070726F765F6174746E5F6F6E0000000057
:10C0D0006170705F70726F765F6174746E5F6F66AF
:10C0E000660000006C696E6B5F6F70656E0000002B
:10C0F0006C696E6B5F636C6F7365000070726F7656
:10C100005F636F6D706C65746500000070726F76B0
:10C110005F726573657400006366675F7372765F54
:10C120007273705F68616E646C65720076656E64D0
:10C130006F725F6D6F64656C5F7372765F72737040
:10C140005F68616E646C6572000000006B65795019
:10C150007265737300000000626C656D6573685FE3
:10C160006F6E5F73796E63004170705F50726F63C2
:10C170006573734576656E7400000000D707000094
:10C180000000000001000000781900206425002054
:10C19000000000000000000000000000000000009F
:10C1A000000000000000000000000000000000008F
:10C1B000000000000000000000000000000000007F
:10C1C000B42D000090320000F632000000000000A4
:10C1D000663200006170705F70726F765F617474B8
:10C1E0006E5F6F66660000004150505F444247201A
:10C1F00025733E20000000006170705F70726F76E2
:10C200005F6174746E5F6F6E000000004D455348AF
:10C210005F4C49425F56312E37000000556E616217
:10C220006C652073657420636F6E666967757261F3
:10C2300074696F6E20286572723A256429000000C7
:10C24000496E697469616C697A696E67206D65739E
:10C2500068206661696C65642028657272202564B7
:10C2600029000000426C7565746F6F746820696EF8
:10C27000697469616C697A65640000004D65736872
:10C28000206E6574776F726B20726573746F726560
:10C29000642066726F6D20666C6173680000000038
:10C2A0004D65736820696E697469616C697A65644B
:10C2B000000000007761726E696E67206F70636FB7
:10C2C000646520307825303278000000417070209D
:10C2D0004B657920416464656400000056656E64B6
:10C2E0006F72204D6F64656C2042696E64656400F6
:10C2F00056656E646F72204D6F64656C2053756275
:10C30000736372697074696F6E2053657400000006
:10C31000000000000000000000000000000000001D
:10C320004C2D0000802D000073656E6420666169ED
:10C330006C65642025640000726561736F6E202552
:10C34000780000006E65745F6964782025782C2081
:10C35000616464722025780054696D656F7574207E
:10C360006F70636F6465203078253032780000008C
:10C370006C656E2025642C20646174612030782502
:10C38000732066726F6D203078253034780000009D
:10C3900044656C657465206E6F64652064617461CA
:10C3A0002065727221000000726563656976652000
:10C3B00064656C65746520636D642C2073656E64C0
:10C3C0002061636B20616E642073746172742064F9
:10C3D000656C657465206E6F64652064656C617959
:10C3E0000000000073656E642061636B2066616904
:10C3F0006C6564202564000073656E6420746F2092
:10C40000616C6C206E6F646520746F206C657420A5
:10C410007468656D2064656C6574652073746F72F3
:10C42000656420696E666F200000000044656C65DD
:10C430007465206E6F646520696E666F2064617438
:10C440006120657272210000B4D3307825303478D1
:10C45000CAD5B5BD7772697465CAFDBEDD25732C7A
:10C46000B3A4B6C8CEAA256400000000556E6B6E5A
:10C470006F77206F70636F64652030782530327875
:10C48000000000006D65736820686561642066695E
:10C490006C65206572726F722E2E2E0025730D0A48
:10C4A00000000000D6D8D6C3C5E4CDF80D000000CA
:10C4B000D836000004370000F4360000D4360000FF
:10C4C00003040010000000000A14006000010605CB
:10C4D000140103DD08020200C00002003C003C0021
:10C4E0000200020401041E000200000050000000CF
:10C4F0002C01000064000A0000000000D6BE898EF6
:10C500002526270076656E646F725F6D6F64656CBB
:10C510005F7372765F7265736574000076656E6432
:10C520006F725F6D6573736167655F7372765F636A
:10C530006F6E6669726D000076656E646F725F6D16
:10C540006573736167655F7372765F61636B00002B
:10C5500076656E646F725F6D6573736167655F7337
:10C5600072765F73656E645F7472616E7300000053
:10C57000696E645F73746172740000006164765F59
:10C58000696E645F73656E64000000006164765FCD
:10C590007372765F7472616E735F73656E640000B0
:10C5A0004E554C4C2062756600000000556E61626D
:10C5B0006C652073656E64206D6F64656C206D65BD
:10C5C000737361676520286572723A2564290000DB
:10C5D000556E61626C652073656E6420696E646976
:10C5E0006361746520286572723A25642900000031
:10C5F0007372633A20307825303478206473743A4B
:10C6000020307825303478207469642030782530E3
:10C61000327820727373693A20256400BBD8B8B4AD
:10C62000636F6E6669726DD0C5CFA2A3ACD0C5CF63
:10C63000A2746964CEAA30782530327800000000F8
:10C64000236D6573682D6F6E6F6666205354415479
:10C6500055533A2073656E6420737461747573204A
:10C660006661696C65643A20256400004E6F206540
:10C670006E6F75676820737061636521000000004C
:10C680004E6F20617661696C61626C6520436F6EEC
:10C6900066696775726174696F6E20436C69656E57
:10C6A0007420636F6E74657874210000416E6F743E
:10C6B0006865722073796E6368726F6E6F75732030
:10C6C0006F7065726174696F6E2070656E64696EFB
:10C6D00067000000D707CF000000000038370000D7
:10C6E000D707CC000000000058380000D707CD0065
:10C6F000000000007E3C0000000000000000000080
:10C7000000000000883F00001A440000DB2A0000FF
:10C71000DC2A0000020000001CC7010027180000EE
:10C72000DD2A0000DE2A00000200000030C7010000
:10C7300028180000292A2B244D4553485F4C4942B4
:10C740005F56312E3736000000000000D65400003E
:10C75000BE5400000000000060C70100000000009F
:10C76000405A0000105A00001E5A0000000000004D
:10C7700000000000605E00000000000002000000F9
:10C780000F0000008E6600000B800000010000001A
:10C790006A6600000E80000001000000466600008E
:10C7A00011800000010000002266000014800000DB
:10C7B00001000000FE65000028800000020000006B
:10C7C000A665000044800000030000006A650000C8
:10C7D0000380000004000000BE6600003E800000F0
:10C7E0000700000044650000198000000C000000F4
:10C7F000D06400001F80000007000000AC6400004F
:10C800003C80000009000000FC63000006000000FE
:10C810000A0000008E6300002E800000050000006A
:10C820003C6300002580000001000000066300005A
:10C830004A80000000000000DA620000488000002A
:10C840000400000090620000178000000400000057
:10C85000486200004C800000050000009461000068
:10C860004E80000007000000DC6000000280000035
:10C87000030000003A6000002A800000050000006C
:10C88000865F00002C80000007000000CE5E0000E4
:10C890000000000000000000000000000000000098
:10C8A00000000000C07100000000000008800000CF
:10C8B00001000000447900000000000013000000A7
:10C8C000729100000100000013000000EA900000D7
:10C8D00000800000030000004A9200000180000078
:10C8E00002000000E28E000009800000000000004D
:10C8F0002A8400000A800000010000009E830000DE
:10C900000C80000000000000FC8500000D8000008D
:10C910000100000076850000128000000000000089
:10C92000CE8400001380000001000000E6840000B7
:10C930002380000000000000F4810000248000003B
:10C94000010000008481000026800000000000003B
:10C950002E8300002780000002000000808200007B
:10C960001880000004000000C478000003000000EC
:10C970000B000000E68900001A800000180000008B
:10C98000E88800001B80000006000000F67600002A
:10C990002080000014000000327C00001C80000099
:10C9A000060000001E760000218000001400000038
:10C9B000F27A00001E80000006000000D88C000003
:10C9C0002280000014000000E88B00001D800000A1
:10C9D000040000003A8B00002980000004000000E1
:10C9E000A87000002B800000060000006E6F0000A1
:10C9F0004080000012000000806E000045800000B2
:10CA000012000000A06D0000418000000200000044
:10CA10008C93000042800000000000003E8E000069
:10CA200046800000020000006668000047800000A9
:10CA300003000000D46C00003D80000006000000F0
:10CA4000147500003F80000006000000FC87000015
:10CA50004B80000004000000E07300004D800000E7
:10CA600006000000E07300004980000000000000A4
:10CA7000DE6B00000F80000000000000B8670000BF
:10CA80001080000001000000187300002D800000DD
:10CA9000020000002C6B0000158000000200000066
:10CAA0002068000016800000030000004E6A0000AD
:10CAB0003880000000000000A469000039800000F8
:10CAC00009000000A67D00003A8000000000000080
:10CAD000B07F00003B80000005000000C87F000020
:10CAE0000000000000000000000000005E7D00006B
:10CAF000000000006964313238010000736D6B3250
:10CB000000000000736D6B3300000000736D6B3428
:10CB1000000000007072636B0000000076746164B6
:10CB2000000000000091E3720796E4750E9FED7C13
:10CB30000998EA7B1C8DFF6E1B8AF8691283F160ED
:10CB40001584F66738A9DB4A3FAEDC4D36A7D544DD
:10CB500031A0D24324B5C75623B2C0512ABBC9580D
:10CB60002DBCCE5F70E1930277E694057EEF9D0CBD
:10CB700079E89A0B6CFD8F1E6BFA881962F38110AD
:10CB800065F4861748D9AB3A4FDEAC3D46D7A5349D
:10CB900041D0A23354C5B72653C2B0215ACBB928CD
:10CBA0005DCCBE2FE0710392E7760495EE7F0D9C7D
:10CBB000E9780A9BFC6D1F8EFB6A1889F26311806D
:10CBC000F5641687D8493BAADF4E3CADD64735A45D
:10CBD000D14032A3C45527B6C35220B1CA5B29B88D
:10CBE000CD5C2EBF900173E2970674E59E0F7DEC3D
:10CBF00099087AEB8C1D6FFE8B1A68F9821361F02D
:10CC0000851466F7A8394BDAAF3E4CDDA63745D41C
:10CC1000A13042D3B42557C6B32250C1BA2B59C84C
:10CC2000BD2C5ECF0000000000000000F0B300004B
:10CC3000000000000500000003000000B2B4000086
:10CC40000400000003000000B4B3000037800000BF
:10CC5000010000007CB4000007800000010000001B
:10CC600048B40000000000000000000000000000C8
:10CC70000000000000000000B8B700000000000045
:10CC8000318000000200000076B700002F80000015
:10CC90000200000026B70000308000000200000003
:10CCA00046B600003280000003000000DEB600003F
:10CCB00033800000030000000EB600003480000046
:10CCC0000000000002B600003580000001000000F6
:10CCD000EAB5000036800000010000001AB500002F
:10CCE000048000000000000098B5000005800000EE
:10CCF0000100000038B900000680000001000000BB
:10CD000020B900000000000000000000000000004A
:10CD100000000000A8BD000034BD000000000000BD
:10CD20006E6B626B000000006E6B696B00000000B0
:10CD30002F4E6F64652F25780000000000070E0954
:10CD40001C1B1215383F363124232A2D2F566E64B2
:10CD50002F25782F257300002F5369672F25782FF3
:10CD600025730000646174610000000038CE01008A
:10CD7000ACD900003CCE010010DA000040CE01002A
:10CD8000DED8000044CE010096DF000048CE01004E
:10CD9000D6DE000050CE010026DE000058CE010095
:10CDA0005CD6000060CE010092D8000064CE010085
:10CDB000F2EC000068CE0100DCEC00006CCE01005B
:10CDC000A4DD000070CE010030DD00002EF7000071
:10CDD000000000000EF60000000000002F417070FF
:10CDE0004B65792F257800002F4E65744B65792FA0
:10CDF000257800002F4E6574000000002F49560072
:10CE00002F536571000000002F48425075620000EA
:10CE10002F436667000000002F56612F2578000021
:10CE200062696E64000000007375620070756200D4
:10CE30002F52504C2F2578004E6574004956000043
:10CE40005365710052504C004E65744B657900007B
:10CE50004170704B657900004842507562000000D7
:10CE60004366670053696700566E640056610000B0
:10CE70004E6F64650000000001020408100000000D
:10CE80000102040826FE0000000000000A00000065
:10CE900064000000E803000010270000A0860100E5
:10CEA00040420F008096980000E1F50598160100B9
:10CEB00001030000B8120100010000006C0B01002A
:10CEC0000100000006080100000000007072736B92
:10CED000000000007072736E000000007072646BDE
:10CEE00000000000700201000100000006140100B3
:10CEF0000B0000007C130100050000007A10010007
:10CF0000400000004C10010000000000181001005B
:10CF100010000000AC0D0100100000004E0C0100DC
:10CF2000210000007818010000000000981701009F
:10CF3000010000009A2601008C260100000000007C
:10CF40000000000000000000000000874348353961
:10CF5000785F424C455F4C49425F56312E33410069
:10CF60000001020203030303040404040404040490
:10CF70000505050505050505050505050505050561
:10CF80000606060606060606060606060606060641
:10CF90000606060606060606060606060606060631
:10CFA0000707070707070707070707070707070711
:10CFB0000707070707070707070707070707070701
:10CFC00007070707070707070707070707070707F1
:10CFD00007070707070707070707070707070707E1
:10CFE00008080808080808080808080808080808C1
:10CFF00008080808080808080808080808080808B1
:10D0000008080808080808080808080808080808A0
:10D010000808080808080808080808080808080890
:10D020000808080808080808080808080808080880
:10D030000808080808080808080808080808080870
:10D040000808080808080808080808080808080860
:10D050000808080808080808080808080808080850
:10D0600000000000000000000000000000000000C0
:10D0700000000000000000000000000000000000B0
:10D0800000000000000000000000000000000000A0
:10D090000000000000000000000000000000000090
:10D0A0000000000000000000000000000000000080
:10D0B0000000000000000000000000000000000070
:10D0C000232D302B20000000686C4C0065666745FE
:10D0D0004647000030313233343536373839414233
:10D0E0004344454600000000303132333435363792
:10D0F000383961626364656600000000223A00000E
:10D100000E3A000003280000022900000028000059
:04D11000641C00207B
:10D114008025002000000C00802500200000000075
:10D12400000000004831000007010701000003006F
:10D1340000000000000000000000000000000000EB
:10D1440000000000000000000000000000000000DB
:10D1540000000000000000000000000000000000CB
:10D1640000000000000000000000000000000000BB
:10D174000000000002010000E0190020441A002011
:10D18400000000000000000000000000000000009B
:10D19400181900200000000000000000000000003A
:10D1A400000000000000000000000000000000007B
:10D1B400000000000000000010C301000000000097
:10D1C400000000000000000000000000000000005B
:10D1D400000000000000000000000000000000004B
:10D1E40000000000C81C002058250020ACC8010025
:10D1F4009CC8010028190020020000000000000063
:10D2040088190020CC1C00207425002080CC01004B
:10D2140070CC0100BC1900208C25002000004100C6
:10D224008C25002000000000000000000000000029
:10D23400FF000000000000003C2E00000000D707A3
:10D244000000000000000000D01C0020D0250020B9
:10D25400D4C60100000000002C1A002000000000C9
:10D2640000000000000000000000000000000000BA
:10D274000000000000000000DC3500200000000079
:10D28400000000000000000000000000000000009A
:10D294000000000000000000F83500200410041015
:10D2A400020000000CD101000100000014C70100BD
:10D2B4000200000004D1010001000000A41A0020B3
:10D2C400020000000CC70100020000000000000082
:10D2D4000200000004D1010001000000A51A002092
:10D2E4000200000010C70100000000000000000060
:10D2F4000200000008D101000300000020360020D5
:10D30400020000000CD101000100000028C7010048
:10D314000200000004D1010001000000A61A002050
:10D324000200000020C7010002000000000000000D
:10D334000200000004D1010001000000A71A00202F
:10D344000200000024C701000000000000000000EB
:10D354000200000008D10100030000003036002064
:10D3640000000000000000000000000055555500BA
:10D3740068AD000000000000000000000000000094
:10D38400A0C4010000000000FCEA0000D2D60000A6
:10D394000000000000000000000000004AFF000040
:10D3A400FF000000AC1B0020AC1B00200820000183
:10D3B400FFFFFFFFFFFFFFFFFFFFFFFF0000000075
:10D3C400000000000000000001000000FFFFFFFF5C
:10D3D400512563FCC2CAB9F3849E17A7ADFAE6BC13
:10D3E400FFFFFFFFFFFFFFFF00000000FFFFFFFF45
:10D3F40096C298D84539A1F4A033EB2D817D0377EB
:10D40400F240A463E5E6BCF847422CE1F2D1176B85
:10D41400F551BF376840B6CBCE5E316B5733CE2B58
:10D42400169E0F7C4AEBE78E9B7F1AFEE242E34F87
:10D434004B60D2273E3CCE3BF6B053CCB0061D65C4
:10D44400BC86987655BDEBB3E7933AAAD835C65A4D
:10D45400EC4301003443010044410100000000009A
:10D4640080D00100A0D0010060D0010000000000C5
:10D4740000000000000000000000000000000000A8
:10D484000000000000000000000000000000000098
:10D494000000000000000000000000000000000088
:10D4A4000000000000000000000000000000000078
:10D4B4000000000000000000000000000000000068
:10D4C400FFFF0000FFFF0000FFFF8000C3812F016A
:10D4D400641C00200000000000010203040506078C
:00000001FF
