:040000006F10D0119C
:100004000000000000000000900000208C0200208E
:10001400A9BDF9F544030020000000000000000021
:1000240044030020900000200000000000000000B5
:10003400900000200000000090000020000000005C
:1000440090000020900000209000002090000020EC
:10005400900000203C0B00209000002000000000D5
:1000640090000020900000209000002090000020CC
:10007400AA0300209000002090000020900000209F
:1000840090000020900000209000002090000020AC
:1000940001A0011113078008F337078093F787083D
:1000A4003EC201000100B71700409305700523808C
:1000B400B704130680FA2380C7040100010083C635
:1000C400B70493F6F60DA385D7042380070492465C
:1000D400F3A606800100010093760502D5CEF3361F
:1000E400078093F6860836C4010001002380B70414
:1000F4002380C70401000100B70614007D89558DD3
:1001040088C7010001000100010023800704A24602
:10011400F3A6068001000100733707801377870870
:100124003AC6010001002380B7042380C7040100FC
:100134000100010001003727004093061005A303C6
:10014400D78023800704B247F3A70780010001008A
:1001540093078008F3B7078093F787083ECE010022
:100164000100B7170040130770052380E704130745
:1001740080FA2380E7040100010003C7B704136772
:100184000708A385E70423800704F247F3A7078041
:10019400010001000561828093760504BDC6F33633
:1001A400078093F6860836C8010001002380B7044F
:1001B4002380C70401000100B706140093860604D7
:1001C4007D89558D88C7010001000100010023804D
:1001D4000704C246F3A606800100010073370780B6
:1001E400137787083ACA010001002380B7042380EB
:1001F400C704010001003727004093062005A3032C
:10020400D78023800704D24781B7733707801377D9
:1002140087083ACC010001002380B7042380C70477
:100224000100010098471367070C98C7238007044F
:10023400E24719BF0111814601468145114506CEA9
:10024400992493078008F3B7078093F787083EC67D
:1002540001000100B7170040130770052380E7046D
:10026400130780FA2380E7040100010003C7670431
:10027400136717002383E70423800704B247F3A717
:10028400078001000100F24005618280411181462E
:10029400014681451145C52A13078008F3370780B5
:1002A40093F787083EC401000100B7170040130606
:1002B40070052380C704930680FA2380D7040100C5
:1002C4000100FD552396B70223800704A245F3A538
:1002D40005800100010073370780137787083AC649
:1002E400010001002380C7042380D704010001001A
:1002F40003C76704136717002383E70423800704F5
:10030400B247F3A707800100010001A0BD473305F0
:10031400F50201007D1575FD8280411122C426C2BB
:1003240006C6AA84014463179400B240224492444E
:100334004101828005041305803E4204C13F41808F
:10034400DDB700009305000273A0458082457390D9
:10035400153492402242B2424243D2436244F244B0
:10036400025592552256B2564257D2576258F25805
:1003740006499649264AB64A464BD64B664CF64C35
:10038400065D965D265EB65E465FD65F09617300C4
:1003940020304111B7170040985F3AC6945F324746
:1003A400E39CE6FE324541018280B7170040130703
:1003B40000032388E702854723A8F18273002030D5
:1003C400411106C6EF00B02BF5BF23030480154787
:1003D4002303E48001002302A480828083076480D5
:1003E400E3CE07FE23030480828083076480E3CE88
:1003F40007FE03454480828083076480E3CE07FEC2
:100404002302A4808280411126C44AC24EC006C67B
:100414001377F50BAD47AA892E8995446306F70037
:1004240019456537653F8D444E854537FD59FD14A3
:1004340063983401B240A244124982494101828046
:10044400135509011375F50F453F2209CDB7011165
:1004540026CC06CEB704080051371545BD37713791
:1004640069372AC6A53F32459377150089EB136592
:1004740015001375F50FF240E24405618280FD1406
:10048400E9FC0145CDBF397126DC4ADA4ED852D693
:1004940056D45AD25ED006DE62CE66CCB7E700E010
:1004A4007D5783AA070022C603AA470023A0E718A2
:1004B40023A2E718B7170040130770052380E70449
:1004C400130780FA2380E70483C74704930B75FF5F
:1004D400B684E20793FBFB0F8546AA892E8B3289EB
:1004E40037240040E187015763FA76016308D50099
:1004F4008946130700026313D5000157D98F93F778
:10050400F70FB71C00402382FC0411472303E48047
:100514001305F00F5D3D094CD135636D7C11B705B2
:100524000700DA9537870700795563F2E504B38746
:100534009500636EF702370B0800A94733EB65019A
:100544006399F90689E48144513D26850DA0DA8535
:100554000945553D05090345F9FFFD14050B693DA2
:1005640081C49377FB0FFDF7DD3569FD7D55B71722
:100574000040130770052380E704130780FA2380E3
:10058400E70403C74704418B2382E704F250B7E72B
:1005940000E023A0571123A24711E25432445259D8
:1005A400C259325AA25A125B825B724CE24C2161EC
:1005B4008280A5476395F90685691309F00FB30690
:1005C4009900B3742B01B6941349F9FFB3749900DD
:1005D400856B33796901416B9387F9FFB3F7270181
:1005E40099E363FC340193D94900C147E3E637FF3B
:1005F40099BF0569C1697D19D9B71305800D638851
:100604006901130500026384790113051008CA8582
:10061400DD3B353D21DD4E99B3843441D9B7DA85CC
:100624002D45D533CA94E30099F205097D3BA30F08
:10063400A9FED5BF9387F9FF93F7F70F6361FC0C0D
:1006440083C71C0413073008631FF7043707080027
:10065400636BEB04B3079B00B706100063F5D70484
:10066400334BEB0089476393F9068980D549E38CC2
:1006740004ECDA850945413B11090327C9FF914779
:100684002320E48003076480E34E07FE23033481C0
:10069400FD17EDFBFD14110B81C49377FB0FE9FFEC
:1006A4007D3371F5E1B5B717004003C75704B707A9
:1006B40008001377070219E3B78707007955E37831
:1006C400FBEA33079B00E3FFE7F855B58547E38270
:1006D400F9F2DA852D45053B9389F4FFE38504E6B9
:1006E400293393F7390091EB83260480032709000B
:1006F40093074900E39AE6E43E89CE84F1BFB54707
:100704006396F9001305900BC93135BDB147130544
:10071400B00AE38BF9FE99476391F904B705080021
:10072400B365BB002D45C53181448D4BA149753955
:1007340063967401832704802320F9008504E398D9
:1007440034FF8327048013172B01635507002312FA
:10075400F900D5BB2322F900FDB39D476399F90243
:1007640081451305B0044531BD44232009002322EB
:100774000900FD599D3993F77400CA9703C7070010
:10078400FD14398D2380A700E39634FF6DBBA14788
:100794006392F9046D398144630D0B008D47930412
:1007A400C0036308FB009304000563048B019304F6
:1007B40040041375C507E30895D81945393139390B
:1007C4000545213126850D3909453D314931E31C63
:1007D40005D669BB91476399F90013056006F536A0
:1007E400F53E130590090DB7E38F09D4F154A9BB65
:1007F400BD66014717360000130606F9938606A660
:1008040085458347060093F7F70F91C38280050758
:10081400E3F9E6FE973700002388B7F6DDB77D16C7
:100824006206618693178601E18763D40700014558
:100834008280931726003307F500AE9718439C4334
:1008440063E7E7007D16E37FF7FC7D55828005456D
:100854008280FD15E205E18513978501618793F791
:10086400F50F63480700FD15139725002A97584391
:1008740065D7138517006205618582803308B50248
:100884001C4283A80600B335B502C29733B50701ED
:10089400AE98469585486367B5006394A50063E305
:1008A400070181480C43C6950CC388C21CC28280D0
:1008B40081471397870161876343B7008280139749
:1008C40027002A97232007008507E5B781470147BA
:1008D40093968701E18663C5B600133517008280BD
:1008E40093962700AA9694428507558FD5B793D738
:1008F40055408A07AA979C4305453315B5007D8D5D
:100904008280171300E0E702830F2A84993705C514
:10091400931725003E940327C4FF814711EB7D15EF
:1009240016053E9542054185171300E06700630FE5
:1009340005838507E5B70145C5BF8147139787013F
:1009440061876343C700828013972700B386E5005D
:1009540094422A97850714C3D5B77D16620661862B
:10096400014793178601E18763D507001335170004
:10097400828093172600B306F500AE9794429C43F9
:100984007D16B58F5D8FF1BF8A05AA950147636314
:10099400B500828083A6C5FFF11593D71600D98FC1
:1009A4009CC11397F601E5B72A8301480147014525
:1009B4006343D7008280B387050183A80700B30788
:1009C40006019C43C697AA976384F80033B51701C0
:1009D4000507B3080301620723A0F8006187110823
:1009E400C1BF2A8301478147014563C3D700828081
:1009F4003388E50083280800330EE600032E0E003A
:100A04003388A8403308C8416384080133B508011A
:100A14008507B308E300E20723A00801E187110773
:100A2400E9B7171300E0E70283FD0111B286B2842F
:100A34002E86AA850A8575372A84A6850A8579357E
:100A440033348000060413351500018D0561171336
:100A540000E0670003FD171300E0E702C3F741114C
:100A6400AA89AE8A328BB68402C202C402C6014489
:100A7400131C8401135C8C4163499C02939B1400F6
:100A8400FD1B0549138CF4FFF15C330489016204F6
:100A94006184634D740592478E04CE9423AEF4FEB4
:100AA4004101171300E0670083F613192400B30B08
:100AB4002B01014A93172A00D69783A50B0088437C
:100AC4007800340050005D3B050A93178A01E187E2
:100AD400F11BE351FCFE92474E9905042320F900D3
:100AE400A2473EC2B24702C63EC459B7131A89018F
:100AF400135A8A41131D240093178A01E18763CF97
:100B0400970092470A044E941CC0A2470509137922
:100B1400F90F3EC2B24702C63EC485BFB3079A036B
:100B240013152A0056950841780034005000050A30
:100B3400EA97DA978C439933C1B70000197106C25A
:100B440012C416C61AC81ECA22CC26CE2AD02ED249
:100B540032D436D63AD83EDA42DC46DECAC0CEC2F9
:100B6400D2C4D6C6DAC8DECAE2CCE6CEEAD0EED229
:100B7400F2D4F6D6FAD8FEDA938581828841E7006A
:100B8400050092402242B2424243D2436244F244BC
:100B9400025592552256B2564257D2576258F258CD
:100BA40006499649264AB64A464BD64B664CF64CFD
:100BB400065D965D265EB65E465FD65F096173008C
:100BC4002030B7E700E09843B706200023A0D718E9
:100BD400758F0F10000001C599C1814711E6B7E771
:100BE40000E023A0E7108280B386F50003C8060066
:100BF400B306F500850723800601E317F6FEC5B7A3
:100C040037E700E01C43B70620002320D718F58FF0
:100C14000F10000001C53307C50011E637E700E0F7
:100C24002320F71082800505A30FB5FEE31DE5FE22
:100C3400F5B737E700E01C43B70620002320D71898
:100C4400F58F0F10000001C599C1014711EA37E77C
:100C540000E02320F710054582800507E309E6FE3E
:100C64003308E500B386E5000348080083C60600A0
:100C7400E305D8FE37E700E02320F7100145828022
:100C840037E700E01C43B70620002320D718F58F70
:100C94000F1000001307F6FFBA952A966317C500D4
:100CA40037E700E02320F7108280FD1503C7150005
:100CB4000505A30FE5FEDDB737E700E01C43B706E3
:100CC40020002320D718F58F0F10000001C533072B
:100CD400C50019E637E700E02320F71001458280BC
:100CE40005058346F5FFE397B6FEE31BE5FE37E70C
:100CF40000E02320F71005458280797197370000C2
:100D0400938707FA22D4804306D626D24AD04ECE01
:100D140052CC56CA5AC85EC679C0B7C4C901014B81
:100D240097390000938949F79384F437173A000000
:100D3400130A4AF7973A0000938A4AF117390000D8
:100D4400130909FB8357240095E35C44631D0B00DE
:100D5400173700002326F7F4832BC4002285EF0005
:100D6400102B5E84B9A82326FB00FDB783A70900D6
:100D740082971C443307F5406376F5000327490046
:100D84001D8F2A9763E2E4089737000023A807EC35
:100D94008355240003450400975001E0E78080B0A8
:100DA4005C405844A1CB0C4403264900AE97BE8650
:100DB40063E4B70063E4C700B386C74014C4228B5E
:100DC4003A8449F097370000938747E89C4B0947DA
:100DD4006372F706F917173700002321F7E8B250BA
:100DE400225492540259F249624AD24A424BB24BBB
:100DF4004561828063170B009737000023A2E7EA5E
:100E0400A1BF2326EB0089BF03274A0209CF63EF62
:100E1400A7003385A74083A70A016376F5009737B7
:100E2400000023ADA7E2228B404461BF03274900A1
:100E3400BA97C5B79737000023A207E24DB7973793
:100E44000000938767EA9C4385C3411106C68297D5
:100E54009737000083C727E489E79737000023A565
:100E640007E8B240410182809737000083C7A7E2B8
:100E740091E79737000023A907E682808280411119
:100E840022C417340000130424DF1C4006C626C203
:100E94004AC091C782979737000023AF07DC973782
:100EA400000083C7B7F9858B173900001309C9F807
:100EB40089CF8347790019476312F71097370000E9
:100EC400A38E07F665295C4482971C4491C38297DC
:100ED40097340000938484DC98401736000003465E
:100EE400F6D69737000083C767D693961700BA964D
:100EF40083D60600E5C29737000083C727D563E58C
:100F0400C70E97370000238307D41C40639E071441
:100F140097370000938747D89C4363870714973714
:100F240000009387E7DCDC43173700002328F7D25F
:100F3400E9339737000083C7D7F0639707129737D1
:100F4400000083C7F7EF91CF8347790093F7F70F3A
:100F540089EB97370000A38507EE976001E0E780EF
:100F6400E046973700009387E7D3DC53638E070E80
:100F740097370000938787CD9C4BFDC78347790043
:100F840015476363F70E9737000083C767F0918BAB
:100F9400E1EF9737000083C707D0F9E79040973611
:100FA400000083C6B6CA63C7D70C2244B240924439
:100FB40002494101175301E0670063BE834779008A
:100FC4001D47E314F7F097370000A38907E67D2651
:100FD4001C48DDBD850793F7F70F9736000023877C
:100FE400F6C6E3E0C7F001BF86073E9783550700C6
:100FF4002310070097370000239E07C89737000087
:10100400938747C79C4317350000034525C413172E
:101014002500BA979C4382979737000083D787C7E8
:1010240017370000034787C293C7F7FF7D8D9317D7
:10103400170098403E97835707005D8D2310A70043
:101044009737000083C787C091C78507173700000B
:10105400230EF7BE17370000034747BF973700003A
:1010640083C7D7BEE37FF7E8B240224492440249E3
:1010740041018280139717003297035707006DF7D9
:10108400850715B737C700408326C720B707FCFF7D
:10109400FD17F58F2326F720010001009737000084
:1010A4009387C7BAC84F832787262326D7206A0584
:1010B40093C7F7FF99835D8D82800000EFF03FD8DE
:1010C4007300000000000000973200009382A2BC6D
:1010D4000383020023800200630F0300F32510340E
:1010E4002EC0970500009385A5FD73901534EF007D
:1010F400A04B7300203086DCEF00004BE65082806A
:101104000000173700001307E7D21443411122C42B
:101114009C5E4AC006C6998326C2858B3A841739D9
:1011240000001309E9D0D1CB930700069CDE1737E2
:1011340000000347C7D09307000897340000938446
:10114400A4CF631BF700832709009C4393F707048C
:10115400173700002305F7CE83C7040093F707046D
:101164009DC397370000938727B39C438297973793
:10117400000023A1A7CE83C7040093F7F70B17370A
:101184000000230BF7CA83C7440093F7070495E7CD
:10119400854717370000A303F7CA973700009387E2
:1011A40027CC9C433707020098C7130700FC9736E7
:1011B40000002385E6C89848F8D318401C5F918343
:1011C400858B8DC31C5F93E707011CDF97370000F5
:1011D400938707C99C4323A2070685471737000056
:1011E400230EF7C483270900D8430583058B19C749
:1011F400D843759BD8C3D843799BD8C3B240224403
:101204009244024941018280ED3D730020309317DE
:10121400D50063D3070297370000938767C49C43C4
:101224007D57B8D797370000938747A2DC4F8507CF
:1012340017370000232AF7A2937785008DC39737C9
:10124400000083C787BF93E7170017370000230602
:10125400F7BE930700F8173700002301F7BE937712
:10126400150099CB9737000083C717BD93E7170084
:1012740017370000A302F7BC9377650095CB9377EB
:10128400450017370000130727BBCDCB8347070062
:1012940093E71700173700002300F7BA97370000C9
:1012A400938747B998435C57F19B93E717005CD742
:1012B4009317F50063D4070217370000034707CFDD
:1012C400418B973700009387E7C651C383C78707CD
:1012D40093E7070217370000230AF7CC9317E500BA
:1012E40063D707029737000083C747B5E207E18752
:1012F40063D707008547173700002301F7B49737F2
:1013040000009387E7B59C433707020098C79317FB
:10131400C50063D4070217370000034737C9058B9C
:1013240097370000938707C129C383C7970793E7BB
:10133400270017370000A30BF7C6828083473700C6
:1013440093E7170017370000A309F7AE81BF03C75F
:10135400870789463D8B6308D70083C787070D47F6
:10136400BD8BE39DE7F69147B5B703C79707118B8C
:1013740069D783C7970793E7870065BF973700004E
:10138400938707AE9443973700009387E7AA03C770
:101394000700058B11CB97370000238107AA9737E5
:1013A4000000A38D07A8828003C71700058B65F78B
:1013B400F85271FF83C75700DDB7173700001307D2
:1013C40067A703280700832788039583858BADEFE0
:1013D40011C683270803BD832300F6009DC61C4362
:1013E400985B4607935767016356070093E707C066
:1013F400C207C18303970600C207C18709C7BA970A
:101404000947B3C7E7022390F6008DCD8345150045
:1014140095C99737000083C787A293F707041387FA
:101424009500894585C33A95834705000547994545
:1014340093F6F7066398E600E207E187814563D3F4
:101444000700B9452E8582808545EDBF411126C22E
:1014540006C622C497340000938484A03DED9440D2
:10146400AE87F8527DFF37F400E03E8597370000E1
:101474002385079C832704D1B285ED9B2328F4D0D0
:10148400832704D193E787022328F4D073005010F4
:10149400976001E0E78040E09737000093878799E1
:1014A4009C43B70680009843558F98C3D857719BC7
:1014B400D8D797370000A383079897370000A38DE8
:1014C40007969C40094798C3832704D193E7870074
:1014D4002328F4D0730050100DA08D476315F50434
:1014E40097370000938707959C43B706800098437D
:1014F400558F98C3D857719BD8D79440173700009D
:101504001307879383472700858B89EB834737002D
:10151400858BC1CB9737000023820792B2402244C7
:101524009244410182808547E319F5FCB7F700E056
:1015340003A707D16D9B23A8E7D003A707D113679F
:10154400870223A8E7D07300501098408177FD17D5
:101554005447F58F5CC70F1000009840B70702008E
:101564001CC7930700F8173600002309F68C973739
:1015740000009387278C9C439C439D83858B639FAA
:10158400A700930760197CD354C737F700E083277B
:1015940007D193E787002328F7D02DBF9307E01BDB
:1015A400DDB7FC52A5F39DBF973700009387478BA7
:1015B4009C438847D847798D09C988C79387818612
:1015C40003A307006303030002838280173700002C
:1015D400130747898346B7019737000083C7578BA2
:1015E4004C4BB697FD8B33D7F50097360000A38B91
:1015F400F68697360000A38DF688058B15EF17370E
:10160400000003473789B3F7E70281460147130512
:10161400000233D6E500058A1378F70F19CA6397D9
:10162400D70097370000A38F07838280850693F63F
:10163400F60F0507E31FA7FC828097270000938716
:10164400A7659C43011122CC4AC806CE26CA4EC6C1
:101654008297973700009387E782804701496301A7
:10166400A406BE8463668506018D1354550097371E
:10167400000083C7C7801379F5016360F4049729D8
:1016840000009389E966993703A88400972600002F
:1016940083C6E67E139756004297158C3A8683A537
:1016A4004900636407016364B7003306B7409727B2
:1016B400000023ADC77CE378D4FC1604336924010D
:1016C400F24062444A85D2444249B249056182806B
:1016D400972700009387C761DC43338487402295B2
:1016E40069B7972700009387A777984389679387FB
:1016F40007F47CD3972700009387C77B9C4383A67A
:101704000709139656006358060083A60709139623
:101714006600634406007453FDF282804111B7E70A
:1017240000E022C480433707200006C6798C23A03A
:10173400E7180F10000011C199E5B7E700E023A0F6
:10174400871001457DA893073500C207C183F19B2B
:10175400C207C183130740036369F7021727000018
:101764001307077D0843172700001307E77B14437B
:101774006392A602172700001307C752185B55DFB0
:10178400C207DD8D054502974DBF172700001307DB
:10179400E779C9BF035765002DEB0357450063661E
:1017A400F706B306F7402146637CD60203280500FA
:1017B400938687001D8FAA9661171726000003568B
:1017C40046492392E60023A006012393060014C190
:1017D4002312F500130786FF97260000239BE64695
:1017E4002313B5009725000083D5A546B387F5409C
:1017F40017270000231FF744B7E700E023A0871052
:101804002105B240224441018280084195B7B7E7DF
:1018140000E08C433707200023A0E718F98D0F1050
:10182400000001E523A0B71082809727000093876A
:10183400277003A30700972700009387E76E83A808
:10184400070081469A8763F2170D03A807006361B6
:10185400F50C636FA80A138787006368E50A03D64B
:101864006700216705076317E60003C7318605078C
:10187400A381E186172500001305453D03D64700E3
:101884000357650023930700329742074183172EBD
:1018940000002310EE3C638C67021723000013033F
:1018A400E368032303006304F30203D366006310B5
:1018B400030283D7460023A0060121073E96210692
:1018C4002392C600972700002395E738B6879843EC
:1018D400630D1703972600009386466594426306BA
:1018E400D7028356670095E283D647000356470024
:1018F4001843A106B2962392D70098C38357650074
:10190400A107172700002316F734B7E700E019BF33
:08191400BE86C2870DBF000072
:10191C00971100209381C1BA175100201301C1ED1A
:10192C001305400097E5FF1F9385056D17060020F2
:10193C00130606FE63FAC5008322050023A055009A
:10194C0011059105E3EAC5FE17B501001305C57233
:10195C00970500209385C5FB1386018263FAC500A9
:10196C008322050023A0550011059105E3EAC5FE6D
:10197C0013850182972500209385056E6377B5004A
:10198C00232005001105E36DB5FEFD42739002BCEA
:10199C008D4273904280930280087390023097E2DC
:1019AC00FF1F9382626593E232007390523097224C
:1019BC000000938202C0739012347300203039718E
:1019CC0001436EC619A0397141536AC866CA62CC0C
:1019DC005ECE19A0397101535AD056D252D44ED67C
:1019EC004AD826DA22DC06DE3301614082824111BC
:1019FC004AC026C222C406C68282B24D4101024DA3
:101A0C00924C224CB24B4101024B924A224AB249AF
:101A1C004101024992442244B240410182803D433B
:101A2C002A876373C3029377F700BDEFADE5937616
:101A3C0006FF3D8ABA960CC34CC30CC74CC7410772
:101A4C00E36BD7FE11E28280B306C3408A0697028D
:101A5C00000096966780A6002307B700A306B70080
:101A6C002306B700A305B7002305B700A304B700EE
:101A7C002304B700A303B7002303B700A302B700E6
:101A8C002302B700A301B7002301B700A300B700DE
:101A9C002300B700828093F5F50F93968500D58DC2
:101AAC0093960501D58D61B7939627009702000098
:101ABC0096968682E78086FA9680C1171D8F3E9691
:101ACC00E374C3F8A5B73367B500FD530D8B79E705
:101ADC00B7877F7F9387F7F710419441B372F60075
:101AEC003363F600BE92B3E262006397720C631824
:101AFC00D6065041D441B372F6003363F600BE9261
:101B0C00B3E262006398720A631BD60410459445D5
:101B1C00B372F6003363F600BE92B3E262006391D7
:101B2C00720A631ED6025045D445B372F600336375
:101B3C00F600BE92B3E26200639A72086311D60299
:101B4C0010499449B372F6003363F600BE92B3E2C7
:101B5C006200639372085105D105E30FD6F6131793
:101B6C00060193970601631CF7001357060193D7E0
:101B7C0006013305F7409375F50F91E98280418397
:101B8C00C1833305F7409375F50F91E1828013778C
:101B9C00F70F93F7F70F3305F740828003460500E4
:101BAC0083C60500050585056313D60065FA330564
:101BBC00D640828011059105E312D6FE0145828044
:101BCC002105A105E31CD6FC014582803105B10538
:101BDC00E316D6FC014582804105C105E310D6FC15
:101BEC0001458280B717004003C777051377E70FCD
:101BFC00A38BE704130700F8A38DE7043D47238C60
:101C0C00E70413075003A38CE70403C7A705137756
:101C1C00D70F238DE7048280B717004003C7E70274
:101C2C000D8941111377C70F498F93068008F3B6BE
:101C3C00068093F6860836C60100010093067005EF
:101C4C002380D704930680FA2380D7040100010077
:101C5C002387E70223800704B247F3A7078001001C
:101C6C0001004101828041112A83014E930E407E76
:101C7C00130F0019930F400663E56E1293080019B9
:101C8C0013034006B3781503854E0D4FA14F3373E4
:101C9C0065020D891335150063EFBE121308F6FFAC
:101CAC00794672984208135808013307C70213D6B5
:101CBC001700BE0732976146B3F6C6021306807052
:101CCC00B386C6023697A166F58F42075D8FB716AD
:101CDC00004083C7F60293F70708A303F1000346FD
:101CEC00710083C7F60293F70708E394C7FE834796
:101CFC007100B716004093F7F70F6388071293072C
:101D0C008008F3B7078093F787083EC401000100F1
:101D1C00B7170040930670052380D704930680FA0A
:101D2C002380D7040100010023AA070383C61703ED
:101D3C0093E60608A388D70223800704A247F3A7DB
:101D4C000780010001001166B71700407D16D45BB7
:101D5C00C85F93854703A98EF18EF5FA9306800828
:101D6C00F3B6068093F6860836C60100010093068A
:101D7C0070052380D704930680FA2380D7040100D2
:101D8C00010098C103C7170313670704A388E70270
:101D9C0023800704B247F3A707800100010041012B
:101DAC0082807D133368E3039308E016630E08000A
:101DBC003368F3039308D016630808009378330054
:101DCC0093B818009388D81633081E01131E080107
:101DDC00135E0E0155B56393E50305486386080051
:101DEC000148630303002A8871087298FD15131EBD
:101DFC000801C205135E0E01C18179BD13F81500EF
:101E0C0063F4BF007908D5B713381800E5BF83C752
:101E1C00F60293F70708A303F1000346710083C78A
:101E2C00F60293F70708E394C7FE8347710093F714
:101E3C00F70FF1DFE9B54111B7170040985F3AC6CB
:101E4C00945F3247E39CE6FE32454101828031715A
:101E5C004AD966CB06DF22DD26DB4ED752D556D3C8
:101E6C005AD15ECF62CD6AC96EC7AA8C02D8EF0078
:101E7C0090102A8993078008F3B7078093F7870897
:101E8C003EDA01000100B7170040130770052380EC
:101E9C00E704130780FA2380E7040100010003C75D
:101EAC00F7021377770FA387E70203C7F7021367CD
:101EBC008700A387E70223800704D257F3A7078084
:101ECC00010001000545893B130780C13347E90236
:101EDC00116A93070AE893065002BD69930BA0049C
:101EEC00814A014B13048008930470057D1AB34793
:101EFC00F9023307D7023EC0FD873ECC938709A673
:101F0C009309803E3347F7023AC27D873AC4334780
:101F1C0039038549B399990193D93940B306D7024E
:101F2C00B30B7703B3C6F602B3CBFB0236C6FD8602
:101F3C0036C893D6FB4136CEB7460F00938606249F
:101F4C003349D9028566938606FAB3969601B3890E
:101F5C00E902130760553309D90293060010B389BF
:101F6C00E9023349D902B3C9F9029316390036CACA
:101F7C0037190040FD8636D0930D090493D7F941EB
:101F8C003ED2F336048093F6860836DC010001005D
:101F9C00930770052380FD00930680FA2380DD00F3
:101FAC00010001008346390593F6860FA309D90475
:101FBC008346390593E61600A309D90423800D0046
:101FCC00E256F3A6068001000100130C80FA116D95
:101FDC00F336048093F6860836DE01000100930781
:101FEC0070052380FD0023808D01010001008346D4
:101FFC003905216693E60602A309D904835609051F
:10200C00B3E6A6012318D90483560905D18E2318EB
:10201C00D90423800D00F256F3A6068001000100BE
:10202C008346390593F60602638306180346390581
:10203C00218A6DDE081841277336048013768608D2
:10204C00B2C20100010023809D0023808D0101009C
:10205C000100B717004003C637051376F60DA389A8
:10206C00C70403C6370513660602A389C704835643
:10207C0009052166B3E6A6012318D9048356090580
:10208C00D18E2318D90423800D009646F3A6068022
:10209C00010001008346390593F60602638006149D
:1020AC0083463905A18AEDFE7933AA8636D461338D
:1020BC00A256E30DD5FE835609054255B3E6A6019B
:1020CC002318D904392783463905A18AEDDE035636
:1020DC0009058346290582473376CA00B306DA021E
:1020EC0093D5F641B296B388F640E24733B8C600B2
:1020FC002E983308F840A247B3B616013308D840DF
:10210C0063C70701631DF800924763FA1701C247C2
:10211C00634DF80E63950701B24763E8F80E8946E4
:10212C0063E7660FF2469315180013D3F8015E8629
:10213C0013951800B365B30042D646D4EF80A1299D
:10214C003258050B137BFB0F63470001631C0836E9
:10215C00A2586389083613081500B336A800B69543
:10216C0013D6F5013298B336C800AE961358180042
:10217C00FE06B3E606017336048013768608B2C6F3
:10218C000100010023809D0023808D0101000100CE
:10219C000356C902B296C206C1822316D902238005
:1021AC000D00B646F3A606800100010015B5F33606
:1021BC00048093F68608B6C00100010023809D00C0
:1021CC0023808D01010001008346390593E6060248
:1021DC00A309D90423800D0086463DBDF336048047
:1021EC0093F68608B6C40100010023809D0023806D
:1021FC008D01010001008346390593E60602A3090F
:10220C00D90423800D00A64651B5E30D0BF0F3362F
:10221C00048093F68608B6C801000100930680FA84
:10222C0023809D002380DD000100010083463905D9
:10223C0093F5FC0F93F6860FA309D9048346390551
:10224C00CD8EA309D90423800D00C646F3A60680C3
:10225C0001000100130580FA034639059306390580
:10226C001D8A631E96277336048013768608B2CCBB
:10227C0001000100130680FA23809D002380CD000D
:10228C000100010003C606001376F60D2380C6007C
:10229C0003C60600136606022380C6008356090592
:1022AC001166D18E2318D904835609052166D18E67
:1022BC002318D90423800D00E646F3A606800100FE
:1022CC000100130680FA8346390593F606026382F1
:1022DC00062483463905130C3905A18AFDDA081842
:1022EC00D929F336048093F68608B6D00100010094
:1022FC00930680FA23809D002380DD0001000100FD
:10230C0083460C00116693F6F60D2300DC00834621
:10231C000C0093E606022300DC0083560905D18EDF
:10232C002318D904835609052166D18E2318D904A4
:10233C0023800D008656F3A60680010001001306CB
:10234C0080FA8346390593F60602638F061E834690
:10235C003905A18AEDFEC5342A8CF13CE30F85FFCB
:10236C008356090511664255D18E2318D90495213F
:10237C008346390513063905A18AFDDAF336048044
:10238C0093F68608B6D401000100930680FA2380E8
:10239C009D002380DD00010001008346060093F6BA
:1023AC00F60D2300D60023800D00A656F3A606805A
:1023BC00010001008356090503462905D247B3766F
:1023CC00DA003306CA021305800C9355F641369693
:1023DC00330DF6408257333CD6002E9C3336A60183
:1023EC00330CFC40330CCC403308850392564E869C
:1023FC00B335A5033305A503C295EF70D17D6346B4
:10240C008001631E0C16630C0D1613061500333574
:10241C00A6002E959356F5013696B335D600AA959F
:10242C009396F50105828585D18E6346B000639D38
:10243C00051A638B061A0356C90215823305D6009A
:10244C003336C500B2956348B0006391052413067A
:10245C00F00F637DA622894663F356159307800817
:10246C00F3B7078093F78708BED601000100371732
:10247C000040930770052300F704930780FA2300AC
:10248C00F704010001008356C70289678117D58FB5
:10249C00C207C1832316F70223000704B657F3A71C
:1024AC00078001000100FA506A54DA544A59BA59AB
:1024BC002A5A9A5A0A5BFA4B6A4CDA4C4A4DBA4D74
:1024CC00296182801308F5FF3335A800FD152E9580
:1024DC001356F5013298B336C800AA9641B9F336B3
:1024EC00048093F68608B6CA0100010023809D0083
:1024FC002380AD000100010083463905CD8EA30970
:10250C00D90423800D00D646F3A6068001000100F5
:10251C00A1B3F336048093F68608B6CE0100010011
:10252C0023809D002380CD000100010083463905E6
:10253C0093E60602A309D90423800D00F646F3A600
:10254C0006800100010041B3F336048093F686083F
:10255C00B6D20100010023809D002380CD00010034
:10256C0001008346390593E60602A309D9042380AA
:10257C000D009656F3A6068001000100D9B3930610
:10258C00F5FF33B5A600FD152E959355F501AE96C6
:10259C00B3B5B600AA951396F501858269B5F336E5
:1025AC00048093F68608B6D801000100930680FAE1
:1025BC0023809D002380DD00010001008356C902A9
:1025CC000566011693F6F60FD18EC206C18223164C
:1025DC00D90223800D00C656F3A606800100010027
:1025EC00850A93FAFA0F71BA33E6B60045C2035660
:1025FC00C9023305D0403338A000B305B040B385D1
:10260C00054115826345B000D1E16371A608894686
:10261C0063F0560593078008F3B7078093F7870894
:10262C00BEDA01000100B7170040130770052380C4
:10263C00E704130780FA2380E7040100010003D7A5
:10264C00C7027D8B2396E70223800704D65781BDF2
:10265C00F336048093F68608B6DC0100010093067D
:10266C0080FA23809D002380DD0001000100835649
:10267C00C9020566011693F6F60FD18EC206C18209
:10268C002316D90223800D00E656B9B793078008AC
:10269C00F3B7078093F78708BEDE010001003717F8
:1026AC000040930770052300F704930780FA23007A
:1026BC00F704010001000356C70293975600B29726
:1026CC00C207C1832316F70223000704F657C1BBC8
:1026DC00914763EEB70217A701001307E78F8A052E
:1026EC00BA959C41BA978287B717004003A7470B4E
:1026FC001345F5FF698F23AAE70A03A7070B698F18
:10270C0023A8E70A03A7070A798D23A0A70A8280CA
:10271C00B717004083A6470B1347F5FFF98E23AA82
:10272C00D70A83A6070B558D23A8A70A83A6070AE9
:10273C00758F23A0E70A8280B717004003A7470BC9
:10274C00498F23AAE70A03A7070B1345F5FF45BFDB
:10275C00B717004083A6470B1347F5FF758F23AAC5
:10276C00E70A03A7070A598D4DB7B717004003A70F
:10277C00470B498FEDB7B717004088474205418199
:10278C009377050491EB9377F5013755E801130521
:10279C0005803345F50282809377050C13070004FE
:1027AC006397E7009377F50137459C1CCDB72165FE
:1027BC00130505D0828037E700E01C435443A18306
:1027CC00E206D58F1CC1FD572320F7182322F718DA
:1027DC00828013178500B7E700E023A0E710618122
:1027EC0023A2A7108280B7F700E08847CC478280ED
:1027FC00814737370040A14663C4C70032858280C9
:10280C000345B740E38EA6FE3385F500034505006E
:10281C0085072304A740CDB7411122C406C62A84DC
:10282C00993F2947B307E502B2408D83B3D787029E
:10283C0022449507B3D7E70237370040C207C1835C
:10284C002316F74041018280716541111305052063
:10285C0006C6D937B7370040130770F82381E74015
:10286C000D47A381E74013070004A380E740054709
:10287C002387E740B240410182802380018223A25A
:10288C000182B717004003A7070CB706C0FFFD165F
:10289C00758F23A0E70C03A7070DB7064000558FD3
:1028AC0023A8E70C03A7070C3D9B23A0E70C03A769
:1028BC00070D1367070123A8E70C828023A2A182CE
:1028CC0013064006894503C5C1826F302106B71730
:1028DC00004003A5470C83A7470C598113451500ED
:1028EC00C18B058999E31365250083C70182638C2D
:1028FC00A7002380A18201C99387418203A307000B
:10290C00630303000283828011456FF04FD44111A1
:10291C0093962500AA852D4506C697E0FF1FE780F4
:10292C0000B6B240014541018280011122CC06CE95
:10293C003714004026CA4AC84EC652C48344740594
:10294C00034AB4058349840503499405EFF08FA924
:10295C008347A40593F4F40F137AFA0F93E7170047
:10296C00230DF40493F9F90F1379F90FB7170040FD
:10297C0003C7A705058B6DFF03D5C705A38D4705B9
:10298C00238C3705A38C2705A38B9704F240624454
:10299C00D2444249B249224A05618280411193973F
:1029AC00050122C406C6C1872E8463DA0700EF2016
:1029BC00D14019C1EF2051342165218D1DA093F711
:1029CC00150013C5150091EF93F7250099CF01372A
:1029DC001306000A894503C5C182EF2031751345E2
:1029EC002400B2402244410182809397250163D098
:1029FC000702EF40313E093F37F60200130606E0AE
:102A0C00896503C5C182EF20717209657DB7939703
:102A1C0015010145E3D707FC1795010013058561E6
:102A2C00EF80613413060064916503C5C182EF2009
:102A3C00F16F116559B72D71232A9110FD74E98C32
:102A4C00232C811023282111232631112A84AE89AD
:102A5C003289930600100A86A6852D45232E111067
:102A6C0097E0FF1FE780A0A11315440151810A05CF
:102A7C0013962900CA850A9597E0FF1FE780E0139B
:102A8C00A68585660146254597E0FF1FE780209FB8
:102A9C000A86A68593060010294597E0FF1FE7805C
:102AAC00009E8320C1110324811183244111032929
:102ABC0001118329C11015618280B7F7070003C784
:102ACC000701411106C622C426C24AC0A547631A93
:102ADC00F7009537B2402244924402490145410126
:102AEC00828013942500AA843289A286AA85014685
:102AFC00254597E0FF1FE7808098A2864A86A68529
:102B0C00294597E0FF1FE7808097E9B71D7149467B
:102B1C00979501009385854D17A50100130545393F
:102B2C0086CEA2CC97E0FF1FE780201001E9179515
:102B3C0001001305E54CEF80012301A037F700E0FD
:102B4C00795610CBFD5654CBB7E700E0056423A0B3
:102B5C0087109306F00214C323A08718010001000C
:102B6C0017E7FF1F1307C75523A4E1824157A38A18
:102B7C00E740130600048145080897E0FF1FE78033
:102B8C00A007970700209387E7A43EC89D673ECC1B
:102B9C00B7070105938707103ECEED472310F102CE
:102BAC0085472301F10297070000938787D6BEC2A1
:102BBC00970700009387A7F0BEC48567938757D10A
:102BCC002312F10297070000938727C23ED8B7F56E
:102BDC00070097070000938787D53EDC814697074F
:102BEC0000009387A7D23000E10519453EDE231A79
:102BFC00810097E0FF1FE78080881808814799467D
:102C0C0030003E960346060085070507A30BC70058
:102C1C00E398D7FEC24791C7035741018567637399
:102C2C00F70001A00808EF30411FAA8501C91795CC
:102C3C0001001305253EEF70D17E01A0F6406644DD
:102C4C0025618280411117050000130565D506C664
:102C5C0022C4EF30C1181384C1822300A4002128A0
:102C6C002939034504002244B24013060032896519
:102C7C0041016F20B14B797106D613078008F337E9
:102C8C00078093F787083EC201000100B717004088
:102C9C00930570052380B704130680FA2380C704BC
:102CAC000100010083C6F70293F6A60FA387D70293
:102CBC00238007049246F3A60680010001007337B7
:102CCC000780137787083AC4010001002380B704FA
:102CDC002380C7040100010003C7F7021367270014
:102CEC00A387E70223800704A247F3A7078001000C
:102CFC0001000545EFE05FF201398147014781464C
:102D0C00054685451305407EEFE0FFF5680051460A
:102D1C00814597E0FF1FE78020EEB707C0A83EC8AB
:102D2C00B787E803938707D03ECA680097D7FF1F81
:102D3C009387A7653EC6EF306133B2504561828000
:102D4C004111979501009385A53217950100130544
:102D5C00E54406C6EF70F16C1795010013050545A7
:102D6C00EF70316CB240294541016F70916F411188
:102D7C0097950100938505311795010013050542C0
:102D8C0006C6EF70116A179501001305E53FEF7049
:102D9C005169B240294541016F70B16C4111979551
:102DAC0001009385652F179501001305253F06C675
:102DBC00EF703167B240294541016F70916A7971AA
:102DCC0022D426D24AD02E842A89B28481457146D7
:102DDC00480006D6EFE0BFC497F7FF1F938707C6DE
:102DEC00DC4783D70700231421012313F100EF00E4
:102DFC00F03C8547A305F100930700192305A100BA
:102E0C003EC62686FD57A2854800230AF100EF0036
:102E1C00503DB25022549254025945618280411166
:102E2C0022C406C6834705002A849DC397950100DA
:102E3C009385052B1795010013054536EF70715ED0
:102E4C004C40179501001305654CEF70915D71A80E
:102E5C005841B707CF009387777D631AF71A979578
:102E6C0001009385E5271795010013052533EF70B5
:102E7C00515B1C448356E4008355C40003C6070011
:102E8C00179501001305054AEF70B1592945EF70EC
:102E9C00515D0356C4000C441385C10797E0FF1F16
:102EAC00E780A0D183C7C1071307200A638AE70014
:102EBC001307300A6380E712B2402244410182803A
:102ECC000357C4008D47979501009385652117958D
:102EDC0001001305A52C6300F702EF7091541795B0
:102EEC00010013052546EF70D1532244B240294509
:102EFC0041016F701157EF70D152179501001305F6
:102F0C00E545EF7011522945EF70B1550355E400BA
:102F1C00930720F805469385C107238EF1064535A6
:102F2C009377F50F2A8495C7979501009385451BD8
:102F3C001795010013058526EF70B14E9375F40FAC
:102F4C001795010013054545EF70B14D2945EF70FC
:102F5C005151979501009385A518179501001305FC
:102F6C00E523EF70114C1795010013052544EF7004
:102F7C00514B2945EF70F14E4165930730FA0546E8
:102F8C009385C1077D15238EF106153D9377F50FBB
:102F9C002A8495C797950100938585141795010090
:102FAC001305C51FEF70F1479375F40F17950100CA
:102FBC001305853EEF70F1462945EF70914A056681
:102FCC00130606C889452244B24003C5418341011A
:102FDC006F20D1150357C40085476301F7029795FD
:102FEC0001009385E50F179501001305251BEF7064
:102FFC005143179501001305A53EF5B58357E40021
:10300C000566130606C8239FF18291456DBFB7076D
:10301C00CC009387777D631AF7029795010093850F
:10302C00250C1795010013056517EF70913F1C4493
:10303C008356E4008355C40003C6070017950100AE
:10304C001305452EEF70F13D4DB5B707CE009387B4
:10305C00777DE303F7E6979501009385650817954F
:10306C0001001305A513EF70D13B4C4017950100DF
:10307C001305C538D9BB011122CC97950100938556
:10308C0025082A84179501001305451106CEEF700B
:10309C005139A2851795010013054553EF7071380E
:1030AC002945EF70113C938781819843DC4321467D
:1030BC002C0005453AC43EC6193315C52A8497958C
:1030CC0001009385E503179501001305250DEF709D
:1030DC005135A2851795010013054520EF70713409
:1030EC002945EF701138F24062440561828041112C
:1030FC0022C406C6834705002A8485CB9795010018
:10310C009385C5FC1795010013054509EF707131C6
:10311C004C401795010013052515EF709130224492
:10312C00B240294541016F70D13358411DEF97953D
:10313C0001009385A5F91795010013052506EF707D
:10314C00512E179501001305A513EF70912D2945EC
:10315C00EF7031312244B240116603C5418313062E
:10316C0006E8894541016F20617CA1679386D703EE
:10317C006311D70297950100938545F517950100CA
:10318C001305C501EF70F1291795010013054510C2
:10319C006DBFED0797950100938545F317950100D9
:1031AC001305C5FF6315F702EF70B12717950100E2
:1031BC001305450FEF70F1262945EF70912A224433
:1031CC00B24003C54183894541016F20D10CEF709A
:1031DC0051254C4017950100130545223DBF411167
:1031EC0006C6EF90A00B19E5EF10B02EB2404101CE
:1031FC006F204068B24041018280411197950100D7
:10320C00938505EC17950100130545F906C6EF707B
:10321C0051212945EF70F124B2404101C9B7411148
:10322C0022C417950100130565F72E8497950100AC
:10323C00938545E706C6EF70D11E2945EF707122C4
:10324C0005C8979501009385E5E5179501001305D1
:10325C00E5F4EF70111DA285179501001305050902
:10326C00EF70311C2244B240294541016F70711F2F
:10327C00B240224441018280011122CC2EC62A8404
:10328C00979501009385C5E217950100130505F18B
:10329C0006CEEF7011193246A28517950100130561
:1032AC00A505EF7011182945EF70B11B83C7018478
:1032BC0081EF97E7FF1F93876778DC4703D70700F9
:1032CC00C167FD17631DF7006244F240116603C528
:1032DC004183130606E8894505616F202165F2409C
:1032EC00624405618280411122C406C693F7150021
:1032FC002E8499CF056613060696854503C5418332
:10330C00EF20C16213451400B24022444101828077
:10331C0093F725008DCB97950100938525E01795A4
:10332C0001001305A5E7EF70D10F179501001305E8
:10333C00A5D0EF70110F2945EF70B112EF10B077D7
:10334C0013452400D1B793F745000145D5DF8545DA
:10335C0003D5E183EFE0C03497950100938505DC3C
:10336C0017950100130585E3EF70B10B179501005C
:10337C001305C5CDEF70F10A2945EF70910E134579
:10338C00440059B70111354697950100938545E3E3
:10339C00179501001305853006CE22CC97E0FF1F50
:1033AC00E780A08801E917950100130565C5EF704A
:1033BC00911B01A097F7FF1F938747983EC4B7F561
:1033CC000700856793870780814613868183E10513
:1033DC0019453EC697D0FF1FE780600A19469385B2
:1033EC0081831385C10997D0FF1FE780007D3400CE
:1033FC0013868183979501009385450317950100EA
:10340C0013054504EF1030372A840DC99795010038
:10341C009385C5CF17950100130545D8EF70710042
:10342C00A285179501001305A5DAEF70817F294558
:10343C00EF703103F240624405618280EF701043FB
:10344C00179501001305C5CEEF005058EF40D03949
:10345C00EFE0C04D17E5FF1F1305055CEFE0A03A48
:10346C00179501001305C5CDEFE0004E2A84EF102F
:10347C00E031EF903073EF00016CEF202047EF103C
:10348C00700CEFC0005097950100938525C81795D7
:10349C0001001305A5D009C8EF70A178A285179576
:1034AC000100130525D551B7EF70A17717950100D1
:1034BC00130585D6EF70E1762945EF70817AEFC060
:1034CC00A03285472380F184EF80505D29C5979504
:1034DC0001009385A5C317950100130525CCEF704A
:1034EC004174179501001305A5D4EF70817329451C
:1034FC00EF70217797950100938545C117950100D1
:10350C001305C5C9EF70E17117950100130585D43A
:10351C00EF70217129BFE131F1BF41111705000096
:10352C001305A5DC06C622C4EF20710B138441835E
:10353C002300A40017E5FF1F13054550EF00D00131
:10354C009135EFF08FB317050000130505B3EFF0BD
:10355C00EFB6034504002244B240130600648545CF
:10356C0041016F20A13C01113546979501009385CF
:10357C0025C5179501001305651206CE97D0FF1FC0
:10358C00E780A06A01E9179501001305A5E8EF7023
:10359C00817D01A0EF50512B2AC6EF00D11BEF000B
:1035AC00017BEF607067F24032450561828041110A
:1035BC001305800406C697D0FF1FE78000AD3717B0
:1035CC0000408327870A8D451305002093E70720C9
:1035DC002324F70AEFF0CF8FEFF00FA717A5010008
:1035EC001305058DEF702178179501001305050B58
:1035FC00EF706177EFF08FD1EFF0CFE4AD37313F63
:10360C0097D0FF1FE78040DB014582804111B286D5
:10361C002E86AA852D4506C697D0FF1FE78020E68B
:10362C00B240014541018280AE860146AA852545FE
:10363C0017D3FF1F6700A3E49307000463E6C702D8
:10364C001D71A2CC2A84080886CE32C6EF700152B6
:10365C00B2461008A285294597D0FF1FE78020E2CB
:10366C00F640664425618280395582809387418477
:10367C0018429C4383D645000345070083C5C70009
:10368C00035646006396A50083D5E700638DD502EB
:10369C00011106CE2386A7002397D700B705CF00CC
:1036AC00DC4B9385757D05077D162EC2230001002A
:1036BC003AC42316C1002317D10099C30A858297F7
:1036CC00F2400561828082806D713C083EC6B7076E
:1036DC00E500232291103EC8AA843C08328523269B
:1036EC0011103ECA23248110232021112E89EF2092
:1036FC00803F2A8497950100938505DA1795010080
:10370C001305C5A9EF70E151A285179501001305AA
:10371C00A5E8EF7001512945EF70A154B705CB0016
:10372C009385757D6800EF001024A2856800EF205A
:10373C002031014781467000CA852685EF00F04292
:10374C0015C52A8497950100938505D51795010019
:10375C001305C5A4EF70E14CA28517950100130564
:10376C0065E4EF70014C2945EF70A14F8320C11027
:10377C00032481108324411003290110516182809C
:10378C009387418418429C43797122D406D603480E
:10379C00070083C807012A8483D6450003554600D9
:1037AC006396080183D82701638DD802238807010B
:1037BC0005072399D7003708CC00DC4B1308787D1C
:1037CC003ACC1307F5FF42CA23080100231EE1007F
:1037DC00231FD10099C7080832C62EC482973246DF
:1037EC00A2452285D535B2502254456182806D7137
:1037FC003C083EC0B707E5003EC23C083EC4232649
:10380C001110232481102322911023170100231857
:10381C00010023190100231A0100231B010097E763
:10382C00FF1F83D7A72599E3C167FD172316F10066
:10383C0097E7FF1F83D7A72481EB938741849C4391
:10384C009C43DC4783D7070017E4FF1F13040423B2
:10385C00584C2317F10083574400484B2318F100B0
:10386C0005ED97950100938525CA17950100130561
:10387C00E592EF70013B17950100130525CAEF7017
:10388C00413A2945EF70E13D8320C110032481109A
:10389C00832441105161828097E7FF1F83C7771EF5
:1038AC0099E7EF1071455C4C23AA0700F1BFFD1797
:1038BC0097E6FF1FA387F61C0356070183470401F5
:1038CC004C470A85230BF100EF20A0159387418408
:1038DC009C430147814688430A866C00EF00F02820
:1038EC00AA8405C997950100938505C21795010017
:1038FC001305C58AEF70E132A685179501001305F3
:10390C00A5C2EF7001322945EF70A1355C4CC84B54
:10391C0049BF97E7FF1F83C7D716EDDB10448545DA
:10392C0003C58184EF20810085B7DC4DDC4B99C742
:10393C00904503C5818491456F10517F82805C4E08
:10394C00DC4BA1C7B9C1411122C417950100130565
:10395C00E5842E8497950100938545B906C6EF70D2
:10396C00412CA28517950100130545BEEF70612B04
:10397C002945EF70012F2244B24003C58184130600
:10398C004006914541016F10717A8280411122C429
:10399C0017E4FF1F1304840C1C4C06C689C7DC43B8
:1039AC0099C34C4882975C4CC84BEF10F1345C4C7B
:1039BC00B240224423AA0700410182801387A180D0
:1039CC00834707009306F00B850793F7F70F63E720
:1039DC00F6002385F180034507008280930700F8E9
:1039EC00CDBF83574500638D070C01114AC817E9F9
:1039FC00FF1F1309A90852C4032AC90106CE22CC01
:103A0C0003274A0126CA4EC6F15729EB1307D00DDE
:103A1C00FD576365C7042A8413058600420541815E
:103A2C00B284AE89EF107132232AAA000325C90192
:103A3C005C4995EF97950100938545A91785010081
:103A4C001305C575EF70E11D17950100130545B8F9
:103A5C00EF70211D2945EF70C120DD57F240624403
:103A6C00D2444249B249224A3E85056182809387FD
:103A7C004400B705CF002319F5009385757D3105FA
:103A8C00EF00606E0325C901834564003105EF101A
:103A9C00307B0325C9012686CE853105EF10707861
:103AAC007146A2854A85EF70610C504401CA854568
:103ABC0003C58184EF10916781474DB70D3BEDBF76
:103ACC00FD573E858280411122C417E4FF1F130469
:103ADC00E4FA5C4C06C6C84BEF1011225C4C224435
:103AEC00B24023AA070003C58184854541016F10AC
:103AFC00917A411126C2938441849C4006C622C40B
:103B0C00BDCFDC43ADCF5CC12300B5002A849795B3
:103B1C0001009385E5961785010013052568EF7064
:103B2C0041102945EF70E1139C4023A4070023A208
:103B3C00070097E7FF1F938767F2DC4FDC4B99C3B5
:103B4C002955A93597E7FF1F938747F3DC4FDC4BCB
:103B5C0091C3953F894503C58184EF10D17391457D
:103B6C0003C58184EF1031739C4003A347016308A4
:103B7C00030022852244B240924441010283B240A8
:103B8C0022449244410182800111328506CE22CC1E
:103B9C0026CA2E84EF103075AA8497950100938560
:103BAC006591178501001305655FEF7081070307A9
:103BBC0084000356640083554400A68617950100C3
:103BCC001305C59AEF70E1052945EF70810997E758
:103BDC00FF1F83C707E9639797000145453B814564
:103BEC000A85013FF2406244D244056182806D71C6
:103BFC0023248110232611102322911093F74500C2
:103C0C002E84638F07103C083EC0B707E5003EC208
:103C1C003C083EC42317010023180100231901009E
:103C2C00231A0100231B010097E7FF1F83D707E32B
:103C3C0099E3C167FD172316F10097E7FF1F83D7A0
:103C4C0007E281EB938741849C439C43DC4783D7F9
:103C5C00070017E7FF1F130767E02317F100544F06
:103C6C00835747002318F100DC4A95EF9795010024
:103C7C00938585881785010013054552EF60717A8D
:103C8C001795010013058589EF60B1792945EF601F
:103C9C00517D134544008320C110032481108324DB
:103CAC0041105161828097E7FF1F83C797DB255531
:103CBC00B5C7FD1717E6FF1FA305F6DA03D60601F5
:103CCC0083470701CC460A85230BF100EF10705592
:103CDC00938741849C4317E7FF1F130727D89796B8
:103CEC0001009386E63788430A866C00BD2DAA84B2
:103CFC004DD19795010093852580178501001305FB
:103D0C00E549EF601172A685179501001305C58171
:103D1C00EF6031712945EF60D1742685853995BFE7
:103D2C0093F725008DC341468145280897D0FF1F86
:103D3C00E78080EC2555993928089305F00F553B01
:103D4C001345240089BF93F715000145A9D7EFF05F
:103D5C001FAA1345140081B75C4D411106C688C3D8
:103D6C00170500001305E5E823A2F184EF202107D5
:103D7C00B2402384A184014541018280EFD29FC5CA
:103D8C002A8408452E89B28909C900C1970500000B
:103D9C009385C5736105EFF0F06C81447D5AEF108B
:103DAC00A00363C3A4048144EF10000463C6A404FD
:103DBC0097070020938787859C43DC47B307F9401E
:103DCC0091872302F400638109048327C900B30798
:103DDC00F4409587A302F4001C4C89C79C4799C3F7
:103DEC00228582976FD05FC25C44139714008504C0
:103DFC00BA972390470165B71C48139714008504A4
:103E0C00BA97239007004DB7832789000547B3075E
:103E1C00F4409587A302F40083570400638EE702F5
:103E2C008DC309476384E7040D47E397E7FA979737
:103E3C000100938767D51CCC979701009387C7D552
:103E4C0011A8979701009387A79B1CCC979701000B
:103E5C009387079C5CC849B797970100938747875E
:103E6C001CCC979701009387A787EDB79797010014
:103E7C00938747D61CCC979701009387A7D6D9BFB9
:103E8C0085E1EFD2DFB60046184483479400758372
:103E9C009D8B6315F700EF00901948C46FD07FB766
:103EAC008280EFD23FB313893500C16442094111BE
:103EBC00AA890144F11413590901054A2EC6EF00D1
:103ECC00B071B2456346A400014541016FD0DFB328
:103EDC0083A7090013171400BA9783D707006388C8
:103EEC00B7006394970063742A010504C1BF0545AC
:103EFC00E9BFEFD25FADAA892E89328BB6843A8A9C
:103F0C00BE8AEF80A0394DC12685EF10702D8D47EC
:103F1C0063E5A7007D556FD09FAE83DB4400EF00B7
:103F2C00B0712A84EF00907293077400314433050A
:103F3C00850263C5A702EF003070EF00F06F2A8492
:103F4C00EF00D0709307740031443305850263CDC4
:103F5C00A702EF00706E9307450019A8EF00106FD1
:103F6C00330585021307F0179307C017E357A7FC17
:103F7C002D55E3C277FB63000B02D6865286A685CD
:103F8C004A85EFE0D04F41BFEF00506C33058502FE
:103F9C009307C5FFF1BF832749001385C90083D55B
:103FAC002700013779F9BDB76955B5B797F7FF1FEA
:103FBC002390A76697F7FF1F938747659043814728
:103FCC000C463307F500420741836393B7008280A8
:103FDC005446139847008507C2962390E600D5B740
:103FEC0097F7FF1F938787629C4303C587008280E6
:103FFC0017F5FF1F0355C5618280EFD25F9FC16724
:10400C001387D7FF6307E5026368A700F117630EF8
:10401C00F50001456FD0FF9F1387E7FF630EE500A6
:10402C00FD171D8D13351500F5B7EF4060347D1568
:10403C00D5BFEF40E011E5BFEF404010CDBFEFD250
:10404C001F9B4111AA8401442EC6EF00F059B245C2
:10405C006346A400014541016FD0BF9B9C481315DA
:10406C0014003E9583570500E387B7FE0504E9BFAE
:10407C0003485500814693F7F60F63E50701814726
:10408C003E858280584593975600BA9703D72700F0
:10409C006316B70003D70700E304C7FE8506E1BF2C
:1040AC008346450001479377F70F63E4D7008147B8
:1040BC0011A81C45131657000507B29703D6070025
:1040CC00E313B6FE3E858280EFD2DF909317050195
:1040DC00C18797FAFF1F938A6A536353F00883A72B
:1040EC000A00C0479C4703570400198D42054181C3
:1040FC006366F500014422856FD01F9112052A9446
:10410C00DDBFDC4713944900014A3E9483474400C9
:10411C006341FA02014A834754006346FA02850957
:10412C00C20993D9090183A70A009847E3EBE9FC7C
:10413C00D1B71C4413195A00A6853E994A850137FC
:10414C0009ED050AE1B75C4413195A00A6853E999E
:10415C004A85F53519E1050A7DBFE30209FC61BF0B
:10416C00AA848149C9B7EFD29F881C452A8481E76C
:10417C009307C5001CC51C44231204001CC09307E4
:10418C00F00F63E9B70093F5F50F2285EF10500B94
:10419C006FD03F8893940501C167C18063F7F50028
:1041AC00A6852285EF10700DE5B7C18193F5F50F4B
:1041BC002285EF10F008A6852285EF10B009C9BF43
:1041CC0097F7FF1F93878744884382801C4599C7C4
:1041DC0097F7FF1F23ACA742014582807D55828053
:1041EC0097F7FF1F938787429843834745004847BB
:1041FC0092073E958280EFD28FFF617100451C18AB
:10420C003EC6B70780013EC81C183ECA83574400FF
:10421C0002CE02D002CC231EF100834784002A89EF
:10422C0002D22301F1023C083ED402D6553F8357FB
:10423C0005002316F102EF3030632307A1025C4026
:10424C0003556400F18313F717008347F1025205FD
:10425C005181F99BD98FA307F102EFE0B01339C557
:10426C00AA8403550500EF80400483D704002AD2AA
:10427C006800231CF10083D72400231DF1001C4887
:10428C0003D647008C43EF10C0798347B400CA862D
:10429C00178601001306463D8117A305F4006C0038
:1042AC004810EFE0D01D5D616FD0AFF62155E5BF32
:1042BC001C45B1CF03C5A700894613576500630B96
:1042CC00D7028D46630ED70285466300D7021307CB
:1042DC0040063305E50203C7B700418B15CB83C7F6
:1042EC00B700BD8B3355F54082801375F50313076A
:1042FC00803EC5B709671375F50313070771D1BF66
:10430C00372709001375F5031307077CD9B7014547
:10431C008280EFD2CFED03A98500630409048347A3
:10432C00B900AE8493F7070E91CF0345990093051E
:10433C0020030D810505B305B50288446105EFF036
:10434C00501E05A02E85AD372A8401CDCD218325A5
:10435C00C900B307B54063F887002E94B305A44099
:10436C00E9FD6FD00FEB8545C9BFEFD24FE82A842A
:10437C0003D50500011132C636C43AC22EC002CA9A
:10438C0002CC02CEEF70707282452ACA22852ECCE6
:10439C00813D03570500231EE100EF30F04CA2468F
:1043AC0032469247230FA10036874C08B2862285ED
:1043BC000146EFF01FB405616FD0AFE5EFD22FE3EC
:1043CC0061711C183EC6B70780013EC81C183ECA56
:1043DC003C0800453ED4AA8402CC02CE02D002D2C4
:1043EC0002D6FD3B8357050035592316F102EF30F9
:1043FC00B0472307A10209C48357440091E7215910
:10440C004A855D616FD0EFE0035564005205518120
:10441C00EFE040782A8965D58347B40093F7070EFF
:10442C0089C713058401EFF0501183574400231EF4
:10443C00F100834784002301F1025C40035509001D
:10444C00D98313F7070883471102231CA10093F7A4
:10445C00F707D98FA300F10283572900231DF10020
:10446C005C40F18313F717008347F102F99BD98F56
:10447C00A307F102EF7070632AD251D183479400E5
:10448C006800139757008347B400FD8BD98FA305A1
:10449C00F4001C4803D647008C43EF108058A687C5
:1044AC00178701001307471C740005464C1026851E
:1044BC00EFF03FA42A8929D58347B400A685FD8B4C
:1044CC00A305F400B9352DBFEFD26FD2832485FE3E
:1044DC002A8441112685E93B834734FF93F7070E65
:1044EC009DC32AC62685EFF01FD119C9834734FF17
:1044FC00B245FD8BA309F4FE81C52285EFF0700255
:10450C0041016FD00FD16DDD8327C4FF26858297C3
:10451C0065F9834734FF93F7070E81C72285EFF0C7
:10452C00D001032584FE593DE1BFEFD24FC99C4118
:10453C0041112A8903C7070089472E8493566700C7
:10454C00638CF6020D466382C6049307F007630280
:10455C00F7022E85EF102059AA848149C16B130CE8
:10456C00490097F7FF1F9387670A9C43984763ECB2
:10457C00E90241016FD06FC803D745008547E3FAC4
:10458C00E7FE2E85EF10005AC1BF03D74500E3F2BA
:10459C00E7FE2E85EF102055AA842285EF100056D9
:1045AC00C204C98C5DBFDC470355A900139A4900AE
:1045BC003E9A93170501C187635DF00083570A008B
:1045CC006395A70263E574038327CA00034D5A0061
:1045DC001DA0A1672167A98F1307F7EFE374F7FEFE
:1045EC0063950900EFF07FA171FD85099DBF8327BD
:1045FC008A00034D4A00835DA90003576900216AB4
:10460C00138BC7003AC6814A33CA4D01631E5D0144
:10461C0097F7FF1F938707009C43E1DBA286628616
:10462C00814526858297D1B7A1679387F7EF930CC5
:10463C004BFF63F04703B2455A85EFF09F8619CDC7
:10464C0003278B00104719CA10436380C40231073B
:10465C00D5BFEE856685EFF09F9E71FD93861A009F
:10466C0093FAF60F130B0B0255B7835644005C43B9
:10467C00E3EDF6F622853AC6EF10E035A167938795
:10468C00D7042A8A035D4400324763E897008347C6
:10469C00D90093E707F8A306F9001C476685228624
:1046AC00E2858297C1670844FD17337AFA00529568
:1046BC0008C02312A40115BF97F7FF1F938707F5B6
:1046CC009843814715C31447814763FFD5009397DF
:1046DC0045004C47BE9519C903C755008147637502
:1046EC00E600DC451606B2973E85828003C745007E
:1046FC008147E37BE6FE16069C45F5B7EFD28FADFE
:10470C00AA892E8A814497FAFF1F938A2AF083A7DD
:10471C000A00984763E4E4006FD00FAFDC471394B2
:10472C00440001493E9413BB140083474400634B7F
:10473C00F900014913BB140083475400634FF9007F
:10474C008504F1B70844931759005287DA8601465D
:10475C00A2853E9582990509C9BF48449317590013
:10476C005287DA860546A2853E9582990509E9B7F6
:10477C00EFD2EFA7814517F5FFFF1305656097F79B
:10478C00FF1F239707E89D3F6FD0AFA897F7FF1F38
:10479C009387C7E79C4399CBEFD26FA5814517F55B
:1047AC00FFFF1305E55D993F6FD0AFA68280EFD276
:1047BC006FA241112315E1002E89B284B6893A8685
:1047CC0081460147ED452A84EF10F1482AC61DCDDC
:1047DC000356A100CE85EF606139CA852285EF10A2
:1047EC00F15B058915C1228501462C00231491002B
:1047FC00EF10D1712A8409C5ED452800EF10115432
:10480C00228541016FD04FA04944FDB76554CDBFFF
:10481C005C41FD175CC18280EFD26F9DEF1061048B
:10482C0095473305F50281450D816FD08F9EEFD2F0
:10483C000F9CEF10010395473305F5020D816FD0E6
:10484C004F9DEFD2CF9A03550500EF10111D6FD07D
:10485C004F9CEFD2CF99035505003287AE8617D601
:10486C00FF1F0356862897F5FF1F9385E5DA8137DE
:10487C006FD02F9AEFD2AF97EF5091006FD06F9906
:10488C00EFD2EF9697F5FF1F938505D9EF10F16ED8
:10489C0001456FD00F98EFD28F95814517D5FF1F2B
:1048AC000355A520EF10B1596FD0AF96EFD22F94CE
:1048BC0097F5FF1F938545D7EF10316C01456FD0ED
:1048CC004F95EFD2CF92814517D5FF1F0355E523A6
:1048DC00EF10F1566FD0EF93EFD26F912E85EF6002
:1048EC00004CEF6050016FD0CF92EFD24F90EF6041
:1048FC00300B6FD00F925C49E1175CC95CC58357D4
:10490C002501A1072319F50083570501A1072318D9
:10491C00F5008280F1473305F50297F7FF1F938767
:10492C00A7D29C433E9582808D476317F60603D72A
:10493C004600854763F2E706EFD26F8B36853684E7
:10494C002E89EF10401A39C1835744009314050186
:10495C00C18063ED97022285EF10E018FD1423123D
:10496C0094009307A002630EF5009307B002630155
:10497C00F50293079002631BF5002285EFC0D070FF
:10498C0031A00146CA852285EF80E0016FD06F8887
:10499C002285EF003056DDBF828097F6FF1F93868D
:1049AC00E6CA9C42014599CF9843D44217F6FF1FA3
:1049BC00232EE6C86396D70097F6FF1F23AAE6C8F6
:1049CC001385C7FE8280EFD28F827D2E7144330512
:1049DC0085029145EF70405501E565556FD06F83A9
:1049EC0097F7FF1F23A0A7C64526330585029145DF
:1049FC00EF7080537DD197F7FF1F23A7A7C46926BB
:104A0C0097F7FF1F239AA7C2412697F7FF1F2396FC
:104A1C00A7C297870100938767CA17F7FF1F232147
:104A2C00F7C297070000938747ED17F7FF1F23275F
:104A3C00F7C0014565B7EFC29FFBAA8517F5FF1FAD
:104A4C00130585BFEF10001E6FC0BFFCEFC23FFA0D
:104A5C00DD37EF10A01E97F7FF1F938727BF9C43EE
:104A6C0081CF1387C7FE09CB83D5C7FF17F5FF1F6F
:104A7C00130545BEEFF0E02A6FC0BFF9EFC23FF758
:104A8C00293F11C9834785002A8493F7070491E7CE
:104A9C000355E500653F6FC0DFF78347C5009304FE
:104AAC00450117F9FF1F130969BA85E3832709002C
:104ABC005CC997F7FF1F23AB97B883274900E1FF29
:104ACC0097F7FF1F23A697B8F9B7FD172306F50034
:104ADC006105EF6060728307840063C90704834734
:104AEC00840093E707F82304F400EF0071504205AB
:104AFC00A94741813375F5028347840093F707FC7E
:104B0C00C98F2304F4008347D4003E951C4023181E
:104B1C00A40089CF984319CB8347C40050408145EA
:104B2C0085073305F5024205418102978327090069
:104B3C005CC897F7FF1F23AB97B08327490089E721
:104B4C0097F7FF1F23A697B08347C400A9D78355B7
:104B5C00040117F5FF1F1305E5AFEFF0801C25BF0F
:104B6C00EFC2FFE897F7FF1F938707D49C470144D8
:104B7C008583858B81EFAE84B2853A86EF10601108
:104B8C002A8409C5EF106008829408CC22856FC076
:104B9C005FE8EFC23FE441112E8932C6AA89692C25
:104BAC00324713060502CA86970500009385C5D6C1
:104BBC0017F5FF1F130545A865372A8429CD9304E3
:104BCC00C50065261946AA852685EF0090658545A2
:104BDC002685EF007062178501001305E5AB4E9535
:104BEC00834505002685EF00B0655C48314681455C
:104BFC00A1075CC85CC483572401E1172319F40096
:104C0C0083570401E1172318F4001C4C3E85EFC0B8
:104C1C001FE1A3042501228541016FC0FFDEEFC215
:104C2C001FDD4111AA842EC632C4EF106000004D66
:104C3C00B2452246834784000CC050C093F7F7035B
:104C4C0093E707042304F400231804002685EF00DF
:104C5C00D07B83479400A9462317A40013D73700B1
:104C6C0005073307D7029D8B85072306F400A3069F
:104C7C00E40083C70401D8488507230FF7FE17F714
:104C8C00FF1F1307A79C5843232A040093074401D2
:104C9C001DEB17F7FF1F232DF79A17F7FF1F23277D
:104CAC00F79A17F4FF1F1304E49A2285EFE0307D86
:104CBC001C44858B5D8D09E581452285EFF06006EE
:104CCC0041016FC01FD51CC317F7FF1F2322F79894
:104CDC00C9BFEFC2DFD197050000938525C50145FB
:104CEC00EFF09FBF01456FC0DFD2EFC25FD0EFF096
:104CFC00DFBF6FC01FD28347C500A1E7EFC23FCF14
:104D0C002A840355E500EFF01FD315C983478400AF
:104D1C0093F7F7FB2304F4001C4091C7DC4381C7D5
:104D2C004C4001458297EFF05FC717F5FF1F130545
:104D3C006592EFF080000355E400EFF03FD16FC0B7
:104D4C005FCD8280EFC2BFCA97F7FF1F9387079092
:104D5C00970500009385C5D217F5FF1F1305858FA6
:104D6C0023A0070023A20700EFE0D06F6FC07FCA1B
:104D7C001C4D91CBDC4381CBEFC27FC78345070031
:104D8C0082976FC01FC9828097F7FF1F9387C78ECA
:104D9C009C4303C50700828097F7FF1F9387C78D3D
:104DAC009C4303C51700828097F7FF1F9387C78C1E
:104DBC009C4303C52700828097F7FF1F9387C78BFF
:104DCC009C4303C54700828097F7FF1F9387C78AD0
:104DDC009C4303C53700828097F7FF1F9387C789D1
:104DEC009C4303C55700828097F7FF1F9387C788A2
:104DFC009C4303C56700828097F7FF1F9387C78783
:104E0C009C4303C57700828097F7FF1F9387C78663
:104E1C009C4303C58700828097F7FF1F9387C78544
:104E2C009C4303C59700828097F7FF1F9387C78425
:104E3C009C4303C5A700828097F7FF1F9387C78306
:104E4C009C4303C5B70011E11D45828097F7FF1FF6
:104E5C00938787829C4303C5C700828097F7FF1F07
:104E6C00938787819C4303C5D700828097F7FF1FE8
:104E7C00938787809C4303C5E700828097E7FF1FD9
:104E8C009387877F9C4303D50701828097E7FF1F99
:104E9C009387877E9C4303C52701828097E7FF1F7A
:104EAC009387877D9C4303D54701828097E7FF1F3B
:104EBC009387877C9C4303D56701828097E7FF1F0C
:104ECC009387877B9C4303D58701828097E7FF1FDD
:104EDC009387877A9C4303C5A701828097E7FF1FBE
:104EEC00938787799C4303C5B701828097E7FF1F9F
:104EFC00938787789C4303C5C701828097E7FF1F80
:104F0C00938787779C4303C5D701828097E7FF1F60
:104F1C00938787769C438857828097E7FF1F9387F8
:104F2C00A7759C4303D5C702828097E7FF1F938721
:104F3C00A7749C4303D5E70219E11305800C82800A
:104F4C0097E7FF1F938747739C4303C50703828032
:104F5C0097E7FF1F938747729C43C85B828097E754
:104F6C00FF1F9387E7708843828097E7FF1F938723
:104F7C0067708843828019E17D558280F5DE984206
:104F8C0065DFFDD917F7FF1F130707921847AA878C
:104F9C007155058B6316072203C507001547E37D82
:104FAC00A7FC03C737001305F0057D171377F70F20
:104FBC00E364E5FC03C35700E30003FC83C867000C
:104FCC00E38C08FA03C77700494579171377F70F75
:104FDC00E364E5FA03C7A70011481305F7FF13753F
:104FEC00F50FE36BA8F803CE97000D481305FEFFF1
:104FFC001375F50FE362A8F803C8B700630908003E
:10500C0065181378F80F1305600DE36705F703C5F2
:10501C00C700794879151375F50FE36FA8F403C829
:10502C00D7000D457D181378F80FE36705F503D805
:10503C000701930E40175118420813580801E3ED6D
:10504C000EF303C8E7007D181378F80FE36605F339
:10505C0003C827017D181378F80FE36F05F103C817
:10506C008700C54E75181378F80FE3E70EF103D8D7
:10507C006701856E938EBEE06D18420813580801C7
:10508C00E3EC0EEF03D847016D18420813580801E2
:10509C00E3E40EEF03D8870179184208135808018E
:1050AC00E36C05ED03C8A7017D181378F80FE365D1
:1050BC0005ED03C5B7011D487D151375F50FE36D9F
:1050CC00A8EA03C5D701714879151375F50FE36587
:1050DC00A8EA03D5E7011308E00F7D1542054181CD
:1050EC00E36CA8E803C50702494879151375F50F59
:1050FC00E364A8E883AE470237C534001308F5BF54
:10510C00E36CD8E703A88702130555BF5918E3656C
:10511C0005E717E5FF1F232FC55403C6050117E547
:10512C00FF1F232BF5540545E378C5E403D825016F
:10513C00D04933760603E31106E403C61501E30DEB
:10514C0006E217E6FF1F2325B65283C5270001464A
:10515C006387A50003C61700F1453306B60283C763
:10516C0007039305C00272971A071307C7051603A6
:10517C001A9796084697B387B70241553E973297D0
:10518C0042074183636EE802EFC27F863685EF608B
:10519C00D063EFD0F0142A84EF80F0102A94EFC083
:1051AC00D0182A94EF60507B2A94EFF0DF812A9478
:1051BC00EF2010612A94EF50A06122956FC07F857B
:1051CC008280EFC2DF824111A307A100EF80C011E2
:1051DC009305F100170500001305C5B9EFF00FD2C8
:1051EC00014541016FC0FF82EFC2EFFD17E4FF1FC5
:1051FC001304846B0328840079599368180097E48E
:10520C00FF1F23A7146B13781800631E0800BA84C1
:10521C00BE89368B328A2E89AA8AEFE07FDC7D1517
:10522C00269509E531594A856FC06FFDEFE05FDBCC
:10523C007D152695A167E357F5FE97F7FF1F93871A
:10524C00A79D98433E8C814B11C70145EFC0F031AF
:10525C00933B15004A85DA865686D285EF70B02AC4
:10526C002A8911CD1C44F99B17E7FF1F2322F764F1
:10527C0083270C00CDDBE3880BFA82976DB726856C
:10528C0097E7FF1F23A40762EFE05FD24146CE856C
:10529C0017E5FF1F1305C56AEF50510DEFA0A07B5A
:1052AC000325040BEFA0A07D0545EFA0B003054539
:1052BC00EFF03FF18DBF97E7FF1F9387E75E9C47A9
:1052CC00858BD5C7EFC2AFF217E5FF1F13058565B8
:1052DC0097E7FF1F23AA075C97E7FF1F23A8075C2C
:1052EC0097E7FF1F23A6075CEFE03025EF30D07F58
:1052FC00EFE0C07CEFE0500197E7FF1F9387475921
:10530C009C4381C70545EF60B02797E7FF1F938744
:10531C00E7419C4389C741657D15EF500067EFC09D
:10532C00B02DEFA0207497E7FF1F9387E76C9C4389
:10533C001397170163540700EFC0E03897E7FF1F7E
:10534C0023A0076097E7FF1F23AE075E97E7FF1FB9
:10535C0023AC075E97E7FF1F23AA075EEFF0FF98C9
:10536C009D23EFF0EFC0EFC0C05A6FC08FEA828070
:10537C00EFC24FE62A849304140201112E85B289E0
:10538C00A685214636C63A89EF50E17B1DE1B2462F
:10539C0038082686CE8513059404EF4080402146BC
:1053AC002C084A85EF50217A1335150005616FC022
:1053BC00AFE50145E5BFEFC28FE39305450617E561
:1053CC00FF1F1305A52BEFE0D0156FC08FE4EFC2C4
:1053DC000FE241112EC6EFF08FC5B24588C14101D5
:1053EC006FC02FE3EFC20FDFAA842E84EF60106E24
:1053FC00AA8985452285A92583C7E40113899408C8
:10540C0099E313890403CE8522851D2D214693052E
:10541C0019022285392597E7FF1F9387E7488C43AC
:10542C002285EF0060682146938584022285D52B66
:10543C006FC08FDDEFC22FD93971EFC0E0439305F8
:10544C00400645EDEF609065630E051097E7FF1F72
:10545C0083C7872413B7170097E6FF1F238EE62216
:10546C00014489CFC16417E9FF1F1309E94393096C
:10547C00400EFD14EFF05F9A6348A408EFF02FBBC9
:10548C004169B7290900096AFD7A2A8B81447D1983
:10549C009389F97B130A0A71938A8AC7EFF0DF9715
:1054AC0063D5A4041304400EB387840217E7FF1FCF
:1054BC001307873F0324070B3E948357C40163866D
:1054CC00270918403307EB4063EAE900834744009F
:1054DC008507B3874703D6976369F706014681456D
:1054EC000945EFF00FEBAA8B29E1EF209059854786
:1054FC00631FF50489659385057117E5FF1F130577
:10550C00E517EFE01002A1A8B30734030327090B3A
:10551C00BA9703D7C7016308970003C75700A38244
:10552C0007002382E7000504B1B79305C500228567
:10553C00EFF05FEB5E85228697750100938505176A
:10554C00EFF0EFED5E85EF00606F850481BF97E7AC
:10555C00FF1F938767359C478D83858BC1FF216126
:10556C006FC0EFC901468545094502D002D202D46D
:10557C0002D6EFF00FE2AA847DD1EFC0202F138961
:10558C00C4002A8481454A8565290C4041464A85D8
:10559C00492983294400638809084E8502D802DA18
:1055AC0002DC02DEEF50E17C2ACE141005462C08FA
:1055BC0008184ECCEF4080161375F50F2DE583556A
:1055CC00840093E525004A854D2911460C104A8527
:1055DC0089290146977501009385C50D2685EFF045
:1055EC000FE42685EF0080655C40B5DB0146854500
:1055FC000D45EFF00FDAAA843DD148401389C40061
:10560C00EF5021772AC64A85E12E3246636AC500DF
:10561C004C404A853921014681452685EFF02FE023
:10562C002685292D2DBF8355840071BFEFC22FBC59
:10563C0097E7FF1F938747279C4719CD93E7870070
:10564C0017E5FF1F1305850317E7FF1F2322F72616
:10565C00EFE0C06B6FC0EFBBDD9B17E7FF1F23298B
:10566C00F724EF2010427DF517E5FF1F1305050108
:10567C00EFE0A06CC5B7EFC20FB54169AA892E8ABD
:10568C00B28A368BBA8B814417ECFF1F130CCC21DA
:10569C00930C400E7D19EFF02FF863C4A400014465
:1056AC002DA03384940383270C0B3E948357C401A1
:1056BC00638027055A87D6865286CE851305040348
:1056CC00EFF01FCB11C523800B0022856FC02FB3C9
:1056DC008347F40191CF5A87D6865286CE8513051F
:1056EC009408EFF0FFC809C585472380FB00F1BF84
:1056FC00850455B783574500638D0716EFC28FADF0
:10570C0001112A84CD2619C58547630AF504056164
:10571C006FC08FAFEFC040167DF9835744004947E7
:10572C00ED9BE396E7FEC1452285612CAA84228578
:10573C00D52E0357440002CE91472A896317F700F0
:10574C00228519293C082ACC3ECEEFC020125C558C
:10575C00DDDF74084A86A685054582974DBF035741
:10576C004400D147E3F5E7FA032A0400C169014973
:10577C0097EAFF1F938A4A13130B400EFD19EFF0A3
:10578C00AFE96344A90C2285032A0400A92EA14584
:10579C002A8922853D24AA8422857D2E14402A86BE
:1057AC00AA8978082685CA85EFF0FFECAA8425D152
:1057BC0003C7F40189476315F7008347C101A1DBD7
:1057CC005546D28513856400EF50413A0145EF6090
:1057DC00D02D01C583D7C401B1EB97E7FF1F938789
:1057EC00A70C9C4793551900858913D73700058B57
:1057FC0011CB8983858B6397B70001452EC6EFF0DB
:10580C00FFE2B2454E85EF6030320346C1012A8477
:10581C00937519002685EF70702631C92685EF60C7
:10582C00302D268511C00145EF609057EF20702573
:10583C008547E31EF5EC83C754001307F00FE3888C
:10584C00E7EC8507A382F400D9B5B304690383A7F9
:10585C000A0BBE9483D7C401638937015546D285A0
:10586C0013856400EF50212E71D1050909BF5DDC51
:10587C005DBF8280EFC20F96EF60502211CDC164E4
:10588C00014417E9FF1F130929029309400EFD1467
:10589C00EFF08FD8634AA40017E5FF1F130505DE50
:1058AC00EFE0C0466FC04F96330534038327090BD6
:1058BC003E958357C5016386970023120500EF6060
:1058CC0030230504F1B797E7FF1F9387E7FD9C474B
:1058DC008D83858B99EBEFC28F9117E5FF1F130515
:1058EC00E5D9EFE080456FC0CF928280EFC22F9058
:1058FC0097050000938545B417E5FF1F130505D8E0
:10590C00EFE040366FC0EF9083C7F5FF2E8585071B
:10591C00A38FF5FE828083C7F5FFFD1793F7F70F72
:10592C00A38FF5FE89EBEFC28F8C1385F5FFEFF09B
:10593C00B03C6FC00F8E8280EFC26F8B8841050523
:10594C0042054181EFF0704009C585472300F50001
:10595C0005056FC00F8C1C41035745008D8FBA9500
:10596C001CC12312B5003E85828093D78500A20509
:10597C001441DD8D835745001387E6FF18C1890755
:10598C002312F50013D685004111238FB6FEA38F89
:10599C00C6FE4101828018419307F7FF1CC1835753
:1059AC00450085072312F500A30FB7FE82808357AD
:1059BC0045008D8F2312F5001C41BE950CC12E8520
:1059CC008280AA8703D7470008410D8FAA9523929E
:1059DC00E7008CC38280184108453305A7408280BC
:1059EC0083574500035765001D8F1C4108453385BF
:1059FC00A7403305A7408280EFB27FFF41112EC62E
:105A0C002A84EFF0FFFDB2456373B50001A0835704
:105A1C0044000840BE952312B4003E9541016FB07E
:105A2C005FFFEFB2DFFC41112E84B28532C6EFF07E
:105A3C00BFFC3246A285EF50611341016FB07FFD70
:105A4C00EFB2FFFA2E848545EFF01FFB2300850093
:105A5C006FB03FFCEFB2BFF941112317B10089457C
:105A6C00EFF09FF98347E1002300F5008347F10035
:105A7C00A300F50041016FB0DFF9EFB25FF793D7E8
:105A8C008500A2054111DD8D2317B1008945EFF08A
:105A9C00BFF68347E1002300F5008347F100A30024
:105AAC00F50041016FB0FFF6EFB27FF4139785015B
:105ABC0093D78501C166938606F0D98F13D78500DD
:105ACC00758FD98FA2053707FF00F98D4111DD8D38
:105ADC002EC69145EFF05FF26C001146EF500109B4
:105AEC0041016FB01FF3EFB29FF01C41854503C419
:105AFC000700EFF0DFEB22856FB0BFF1EFB23FEFA5
:105B0C001C414111894503C7070083C717002307B0
:105B1C00E100A307F100EFF09FE90355E10041011B
:105B2C006FB03FEFEFB2BFEC1C414111894503C789
:105B3C00070083C717002307E100A307F100EFF06C
:105B4C001FE78357E100410113D58700A2075D8D44
:105B5C00420541816FB0FFEBEFB27FE90C4141117F
:105B6C002A8411466800EF50610091452285EFF0C0
:105B7C001FE4B247C166938606F01397870113D5CD
:105B8C008701598D13D78700758F598DA207370759
:105B9C00FF00F98F5D8D41016FB0BFE71C45BE95CD
:105BAC000CC18280AE87944391E6584101EF0CC141
:105BBC005CC1828003C7570013671700A382E700FC
:105BCC00B687D5B70CC3EDB7AA87084119CD1841D4
:105BDC00D44398C36313D500D8C32A870346570010
:105BEC009376160081E6232007008280944381CAB5
:105BFC008C4203A847008CC363930601CCC3799AEB
:105C0C0014C3A302C7003687D1BF1C45DC471D8DCA
:105C1C00B777DBB6938777DB09853305F502420549
:105C2C0041818280F147B385F50248452E958280EB
:105C3C008347450085072302F5008280EFB23FDBE6
:105C4C002A8419E06FB0FFDC83474400E5DFFD17C1
:105C5C0093F7F70F2302F400F5F71C4403D7270042
:105C6C0005072391E700DC4399C3228582974C48B2
:105C7C0089CD83475400898B99E71C4422859C4726
:105C8C009C439C478297232A040000402320040055
:105C9C004DBFEFB2DFD58357250041112EC691E7DA
:105CAC000144228541016FB0DFD6035705008147BF
:105CBC00F146E307F7FEB385D702404585072E94DE
:105CCC008345440008C4F5F5B247AA8481E7232A2A
:105CDC00040009A81C456C0022859C439C438297B8
:105CEC0048C85DDD85472312F400B2472320040029
:105CFC00231804002319F4005C485CC483D72400E7
:105D0C00FD172391F40071BFEFB27FCE97E7FF1F11
:105D1C009387C79888432326050023240500410553
:105D2C00EFE0A0016FB0FFCEEFB27FCC17E4FF1F06
:105D3C001304C4961C40411189CF9C472300B50025
:105D4C002AC65CC1EFF05FFC1C40DC4399C33245B2
:105D5C00829741016FB0FFCB034745001DEB584DB7
:105D6C00AA877D550DCBEFB29FC81CC3DC4797E6C5
:105D7C00FF1F23A5E692F156130507012390D700C8
:105D8C009705000093858501EFD0D06D01456FB06C
:105D9C005FC87D5582808280EFB27FC5011161465C
:105DAC0081452800EFB0BFC797E7FF1F9387078F88
:105DBC009C4328009305F00FDC473EC6EFF0DFF65E
:105DCC0005616FB01FC597E7FF1F9387278D9C4315
:105DDC00D847A1679387C7026312F70A397106DEA9
:105DEC0022DC26DA80004AD84ED652D456D23285DE
:105DFC00B284EFF05FCFAA892685EFF03FD023184D
:105E0C00A4FC2685EFF09FCF2319A4FC2685EFF088
:105E1C00FFCE83D744000A8A231AA4FC858393F708
:105E2C00F70F230EF4FC8607BD0793F7073F3301EA
:105E3C00F1408A8A01498347C4FD6365F902CE8526
:105E4C00130584FC232C54FDEFF01FEE528113013B
:105E5C0004FCF2506254D2544259B259225A925A0A
:105E6C00216182802685EFF07FC993171900D697A0
:105E7C0005092390A7001379F90F75BF828097E766
:105E8C00FF1F9387A7819C43D847A1679387A702DD
:105E9C006310F70A397106DE22DC26DA80004AD854
:105EAC004ED652D456D23285B284EFF0DFC3AA89D3
:105EBC002685EFF0BFC4FD572318A4FC26852319B3
:105ECC00F4FCEFF0BFC383D744000A8A231AA4FC66
:105EDC00858393F7F70F230EF4FC8607BD0793F722
:105EEC00073F3301F1408A8A01498347C4FD63654A
:105EFC00F902CE85130584FC232C54FDEFF0DFE270
:105F0C005281130104FCF2506254D2544259B259DA
:105F1C00225A925A216182802685EFF03FBE931758
:105F2C001900D69705092390A7001379F90F75BFAF
:105F3C00828097D7FF1F938767769C43D847A167CA
:105F4C0089076318F708397106DE22DC26DA80002F
:105F5C004AD84ED652D456D232853289EFF0BFB8D9
:105F6C00AA894A85EFF09FB9835749000A8A2318FA
:105F7C00A4FC858393F7F70F230CF4FC8607BD076D
:105F8C0093F7073F3301F1408A8A8144834784FDAC
:105F9C0063E5F402CE85130584FC232A54FDEFF04F
:105FAC00BFD85281130104FCF2506254D2544259AE
:105FBC00B259225A925A216182804A85EFF01FB45D
:105FCC0093971400D69785042390A70093F4F40FAD
:105FDC0075BF828097D7FF1F9387476C9C43D84728
:105FEC00A1679387E7046312F70A397106DE22DC96
:105FFC0026DA80004AD84ED652D456D23285B28494
:10600C00EFF07FAEAA892685EFF05FAF2318A4FCD2
:10601C002685EFF0BFAE231AA4FC2685EFF01FAE49
:10602C0083D744000A8A2319A4FC858393F7F70FBE
:10603C00230EF4FC8607BD0793F7073F3301F140AD
:10604C008A8A01498347C4FD6365F902CE8513052D
:10605C0084FC232C54FDEFF03FCD5281130104FC42
:10606C00F2506254D2544259B259225A925A216176
:10607C0082802685EFF09FA893171900D697050903
:10608C002390A7001379F90F75BF828097D7FF1F54
:10609C009387C7609C43D847A1679387C704631055
:1060AC00F70A397106DE22DC26DA80004AD84ED691
:1060BC0052D456D23285B284EFF0FFA2AA8926853B
:1060CC00EFF0DFA3FD572318A4FC2685231AF4FC5C
:1060DC00EFF0DFA283D744000A8A2319A4FC85833E
:1060EC0093F7F70F230EF4FC8607BD0793F7073FD2
:1060FC003301F1408A8A01498347C4FD6365F90283
:10610C00CE85130584FC232C54FDEFF0FFC1528186
:10611C00130104FCF2506254D2544259B259225A1F
:10612C00925A216182802685EFF05F9D93171900AA
:10613C00D69705092390A7001379F90F75BF8280B4
:10614C0097D7FF1F938787559C43D847A167DD07D7
:10615C00631BF702EFB2BF89797132853284EFF09D
:10616C009F982AC62285EFF07F992311A1022285E0
:10617C00EFF07F97B2452300A1022808EFF0DFBAB9
:10618C0045616FB01F89828097D7FF1F9387075196
:10619C009C43D847A16793878704631BF702EFB230
:1061AC001F85797132853284EFF0FF932AC62285E0
:1061BC00EFF0DF942311A1022285EFF0DF92B245BC
:1061CC002300A1022808EFF03FB645616FB07F8431
:1061DC00828097D7FF1F9387674C9C43D847A16752
:1061EC009387A704631CF700EFB27F80011128008E
:1061FC008145EFF07FB305616FB0BF81828097D787
:10620C00FF1F9387A7499C43D847A16793875702E1
:10621C006311F702EFB2AFFD01113285EFF0BF8CC5
:10622C002308A10081452800EFF01FB005616FB075
:10623C004FFE828097D7FF1F938747469C43D847D2
:10624C00A1679387E702631FF702EFB24FFA0111C0
:10625C0032853284EFF09F8AAA842285EFF01F8A60
:10626C00854719E52285EFF01F884205B337A0005A
:10627C0028008145231891003ECAEFF0FFAA056162
:10628C006FB02FF9828097D7FF1F938727419C43CC
:10629C00D8479947631FF704EFB26FF579713285D0
:1062AC003284EFF05F842AC62285EFF03F852310FD
:1062BC00A1022285EFF03F832301A1022285EFF09A
:1062CC009F82A301A1022285EFF0FF812302A1028C
:1062DC002285EFF05F812313A1022285EFF0BF80AE
:1062EC00B2452314A1022808EFF01FA445616FB03A
:1062FC004FF2828097D7FF1F9387473A9C43D8472A
:10630C00A1679387C703631FF704EFB24FEE797150
:10631C0032853284EFF02FFD2AC62285EFF00FFE76
:10632C002310A1022285EFF06FFD2311A10222851B
:10633C00EFF06FFB2302A1022285EFF0CFFAA3024C
:10634C00A1022285EFF02FFA2303A1022285EFF0A0
:10635C008FF9B245A303A1022808EFF0FF9C456119
:10636C006FB02FEB8280EFB28FE801112A84EFF02F
:10637C008FF7AA842285EFF06FF82285EFF00FF8E3
:10638C00035744008D4763F5E7002285EFF00FF7C4
:10639C002285EFF0AFF62800A685EFF0FF98056197
:1063AC006FB02FE797D7FF1F9387472F9C43D84792
:1063BC00A167FD076319F700EFB26FE33285EFF0C9
:1063CC009FFA6FB00FE5828097D7FF1F9387072D39
:1063DC009C43D847A167E5076311F706EFB22FE19D
:1063EC00797132853284EFF00FF02AC62285EFF0F6
:1063FC00EFF02285EFF08FF02310A1022285EFF051
:10640C00EFEF520551812311A102228523020102D3
:10641C00EFF06FEDA302A1022285EFF0CFEC230386
:10642C00A1022285EFF02FECB245A303A1022808AC
:10643C00EFF09F8F45616FB0CFDD828097D7FF1F44
:10644C009387C7259C43D847A1679387E7036319B4
:10645C00F700EFB2CFD93285EFF0FFF06FB06FDB02
:10646C00828097D7FF1F938767239C43D847A167E8
:10647C00938747046314F702EFB26FD779713285B3
:10648C003284EFF04FE62AC62285EFF02FE7B245B3
:10649C002808EFF07F8945616FB0AFD7828097D71E
:1064AC00FF1F9387A71F9C43D847A1679387870239
:1064BC006316F702EFB2AFD3797132853284EFF005
:1064CC008FE22AC62285EFF00FE2B2452300A1022B
:1064DC002808EFF07F8545616FB0AFD38280EFB2B3
:1064EC000FD10111EFF02FE0AA852800EFF0DF8328
:1064FC0005616FB00FD297D7FF1F9387271A9C4364
:10650C00D847A167D1076319F700EFB24FCE328598
:10651C00EFF0FFFC6FB0EFCF828097D7FF1F938710
:10652C00E7179C43D847A167C5076319F700EFB27B
:10653C000FCC3285EFF0BFFA6FB0AFCD828097D71A
:10654C00FF1F9387A7159C43D847A167B907631909
:10655C00F700EFB2CFC93285EFF07FF86FB06FCB99
:10656C00828097D7FF1F938767139C43D847A167F7
:10657C00AD076319F700EFB28FC73285EFF03FF626
:10658C006FB02FC9828097D7FF1F938727119C4329
:10659C00D84789476310F702EFB26FC501113285F6
:1065AC0032C8EFF04FD4AA852800EFF0EFF7056161
:1065BC006FB02FC6828097D7FF1F9387270E9C43FF
:1065CC00D847A1678D076317F702EFB24FC20111CD
:1065DC0032853284EFF02FD113066100AA844C006F
:1065EC002285EF20D00C2800A685EFF0EFF3056193
:1065FC006FB02FC2828097D7FF1F9387670A9C4387
:10660C0081CBDC4391C7EFB28FBE82976FB06FC066
:10661C008280EFB2CFBD79713C08AE843ED2A165C9
:10662C00B7070A002A843ED448103C08DD053ED644
:10663C0036C432C63AC2EFD01FB312474810BA85DF
:10664C00EFF00FC032464810B285EFF0AFC0A24653
:10665C004810B685EFF0CFBE501001478146A68595
:10666C002285EFD09FD045616FB0AFBAEFB22FB893
:10667C0001117C000329C501AE843ECAA165B70790
:10668C0007002A843ECC48087C00C5053ECEEFD0DE
:10669C009FAD8345D9004808EFF08FBA50080147E9
:1066AC008146A6852285EFD05FCC05616FB06FB6B1
:1066BC00EFB2EFB383C7950093F7F707A384F50008
:1066CC00EFF0DFFA6FB0EFB4EFB26FB279713C0854
:1066DC00AE843ED2A165B70709002A843ED4481087
:1066EC003C08938545043ED632C636C4EFD0BFA7CE
:1066FC00A2464810B685EFF0AFB432464810B285CA
:10670C00EFF04FB5501001478146A6852285EFD09A
:10671C00DFC545616FB0EFAFEFB26FAD83C79500CA
:10672C0041112A8493F7F707A384F50032852EC60E
:10673C00EFF0CFBC85672AC4637CF500EF50F036D0
:10674C002246B24509E9114781462285EFF07FECDC
:10675C0041016FB00FAC01478346F501FDB7EFB2B5
:10676C006FA701113C003ECAB7070A003ECC3C00A3
:10677C003ECE83C79500AA89328593F7F707A38489
:10678C00F5002E84EFF08FB785676371F504A16572
:10679C00AA84938585044808EFD0FF9C2685EF508A
:1067AC00D0302A891DE591454808EFF06FA9A685E0
:1067BC004808EFF02FAACA854808EFF06FA80147E8
:1067CC0081465008A2854E85EFD03FBA05616FB067
:1067DC00AFA381454808EFF0AFA603490902C1BF3A
:1067EC00EFB24F9F79711C103ECAB7070F003ECC19
:1067FC00404D1C10AA84AE894808994532C636898A
:10680C003ECEEFD05F9632464808B285EFF04FA3EC
:10681C0063040902A5454808EFF00F9E2546CA857A
:10682C00EF40C134500801478146CE852685EFD014
:10683C00DFB345616FB04F9D8355C4024808EFF03C
:10684C006FA10355E402814515C185478545630F4A
:10685C00F500C167FD179305F00F6309F5007D1571
:10686C00EF50606A9305150093F5F50F4808EFF0AB
:10687C002F9D834504034808EFF08F9C8345140338
:10688C004808EFF0EF9B835524034808EFF08F9CEA
:10689C00835544034808EFF0EF9B69B7EFB22F958F
:1068AC0083C795008146014693F7F707A384F5004B
:1068BC00EFF01FF36FB0EF95EFB26F9379713E84E9
:1068CC001C103ECA2E89B7070F00A1653ECCFD05F2
:1068DC001C10AA84480842C03AC23ECE36C432C606
:1068EC00EFD07F8832464808B285EFF06F95A2460C
:1068FC004808B685EFF00F9612474808BA85EFF0B6
:10690C006F9502486304080291454808EFF0CF8E5A
:10691C001146A285EF408125500801478146CA8562
:10692C002685EFD09FA445616FB0AF8E894548088E
:10693C00EFF08F8C834704002300F500834714008D
:10694C00A300F500D1BFEFB2EF8883C7950001110A
:10695C002A8A93F7F707A384F5003285AE8432C6F2
:10696C00EFF0CF9932462A893285EFF0CF978567C1
:10697C00637FF900AA894A85EF5030132A8419E9FC
:10698C00114781464A86A6855285EFF09FC805615E
:10699C006FB08F879387E9FF93F7F70F0547E3688D
:1069AC00F7FE8347F50195E78947E382F9FE8346B5
:1069BC00F401528501474A86A685EFF09FC5A16771
:1069CC00D90748083ECC230A010002CEEFF0BFC223
:1069DC007DBF639CE7008947639CF90093071020F7
:1069EC00231FF500EF50D010D9B70947E391E7FC0E
:1069FC008D47E39EF9FA2285EF50103297D7FF1F8F
:106A0C00938707E99C4399E797D7FF1F938707D292
:106A1C009C4389C703D50400EF60B001231F040019
:106A2C002285C9B7EFA2BFFC01113C003ECAB707D3
:106A3C000B003ECC3C003ECE83C795002A893285A4
:106A4C0093F7F707A384F500AE84EFF02F8B931721
:106A5C000501C187635EF004A1652A849385E50274
:106A6C004808EFD04FF0A2854808EFE0BFFE97D75B
:106A7C00FF1F9387A7CB9C439DEF01449375F40FA5
:106A8C004808EFE0FFFB9355844093F5F50F480859
:106A9C00EFE01FFB9355044193F5F50F4808EFE029
:106AAC003FFA014781465008A6854A85EFD0FF8BF7
:106ABC0005616FA01FF6416585460546A2857D15CB
:106ACC00EF3010655DD95105EFD0601B1304400603
:106ADC003344850265B7EFA29FF10111B707060099
:106AEC003EC683C7950021642A8993F7F707A384D0
:106AFC00F500AE8428009305A4040AC40AC8EFD09C
:106B0C008FE6300001478146A6854A85EFD0FF8588
:106B1C00EFE06FFA13049404480822CC230A010016
:106B2C0002CEEFF05FAD05616FA0BFEEEFA29FEA62
:106B3C00C1642A89014497D9FF1F9389E9D6130AA6
:106B4C008002FD14EFE04FAE6345A40001456FA039
:106B5C00BFEBB307440303A7C90ABA9703D70700CF
:106B6C006306970083D72700638427010504D9BFE8
:106B7C000545F1BFEFA21FE62A8A2E8999C123A0F1
:106B8C0005008149814497DAFF1F938AAAB1614BB2
:106B9C00EFE0CFAF63C5A4004E856FA0FFE6338452
:106BAC00640383A70A003E948357040099E76304A7
:106BBC000900232089008504E1BF4146D2851305D5
:106BCC004400EF30517865F9A289F5B7EFA29FE048
:106BDC0039717C083ED4B7070A003ED67C083ED8F3
:106BEC0083C795002A8A328593F7F707A384F500AB
:106BFC002E8932C6EFE09FF085676373F506324647
:106C0C00AA843285EFE03FEE8547AA8963EAA704A0
:106C1C00A165938585042810EFD0EFD42685EF501D
:106C2C00C0682A8429E191452810EFE07FE1A68510
:106C3C002810EFE03FE2CE852810EFE07FE001471F
:106C4C0081463010CA855285EFD02FF2A167938709
:106C5C00770448183EDC230A010202DEEFF0BF99EC
:106C6C0021616FA07FDA81452810EFE07FDDA685DA
:106C7C002810EFE03FDE97D7FF1F9387A7F99C43BF
:106C8C0091C7228563870900EFB0E00183450402B8
:106C9C0065B7EFB0A000DDBFEFA2DFD383C79500CF
:106CAC004111AA8993F7F707A384F5003285AE84C6
:106CBC00328AEFE0BFE48567637BF5022A89EF50E7
:106CCC00C05E2A84914621C18347F5010547638341
:106CDC00E70291C70D47636EF702AD462DA09305F1
:106CEC00050303250A004146EF30F1651DE1410122
:106CFC006FA09FD19305950803250A004146EF30FC
:106D0C009164814679F94A86A6854E85EFF0DF9B22
:106D1C00F9BF83250A0013059408EF50F07619C1CA
:106D2C00C146D5B797D7FF1F938787B69C4399E782
:106D3C0097D7FF1F9387879F9C4389C72285EF6056
:106D4C00204A79FD8547A30FF4002285EF8030534C
:106D5C002285EF50E0594E8581464A86A685EFF094
:106D6C00BF96A1679387570448003EC423020100D5
:106D7C0002C6EFF05F88A5BFEFA2FFC483C79500E2
:106D8C004111AA8993F7F707A384F50032852E8960
:106D9C00B28AEFE0BFD685676370F50CAA84EF501A
:106DAC00C0502A841DE9416B014A97DBFF1F938B6E
:106DBC00ABAF130C400E7D1B19A833048A0383A7B9
:106DCC000B0B3E948357C401638D6703050AEFE0F8
:106DDC00AF84E344AAFE954639A88357C501639254
:106DEC0097029305050303A50A004146EF30B15500
:106DFC00994611E181462686CA854E85EFF0DF8CD7
:106E0C00A1A883A50A0013050403EF50F067C1463F
:106E1C007DF12285231E9400EF8070462285EF5071
:106E2C00204D97D7FF1F9387E7DE9C438DCB230024
:106E3C0004022285EFA010574E8581462686CA850E
:106E4C00EFF09F88A1679387070448003EC4230294
:106E5C00010002C6EFF02FFA41016FA05FBA89471B
:106E6C002300F402D1BF397106DE22DC4AD880003F
:106E7C0052D456D25AD026DA4ED65ECE2E8A3289CB
:106E8C002A8BEFD07FF60605710541998A8A33016A
:106E9C00A140232224FC231404FCEFD0FFF48347ED
:106EAC009A000605350593F7F7072315A4FCA304F0
:106EBC00FA004A85232624FCEFE05FC493170501F2
:106ECC00C1876340F0025681130104FCF2506254F6
:106EDC00D2544259B259225A925A025BF24B216156
:106EEC008280AA844A85EFE07FC1AA894A85EFE0B7
:106EFC00FFC0A1659385C5022A89130544FCEFD018
:106F0C008FA62685EFD04F9C854501C94A86CE8534
:106F1C00EFD00F96AA8B15ED8945130544FCEFE0D5
:106F2C003FB2A685130544FCEFE0DFB2CE85130516
:106F3C0044FCEFE03FB2CA85130544FCEFE09FB17F
:106F4C0001478146130644FCD2855A85EFD0EFC128
:106F5C009DBF8145130544FCEFE09FAEA68513054C
:106F6C0044FCEFE03FAFCE85130544FCEFE09FAE51
:106F7C00CA85130544FCEFE0FFAD8144EFD0DFE69A
:106F8C00E3D0A4FC83A70B0113971400BA9783D505
:106F9C00070089C5130544FCEFE0DFAB8504F9BF9E
:106FAC00797106D622D44AD000184ECE52CC56CA8D
:106FBC0026D25AC8AE893289AA8AEFD0FFE20605DA
:106FCC00690541990A8A3301A140232A24FC231C18
:106FDC0004FCEFD07FE183C7990006052D0593F7DC
:106FEC00F707231DA4FCA384F9004A85232E24FC57
:106FFC00EFE0DFB093170501C187634FF0005281BA
:10700C00130104FDB250225492540259F249624ABF
:10701C00D24A424B45618280AA844A85EFE01FAE7A
:10702C00A1659385A5022A89130544FDEFD0AF9382
:10703C002685EFD06F89854519C5CA85EFD04F8657
:10704C002A8B0DE98945130544FDEFE07F9FA6854A
:10705C00130544FDEFE01FA0CA85130544FDEFE0C6
:10706C007F9F01478146130644FDCE855685EFD0A0
:10707C00CFAF71B78145130544FDEFE07F9CA6852A
:10708C00130544FDEFE01F9DCA85130544FDEFE099
:10709C007F9C8144EFD05FD5E3D5A4FC83270B0103
:1070AC0013971400BA9783D5070089C5130544FDBF
:1070BC00EFE05F9A8504F9BFEFA27F938347450009
:1070CC00404DD5E7FD574DC0834694000947636D8D
:1070DC00D7080346B400854663E8C6088306E40077
:1070EC0063C406085C45F9562390D70097C7FF1F69
:1070FC0083C7875B99E3A304E40097C7FF1F9387BB
:10710C00E7629C4381E78947A306F40097D7FF1FEA
:10711C00938747B09C4381E789472306F400970582
:10712C00000093854505AA8413050401EFC0903334
:10713C00FD57231AF40281471CDC014897C7FF1F37
:10714C0023A0875697C7FF1F9387C755232E040389
:10715C0004C08043EFD09FD361463306C5028145FE
:10716C002285EFA0DF8B81473E856FA09F8AFD575C
:10717C00E5BFEFA2DF872A8403554502EF50E012EA
:10718C0009E5231E04006FA0DF888357E401E5DFC7
:10719C00930504FF176501001305858BEFB090581C
:1071AC00DDB7EFA2DF842E89A16541119385E5033C
:1071BC002A8436C432C6BE843AC2EFC0DFFA124704
:1071CC002285BA85EFE0DF8732462285B285EFE073
:1071DC007F88A2462285B685EFE0DF87630D090024
:1071EC0091452285EFE05F811146A685EF3011189D
:1071FC0041016FA01F8289452285EFE0EFFF83C715
:10720C0004002300F50083C71400A300F500CDB7DC
:10721C00EFA2EFFD83C79500444D054793F7F707A1
:10722C00A384F5001C42411183C70700636DF7046A
:10723C002E842A8985CC03C7D4006309F70217C7AB
:10724C00FF1F1307A74E184301CFA386F400EF804E
:10725C00102183C7D40089E741657D15EF30E072BA
:10726C0083D72403918B99C3EFB030584A85A285FC
:10727C00EFF0CFBFA167C10748003EC42302010055
:10728C0002C6EFF04FB741016FA0AFF8EFA22FF697
:10729C0003D745008D47AA8441112E8432892E854F
:1072AC0063EDE700EFE09F85AA85230009002685A2
:1072BC00EFC01FDF41016FA0CFF5EFE03F842AC67E
:1072CC002285EFE0BF83B24585472A862300F9006B
:1072DC002685EFC0FFD9F9BF397106DE22DC26DA2C
:1072EC0080004ED652D456D24AD85AD05ECEAE89F1
:1072FC00B284AA8AEFD05FAE060513052502419928
:10730C000A8A3301A140232224FC231404FCEFD06D
:10731C00BFAC83C7990006054D0593F7F7072315F6
:10732C00A4FCA384F9002685232624FCEFE00FFDA2
:10733C0093170501C1876340F0025281130104FCCD
:10734C00F2506254D2544259B259225A925A025BA8
:10735C00F24B21618280AA8B03AB0400EFC0DFD615
:10736C0035E983D7440001498544F11793B71700D9
:10737C00A301F4FC834734FCA165BDC79385E504E8
:10738C00130544FCEFC03FDEA685130544FCEFE07B
:10739C002FEBDE85130544FCEFE0CFEB834734FC89
:1073AC00114691E30946DA85130544FCEFE06FE7DB
:1073BC00814463080900416B7D1BEFD0FFA163C8BA
:1073CC00A40201478146130644FCCE855685EFC0C6
:1073DC00DFF9A5B7A685130634FCEFF03FEB933429
:1073EC0015002A89860479B79385C50451BF832774
:1073FC00C90013971400BA9783D5070063866501FB
:10740C00130544FCEFE00FE5850445BFEFA2AFDBAD
:10741C0079711C103EC4B7070F003EC61C103EC845
:10742C0083C79500AA8A328593F7F707A384F500E2
:10743C00AE893284EFE08FEC93170501C18763505E
:10744C00F0062A8A2285EFE06FEB2A895285032BFE
:10745C000400EFC07FC739E58357440081440544DD
:10746C00F11793B71700A303F10083457100DA8776
:10747C002287CA8652862800EFF0BFD20147814688
:10748C003000CE855685EFC05FEEA1679387D7039A
:10749C0048083ECC230A810026CEEFF0CF954561FB
:1074AC006FA0EFD5A28513067100EFF03FDEAA8422
:1074BC00094445DD3544E30A55FB4A85EFF00FE7F7
:1074CC000D4445D50144EFD03F91634BA400C16BF3
:1074DC000144FD1BEFD05F90634EA400154471B7BF
:1074EC00DC4413171400BA9783D707006381270372
:1074FC000504D1BFD84493171400BA9703D70700DB
:10750C0063197701239027012685EF80404A0144B7
:10751C00A9BF0504C1B7EFA2EFCB83C795004111FA
:10752C002A8A93F7F707A384F50032852E893284D3
:10753C00EFE0CFDC93170501C187635BF004AA89E8
:10754C002285EFE0AFDB2311A1004E85832A0400D6
:10755C00EFC09FB729E18357440085440144F117DC
:10756C0093B71700A300F100034811000357210043
:10757C00D6875285CE862686CA85EFF0EFB3A167F3
:10758C00F10748003EC42302910022C6EFF0AF86FB
:10759C0041016FA06FC7A28513061100EFF01FCF3A
:1075AC002A84894471D18357210011678544BA9785
:1075BC00C2071167C1831307F7EFE367F7FA97C7A1
:1075CC00FF1F9387E72C9C4391C78545130521002A
:1075DC00EF4070048355210022858144EFC03FA603
:1075EC0041D5231005002285EF80003EB5BFEFA2E8
:1075FC008FBD83C7950041112A8B93F7F707A3849E
:10760C00F50032852E8A3284EFE04FCF93170501B7
:10761C00C1876359F004AA8A2285EFE02FCE2A890C
:10762C005685832B0400EFC03FAA21E18357440009
:10763C0081440544F11793B71700A301F1000348E7
:10764C003100DE875A854A87D6862286D285EFF0AE
:10765C00AFA6A167ED0748003EC42302810026C6F1
:10766C00EFE07FF941016FA08FB9A28513063100BD
:10767C00EFF0DFC1AA84094479D19167CA97C20798
:10768C001167C1831307F7EF0544E36AF7FACA855C
:10769C00EFC0FF9A014445F58149EFD0EFF463DB6D
:1076AC00A900984893971900BA9703D7070015E7D4
:1076BC0023902701EFD04FF31544E382A9F82685D8
:1076CC00EF80803097C7FF1F9387871C9C43014432
:1076DC00BDD74A85EF40806C9DB785097DBFEFA271
:1076EC006FAF79713E847C083EC82E8AB7071400B0
:1076FC00A1653ECAE5057C08AA89080836C44289FA
:10770C0032C6BA8AC6843ECCEFC0FFA5CA8508082B
:10771C00EFE00FB332460808B285EFE0AFB3A246F4
:10772C00630E09029D450808EFE00FAD1D4681452B
:10773C00EFA0EFAE63870A0691450808EFE0CFABE8
:10774C001146A685EF308142100801478146D2854B
:10775C004E85EFC09FC145616FA00FABB685080881
:10776C00EFE04FAF1C400808D8439355C7018589FB
:10777C0012075183B205D98DEFE0CFAD1C4008083C
:10778C0083C58700EFE0CFAB1C40080883C5A7007A
:10779C00EFE00FAB1C40080883C59700EFE04FAA41
:1077AC0051BF89450808EFE02FA583C704002300CB
:1077BC00F50083C71400A300F50079B7EFA28FA1E1
:1077CC0083C795004111AA8993F7F707A384F500A5
:1077DC003285AE843284EFE06FB293170501C18716
:1077EC006357F0042A89032A0400EFC0FF8D19E9BE
:1077FC00835744000548F11793B71700A307F1000E
:10780C00814621A81306F100A285EFF03FA81DC107
:10781C001C459DC383D6470001480347F1009307DD
:10782C008500D2884A86A6854E85EFF05FEB410134
:10783C006FA08F9D0948E9B71D48D9B7EFA28F9962
:10784C0065715C083EC4B7077B013EC65C083EC848
:10785C0083C795002A8A328593F7F707A384F5002E
:10786C00AE89EFE04FA88357E100C5C389452800D6
:10787C00EFC07F8F81452800EFE08F9CEFC05F94B5
:10788C0097C7FF1F938707399C4317C4FF1F0344F7
:10789C00A4E1AA843334800099C31364240097C7ED
:1078AC00FF1F9387A7E89C4399C31364440097C7B1
:1078BC00FF1F9387E7FD9C4399C31364840083D512
:1078CC00040028000149EFE0EF9883D5240028003C
:1078DC00EFE04F9883D544002800EFE0AF97EFD04E
:1078EC00AFCB93150501C1812800EFE0AF96A285BF
:1078FC002800EFE02F969C44636CF9000147814609
:10790C003000CE855285EFC05FA659616FA0CF8F36
:10791C00DC441314490028003E94EFE06F8C83473D
:10792C0044000347540089070607BA978607E36E9D
:10793C00F5FC835524002800814AEFE0AF91834584
:10794C0044002800EFE0CF8F834554002800EFE07F
:10795C002F8F8347440063C9FA00814A8347540040
:10796C0063CFFA00050941BF1C4413975A00280045
:10797C00BA9783D50700850AEFE0CF8DD9BF032BCB
:10798C00C40093975A0028003E9B83552B00850A10
:10799C00EFE04F8C83550B002800EFE0AF8B7DBFE1
:1079AC00EFA2EF845C4993E717005CC9EF80A02835
:1079BC006FA02F86EFA2AF832E848145EFF08F9BB3
:1079CC0005C183570500FD172310F50009C4835723
:1079DC0025002310F400EFF0BFFC01456FA06F836E
:1079EC0031456DDC23100400D5BFEF92BFFE83C779
:1079FC00950041112A8A93F7F707A384F500328585
:107A0C002E893284EFE08F8F93170501C187635E57
:107A1C00F004AA89C1452285EFD0BFFA2A8B4E8586
:107A2C00832A0400EFC04FEA21E583574400231159
:107A3C0001000544F11793B71700A300F10081442E
:107A4C000348110003572100D6875285CE86228623
:107A5C00CA85EFE07FE6A1679387170248003EC412
:107A6C002302810026C6EFE01FB941016F90DFF9B8
:107A7C0013061100A285EFF07F81AA8409E523117A
:107A8C000100094475BF930521005A85EFF09FF260
:107A9C00835721002A84CDD797C7FF1F938747DFD1
:107AAC009C4391C7854513052100EF40C036835593
:107ABC00210026853144EFC08FD859D12310050001
:107ACC002685EF7070700144A5BFEF925FF24111F3
:107ADC002E896C00AA8402C6EFF0CF8909CD03571A
:107AEC00050005072310E500EFF09FEB81473E856D
:107AFC0041016F901FF23247954775DBCA85268589
:107B0C00EF207006C147E34405FE324485474146E9
:107B1C002310F40083570900A68513054400231194
:107B2C00F400EF30A1042285C1B7EF92BFEA83C7FE
:107B3C0095004111AA8A93F7F707A384F5003285C3
:107B4C00AE893284EFD09FFB93170501C187635E2A
:107B5C00F0042A8AC1452285EFD0BFE6AA8452855B
:107B6C00032B0400EFC04FD621E5835744002311AB
:107B7C0001008544F11793B71700A300F1000144ED
:107B8C000348110003572100DA875685D2862686D2
:107B9C00CE85EFE07FD2A1679387070248003EC4F1
:107BAC002302910022C6EFE01FA541016F90DFE593
:107BBC00A28513061100EFF06FED2A8409E523115D
:107BCC000100894475BF268593052100EFF0FFEF76
:107BDC00AA845DF5835521002285EFC04FC64DF177
:107BEC000149EFD06FA0635DA900184893171900E5
:107BFC00BA9703D707001DE7035721002390E7002E
:107C0C00EFD08F9E6302250397C7FF1F938747C84A
:107C1C009C4389C703552100EF4040182285EF7023
:107C2C00B05AB9BF050975BF954499BF05C19307F3
:107C3C00F00F630FF500C547630CF5009307F5FFD4
:107C4C0005453315F500420541818280014582804E
:107C5C0041657D158280B9E1EF927FD9034506031A
:107C6C003284EFF0BFFC9305803EB305B502C2052C
:107C7C00C18191C90357E402854763F6E7001305F8
:107C8C000401EFC0000A8357E40241677D17638546
:107C9C00E700FD172317F4026F90BFD78280EF9295
:107CAC009FD2004283C79500444D0349140093F7BB
:107CBC00F707A384F5008347040022091167336991
:107CCC00F900A167B347F90041112A8BAE8A63EC26
:107CDC00E70C834724001307C00EB91793F7F70F6F
:107CEC006371F70E03473400C14763ECE70C83471D
:107CFC0044001307E00793C707086373F70A834927
:107D0C00840083477400A209B3E9F900856763F91D
:107D1C00F908034A6400834754004E85220A336AEB
:107D2C00FA00EF40805845C123962403834B34005E
:107D3C00137AFA00239A3403238874032399440397
:107D4C0093890401631A090023A6040223980402F0
:107D5C004E85EFB0907E1DA0034924004A85EFF0BC
:107D6C00FFEC2397A402834744004E85A388F402BA
:107D7C00E3810BFEE30F09FCEFB05079EF70106F4D
:107D8C0081460146D6855A85EFE09FA5A16793876A
:107D9C0097033EC423020100480002C6EFE0BF85F2
:107DAC0041016F90DFC58544A2862686D6855A850B
:107DBC00EFE01FA3A167938797033EC423029100B2
:107DCC00E1BFBD44D5B79144C5B7EF92BFC0011117
:107DDC001C08404D3EC2B7070F003EC41C083EC6EF
:107DEC002A89AE89EFC05FA3585C1C5C634CB70A50
:107DFC006394E50063E8A70A3385A740B3B7A700EF
:107E0C00B305B7401306803E81469D8DEF20A15CE3
:107E1C0093140501C180A1659385C5034800EFC08B
:107E2C008FB481454800EFD0BFC18355040448008E
:107E3C00EFD05FC2835524044800EFD0BFC1814509
:107E4C0099C8C167FD179305F00F6386F40026856A
:107E5C00EF40600BAA854800EFD09FBE0355440449
:107E6C00814511C9C167FD179305F00F6305F50036
:107E7C00EF406009AA854800EFD09FBC834564049D
:107E8C004800EFD0FFBB834574044800EFD05FBBC4
:107E9C00500001478146CE854A85EFC00FCD056164
:107EAC006F909FB6814485BFEF927FB483C79500D6
:107EBC0093F7F707A384F500EFF03FF16F907FB5D0
:107ECC00EF925FB183C795004111404D93F7F707CF
:107EDC00A384F5002A8A3285B284AE89EFD01FC202
:107EEC002A8B2685EFD09FC12A892685EFD0BFBF6C
:107EFC0093170B0163CA0702E177CA97C207C183C4
:107F0C00116763E3E70293070910C207C1831307E4
:107F1C00B00F637BF70093170901C187AA8A6348E6
:107F2C00F000C54763FA570141016F90FFADEFC0F8
:107F3C002F8CE31B25FFF5B763060B0263040902C4
:107F4C00814463870A02B7077F002310640523115D
:107F5C0024057CC05685EFF07FCD9304803EB3049E
:107F6C00950239A0B7077F00232004047CC081440C
:107F7C0003552404EFB0900595CCEFC0FF892695EE
:107F8C0093D7F44133379500AE97BA9708DC5CDC95
:107F9C00CE855285EFF07FE399E023220404A1679C
:107FAC009387B70348003EC42302010002C6EFE0EA
:107FBC008FE49DBF814701481CDC232E0403C9BFFD
:107FCC00EF92FFA2EFC09FECE1473305F50291451C
:107FDC00EF309075E55711C597B7FF1F23A4A76C19
:107FEC0081473E856F90FFA2854717B7FF1F230D72
:107FFC00F76A8280EF92BF9F97B7FF1F9387476AFC
:10800C0080432DC083570404639EA7048357240424
:10801C00639AB7043689B284EFC01F805C5C63C37B
:10802C00B7046395B7001C5C63EEA7028347640436
:10803C0063F3F400A6872303F4048347740463F307
:10804C009700A687A303F4048357440441677D1764
:10805C006385E70085072312F4043C4481C7CA8575
:10806C00268582976F90FF9A97B7FF1F9387476378
:10807C009C43014599C303C587008280EF923F97CB
:10808C000111B70707003EC683C79500584D0AC4B7
:10809C0093F7F7070AC8A384F5002A89AE8401CBAD
:1080AC001C4283C707002304F700EF70503B216488
:1080BC00930554022800EFC00F8BEFF0FFFAAA854E
:1080CC002800EFD0FF97300001478146A6854A85EE
:1080DC00EFC0AFA913044402480822CC230A0100C4
:1080EC0002CEEFE04FD105616F90BF92EF923F90BF
:1080FC0001117C003ECAB70707003ECC7C003ECE87
:10810C0083C795002E84AA8493F7F707A384F50000
:10811C00A165938555024808EFC0EF84EFF0DFF4BA
:10812C00AA854808EFD0DF91500801478146A28507
:10813C002685EFC08FA305616F90BF8D97B7FF1F8A
:10814C00938707569C43094599C303C597008280C2
:10815C0097B7FF1F9387C7549C43094599C303C521
:10816C00D700828097B7FF1F938787539C430145A5
:10817C0099C303C5A7008280EF92DF850111B70771
:10818C0008003EC683C79500404D0AC493F7F70715
:10819C000AC8A384F5002A89AE8429C014428547F5
:1081AC0003C7060063EEE70683479400094681493E
:1081BC00638EC700B307F740A304E400B339F000A3
:1081CC0083C716002305F400EF70702903572403AE
:1081DC00058B09C763840900EFA030612164930506
:1081EC0084022800EFB03FF8EFF05FF5AA85280075
:1081FC00EFD01F85EFF01FF7AA852800EFD05F8422
:10820C00014781463000A6854A85EFC00F961304BE
:10821C007402480822CC230A010002CEEFE0AFBD65
:10822C0005616F906FFEEF928FFC01117C003ECACE
:10823C00B70708003ECC7C003ECE83C795002E8449
:10824C00AA8493F7F707A384F500A16593858502AB
:10825C004808EFB05FF1EFF07FEEAA854808EFD049
:10826C002FFEEFF03FF0AA854808EFD06FFD5008C5
:10827C0001478146A2852685EFC02F8F05616F903F
:10828C004FF997B7FF1F9387A7419C43014599C3AB
:10829C0003C5B7008280EF928FF50111B707070075
:1082AC003EC683C79500404D0AC493F7F7070AC82A
:1082BC00A384F5002A89AE8405C41C42054783C7F4
:1082CC000700636AF7040347B400630BF700A305C8
:1082DC00F400EF70D0188347B400A9C3EFD08FD946
:1082EC0021649305B4002800EFB0FFE7EFF07FF9AD
:1082FC00AA852800EFD0CFF4014781463000A6852F
:10830C004A85EFC08F862904480822CC230A010035
:10831C0002CEEFE04FAE05616F90AFEFEFD0AFDA6A
:10832C00C1B7EF92CFEC01117C003ECAB707070032
:10833C003ECC7C003ECE83C795002E84AA8493F756
:10834C00F707A384F500A165AD054808EFB0BFE1C0
:10835C00EFF03FF3AA854808EFD08FEE50080147A5
:10836C008146A2852685EFC04F8005616F906FEA2C
:10837C0097B7FF1F9387C7329C43094599C303C521
:10838C00C7008280EF92AFE601117C00AE843ECA3A
:10839C00A165B70707002A843ECCD1057C004808AC
:1083AC003ECEEFB05FDCEFF0BFFCAA854808EFD003
:1083BC002FE9500801478146A6852285EFB0FFFAC8
:1083CC0005616F900FE5EF928FE283C7950093F7ED
:1083DC00F707A384F500EFF0FFFA6F908FE3EF92AD
:1083EC006FDF83C795000329C501411193F7F70788
:1083FC00A384F5001C4283C90700854763EC37054D
:10840C0097C7FF1F938707819C432E84AA8495C727
:10841C00EFF01FF689476302F502630009028347F8
:10842C00C900638C370123063901EF705003835761
:10843C002903898B99C3EFA0503B2685A285EFF0C9
:10844C007FF4A167CD0748003EC42302010002C699
:10845C00EFE06F9A41016F902FDB97B7FF1F938767
:10846C0027249C431D4599C303C5E7008280EF92E6
:10847C000FD80111B70707003EC683C79500584DAA
:10848C000AC493F7F7070AC8A384F5002A89AE84B7
:10849C0005C71C4283C7070093968701E18663C812
:1084AC00060485466385D7048346E7006386F60099
:1084BC002307F700EF70A07A21649305E4002800ED
:1084CC00EFB07FCAEFF07FF9AA852800EFD04FD725
:1084DC00014781463000A6854A85EFB01FE9350477
:1084EC00480822CC230A010002CEEFE0CF900561B0
:1084FC006F902FD2EF92AFCF01117C003ECAB7071D
:10850C0007003ECC7C003ECE83C795002E84AA8407
:10851C0093F7F707A384F500A165B9054808EFB0F8
:10852C009FC4EFF09FF3AA854808EFD06FD1500895
:10853C0001478146A2852685EFB03FE305616F9028
:10854C004FCDEF922FC9AA84014417B9FF1F13090D
:10855C006915E149EFC09F936344A400014519A834
:10856C0033053403832709003E9583572500639513
:10857C00970011056F904FC90504E9BF032E8500C4
:10858C0063040E1017B3FF1F130383300323030080
:10859C00631503002943639A060E03234E016315EA
:1085AC0003001D436393070EEF92EFC1C689428A05
:1085BC003E89BA8AB684328BAE8B2A84A1E90355E4
:1085CC004E0009E501431A856F906FC3A167A98F0F
:1085DC00116763F7E700EFF0DFF68145EFF08FBD31
:1085EC000844B70700E05841F98F18455CC1B7073C
:1085FC00001FF98F1CC55C4981C76105EFB0E073A2
:10860C00E38209FC2285EF70E0636DBF3285EFA039
:10861C0060580D434DD91C44116703D54700A16721
:10862C00A98F63F7E700EFF0DFF18145EFF08FB82A
:10863C000323840093164B01D1828347B300035666
:10864C0063008588FD8BA305F300FD777D8E558E29
:10865C00FD76FD16B204F18E83274301C58E2312DD
:10866C0073012313D3002304530123052301A30413
:10867C004301D9D72285EFB0BFC3AA850844B5DD25
:10868C006105EFB0006AADBF1D431A858280EF9281
:10869C006FB40569AA84AE89328A0144FD5A7D19EA
:1086AC00EFC08FF36345A40001456F90EFB5D8443C
:1086BC0093171400BA9703D70700631B3703239053
:1086CC00570163050A002685EF70602E9C448DC30C
:1086DC0083D76700B3F72701639C3701D288014821
:1086EC00814701478146014681452685EFF01FE908
:1086FC0005047DB7EF920FAE79711C103EC4B7071D
:10870C000F003EC61C103EC883C79500AA8A32854E
:10871C0093F7F707A384F5002E893284EFD00FBEB0
:10872C0093170501C1876350F006AA892285EFD003
:10873C00EFBC2A8A4E85032B0400EFB0FF9839E575
:10874C008357440081440544F11793B71700A303E2
:10875C00F10083457100DA872287D2864E86280085
:10876C00EFE03FA4014781463000CA855685EFB043
:10877C00DFBFA1679387F70348083ECC230A81002B
:10878C0026CEEFD05FE745616F900FA8A285130648
:10879C007100EFE0BFAFAA84094445DD5285EFE0DC
:1087AC00EFB80D445DD50546D2852685EFF03FEE3A
:1087BC002A8445B7EF92AFA38355070003462700E1
:1087CC0041112A842E8532C62EC4EFE02FB611C576
:1087DC003246A2452285EFF09FEB41016F906FA3CB
:1087EC00EF926F9E83C795004111AA8A93F7F70702
:1087FC00A384F5003285AE893284EFD02FB0931765
:10880C000501C1876357F008C1452A8A2285EFD03C
:10881C004F9B2A8D2285EFD06FAE2A892285EFD00F
:10882C008FAC930705F893F7F70F1307E007AA8BA4
:10883C006371F7062285EFD00FAB2A8C2285EFD01F
:10884C008FAAAA8C5285032B0400EFB0FF8729E571
:10885C0083574400231101008144F11793B717008B
:10886C00A300F100054403471100835621009387B0
:10887C0084005685DA8822885286CE85EFE03FE662
:10888C00A167E90748003EC42302810026C6EFD049
:10889C009FD641016F90AF9613061100A285EFE0B1
:1088AC00FF9EAA8409E52311010009446DBF9305BD
:1088BC0021006A85EFF06FA12A8455F583552100BC
:1088CC009356C9001316490185486688E2875E876E
:1088DC00858A51822685EFF07FCA2A8469B7EF9288
:1088EC008F8E83C7950041112A8B93F7F707A384CA
:1088FC00F5003285AE893284EFD04FA09317050175
:10890C00C1876352F0082A8A2285EFD02F9FAA8A4A
:10891C002285EFD0AF9E2A892285EFD0CF9C93077A
:10892C0005F893F7F70F1307E0072A8C637DF7041C
:10893C002285EFD04F9BAA8C2285EFD0CF9A2A8D1F
:10894C005285832B0400EFB02FF829E183574400A4
:10895C0085440144F11793B71700A301F1000347B5
:10896C003100930784005A85DE882688D686528685
:10897C00CE85EFE0DFD68D4748003EC42302910040
:10898C0022C6EFD05FC741016F906F87A285130697
:10899C003100EFE0BF8F2A84894471D19356C9000E
:1089AC001316490185486A88E6876287858A518251
:1089BC00D685EFF0BFBCAA845DB7EF92AF812A8950
:1089CC0081440144617A916A17BBFF1F130B4BEC76
:1089DC00EFC08FC163C5A40022856F90EF828327FF
:1089EC00090093991400CE9703D50700330745016E
:1089FC00420741836362570311CD03270B0009C75C
:108A0C0085453E85EF302041832709000504CE972C
:108A1C002390070085046DBFEFF0BFB283270900D8
:108A2C000504CE972390070075D58145EFE09FF89C
:108A3C00D5B7EF823FFA83C7950041112A8A93F785
:108A4C00F707A384F50032852E893284EFD00F8B83
:108A5C0093170501C1876354F004AA89832A040083
:108A6C00EFB08FE621E18357440085440144F117B0
:108A7C0093B71700A301F10003483100D687528544
:108A8C000147CE862686CA85EFD01FE3A167F5077E
:108A9C0048003EC42302910022C6EFD0DFB541014D
:108AAC006F809FF6A28513063100EFE02FFE2A841B
:108ABC00894479D197B7FF1F938787DD9C4381CB7E
:108ACC000449EFC06FB2AA852685EF30C034130578
:108ADC000401EFF09FEE2285EF60106F814469BFB7
:108AEC00EF827FEE83C795004111AA8A93F7F707AF
:108AFC00A384F5003285AE89328423110100EFC0C6
:108B0C00FFFF93170501C187635CF0042A8AC145F6
:108B1C002285EFC01FEBAA8B5285032B0400EFB00C
:108B2C00AFDA31E18357440085440144F11793B720
:108B3C001700A300F1000348110003572100DA8746
:108B4C005685D2862686CE85EFD01FD7A167938710
:108B5C00270248003EC42302910022C6EFD0BFA9D1
:108B6C0041016F80DFE9A28513061100EFE00FF2DF
:108B7C002A84894469D197B7FF1F938767D198439B
:108B8C003E8901CB0449EFC02FA6AA852685EF307C
:108B9C00802813050401EFF05FE2EFC0EFA49544C9
:108BAC0059D9930521005E85EFE03FF2AA8441F587
:108BBC001C480357210022852390E700EF60D0600A
:108BCC0083270900ADDB03552100EF30201DA5B72D
:108BDC00EF827FDF83C795004111AA8A93F7F707CD
:108BEC00A384F5003285AE893284EFC03FF1931730
:108BFC000501C1876359F0042A8A2285EFC01FF052
:108C0C002A895285032B0400EFB00FCC21E1835746
:108C1C00440085440144F11793B71700A301F100F8
:108C2C0003483100DA8756854A87D2862686CE8558
:108C3C00EFD09FC8A167F90748003EC423029100FA
:108C4C0022C6EFD05F9B41016F807FDBA2851306AC
:108C5C003100EFE0AFE32A84894479D19167CA9758
:108C6C00C2071167C1831307F7EF8544E36AF7FA6C
:108C7C0097B7FF1F9387C7C19843BE8B01CB04499D
:108C8C00EFC08F96AA852685EF30E01813050401F6
:108C9C00EFF0BFD2EFC04F95954459D11C482285B7
:108CAC00814423902701EF60305283A70B00ADDB8A
:108CBC004A85EF30A00EADB7EF827FD32A844105F1
:108CCC00B284EFF09FCF01C52285EF60F04F814653
:108CDC000146A6852285EF7040011C4C89C7DC47F4
:108CEC0099C3228582976F80DFD297B7FF1F938736
:108CFC00279B9C43014599C313850701828097B735
:108D0C00FF1F9387E79988438280EF825FCE93178A
:108D1C00C600DD8DC2054111C1812A8432C6EFC067
:108D2C007FD33246228511829375F60FEFC05FD147
:108D3C0041016F801FCEEF82FFC979713C083ED292
:108D4C00B7070C003ED43C083ED683C79500AE84D2
:108D5C002A8993F7F707A384F500A1659385350459
:108D6C004810EFB04FC0C165FD15014417BAFF1F85
:108D7C00130A8AB3930A400EAE892E8B2EC6EFC00F
:108D8C00AF894205931704014181C183B24563E366
:108D9C00A702C167FD176385F5004810EFC09FCB94
:108DAC00501001478146A6854A85EFB00FDC45611E
:108DBC006F809FC53307540383270A0BBA9703D6DA
:108DCC00C70163083601638835014810EFF0FFF3E3
:108DDC00DA85050465B7B285EDBFEF82DFBE797128
:108DEC007C083EC8B70711003ECA7C083ECC83C73E
:108DFC009500AA89328593F7F707A384F5002E898D
:108E0C00EFC0DFCF8567637EF502A165AA84890573
:108E1C000808EFB04FB52685EF3020491334150004
:108E2C000A04A2850808EFC0BFC1A6850808EFC0D8
:108E3C007FC235C0014781461008CA854E85EFB008
:108E4C00CFD245616F80BFBBB30754030327CA0A57
:108E5C00BA9703D70700631A970003D62700638AD3
:108E6C0065030808EFF07FEADE8505042EC6EFB037
:108E7C00BFFB4205931704014181C183B245E3E571
:108E8C00A7FCC167FD17E387F5FA0808EFC09FBC84
:108E9C0055B7B285D9BFC165FD15014417BAFF1F7F
:108EAC00130A8AA0930A80022E8BAE8BC1B7EF8275
:108EBC001FB418418347170083460700A207D58FBC
:108ECC00D207D1832390F50083472700034717006F
:108EDC008D45A207D98F91832310F600EFC03FADCB
:108EEC006F803FB3EF821FAFC164014417B9FF1FFE
:108EFC001309899B93098002FD14EFB0FFF26345BF
:108F0C00A40001456F805FB0330534038327C90A81
:108F1C003E9583570500E38797FE0504F9BFEF8262
:108F2C007FAB2A8AAE89B284B68AEF30003809E565
:108F3C0091473E856F805FAD2A894E85EF909045B5
:108F4C002A84638A0A048D476DD503570500C547EB
:108F5C00E31147FF0347F9018546AD47E31BD7FCF7
:108F6C008347450091CB4146A6855D05EF10B13D89
:108F7C00814761D1AD4775BF130965012302E50037
:108F8C00CA852685EF10C02A15CDA547E3830AFABA
:108F9C002302040079BF11CD83570500E39A47F9EA
:108FAC004146A6851905EF10113A814759D19947C9
:108FBC0049B74E85EFF01FF32A8495473DD9130925
:108FCC0055007DBF4146A685231044012311340171
:108FDC0013051900EF1091392285EF60303281476B
:108FEC0089BFEF82DFA079717C003ECCB7070A0005
:108FFC003ECE7C003ED083C79500B2842E8493F77E
:10900C00F707A384F5001306A1002A892C002685F6
:10901C00EFF0FFE9A16528088D05EFB0CF949040E3
:10902C008355A100035581008546EFF05FEFAA84BC
:10903C00AA852808EFC0DFA00356A1008355810044
:10904C002808EFF09FCC300801478146A2854A855D
:10905C00EFB0AFB1854748103ED42302910202D63F
:10906C00EFD06FD945616F80DF9AEF825F9879718D
:10907C007C003ECCB7070A003ECE7C003ED083C7B6
:10908C009500B2842E8493F7F707A384F50013069A
:10909C00A1002A892C002685EFF07FE1A165280824
:1090AC008D05EFB04F8C90408355A1000355810086
:1090BC008146EFF0DFE6AA84AA852808EFC05F9806
:1090CC000356A100835581002808EFF01FC4300817
:1090DC0001478146A2854A85EFB02FA9481023028B
:1090EC00910202D402D6EFD00FD145616F807F92EE
:1090FC0097A7FF1F9387075B88438280EF823F8F80
:10910C00835725004111AE842A842307B10017F53B
:10911C00FFFF1305656A6C002316F100EFB00FDE3C
:10912C0081C42285EF60F023FD572310F400130651
:10913C002002814513055400EF807F8E41016F8022
:10914C005F8DEF823F8979717C003ECCB7070A00B6
:10915C003ECE7C003ED083C79500AA89AE8493F79F
:10916C00F7073285A384F5001306A1002C00EFF05D
:10917C001FD4035581001144EF30201315C1035542
:10918C00A1000144EF90102101CD03570500835736
:10919C00810045446316F7008545EFF03FF6014426
:1091AC002169930539002808EFA0FFFBA285280848
:1091BC00EFC01F890356A100835581002808EFF0EA
:1091CC00DFB4300801478146A6854E85EFB0EF9994
:1091DC0048104AD42302810202D6EFD0CFC1456198
:1091EC006F809F82EF820FFF97A7FF1F9387474BDC
:1091FC002A8488432E8915C1035745038357C4011C
:10920C00631DF70023260502231805024105EFA074
:10921C00D03263040900EF607025814497A9FF1FC9
:10922C0093898968130A8002EFB01FC063CCA40233
:10923C0097A7FF1F9387874F9C4389C70355C4018A
:10924C00EF10A074630509002285EF608079130686
:10925C00400E81452285EF808FFCFD57231EF400C4
:10926C006F808FFA3385440383A7C90A3E95035751
:10927C0005008357C4016315F700CA85EFF01FE89A
:10928C0085045DB7EF820FF583C795004111AA895C
:10929C0093F7F707A384F5003285AE84EFC01F86E1
:1092AC0085676370F5042A89EF302000014411C9E9
:1092BC0083D704003144638627018545EFF09FF284
:1092CC0001444E85A2864A86A685EFD0EFBFA167E2
:1092DC009387170448003EC42302810002C6EFD0D6
:1092EC008FB141016F804FF2EF82CFEE97A7FF1F36
:1092FC009387073B80431DCC0145EFA0204D814750
:10930C000148C1641CDC232E04032320040417A988
:10931C00FF1F1309695901449309400EFD14EFB066
:10932C00BFAF634BA40081451705000013050599D9
:10933C00EFB0CFBC6F804FED330534038327090B9F
:10934C003E958357C501638597008545EFF09FE9EE
:10935C000504F1B79357050113D78700A380F500D7
:10936C0093170501C183A1832380E5002381F500B8
:10937C00A381A5008280EF828FE72300050083C7BD
:10938C001500A300F50083C725002301F50083C752
:10939C003500A301F50083C745002302F50083C700
:1093AC005500A302F50083C7650093059500A30340
:1093BC0005002303F500230405003285EFF09FF927
:1093CC006F802FE5EF820FE14111E9541DC595C562
:1093DC0093F9C5FF2E842A89AA84338AA9006312C3
:1093EC009A020D88854411C8EFC080402AC6228697
:1093FC006C0033053901EF106177268541016F80D0
:10940C00AFE0EFC0E03E93170501C183A183A380B9
:10941C00F400935705012381F400A1832380A40059
:10942C00A381F400910465BF63E0D502EF822FDCC9
:10943C00B28741113686BE8536C6EF102173B2460F
:10944C00410136856F80EFDC8146368582808387CB
:10945C0005001387F5003D05FD8793F777088346D4
:10946C0007007D158606B58FA300F5006307B700CE
:10947C007D17834717009D83DDB78280EF822FD73E
:10948C00B2872A863E85EFD03050133515006F8099
:10949C004FD801CD814799C9EF826FD54146EF1066
:1094AC00E16C85473E856F80CFD681473E858280B3
:1094BC001DC5EF82CFD3414681452A84EF802FD63C
:1094CC004146814513050403EF806FD50147C16701
:1094DC002322040438C87CC805456F808FD301450E
:1094EC008280814729CDA1CDEF826FD0B2842E89A5
:1094FC001306800581452A84EF806FD2CA8524C467
:10950C002685EFF01FF9414681452285EF802FD14A
:10951C003044A2852285EFF07FF693040401A285E6
:10952C002685EFF0DFF2A68513050402EFF03FF27B
:10953C002285EFF0FFF785473E856F808FCD3E8506
:10954C008280EF822FC94111E9541DC595C593F94D
:10955C00C5FF2E842A89AA84338AA9006392440306
:10956C000D88814411C8EFC0A0282AC622866C0041
:10957C0033053901EF10815F268541016F80CFC81B
:10958C00EFC0002793170501C183A183A380F400CA
:10959C00935705012381F400A1832380A400A381A8
:1095AC00F400910465BF71CDEF82CFC2B28401E6A5
:1095BC0005456F806FC52A842E890145FDD93C482D
:1095CC007848B3E6E700F5D69386F7FFB3B7F60015
:1095DC007D17032A4404BA9734C87CC8630F0A0465
:1095EC00C14913050A03B38949412295637B3601AE
:1095FC00B2862E86A685EFF03FE37C40BE9464C015
:10960C0045BFCE862E86CE85EFF01FE2C114D294D4
:10961C004E9923220404A2879306040103C7070072
:10962C0003C607038507318FA38FE7FEE398F6FE89
:10963C003044A2852285EFF07FE42699C149330698
:10964C00994063EA9900ADD4A686A6851305040358
:10965C00EFF09FDD6DB78147B306F4003307F600DA
:10966C000347070083C5060085072D8F2380E6007E
:10967C00E39437FF3044A2852285EFF03FE0C1141C
:10968C007DBF0145828019C9EF826FB61306800534
:10969C008145EF80CFB805456F80AFB7014582801B
:1096AC0081473DC9B5C9EF828FB4FC4141462E8438
:1096BC00AA846393C70413860501A2878146C1451A
:1096CC0003C7070003C507038507298F3305D60099
:1096DC00034505008506298FA38FE7FEE392B6FEAE
:1096EC003044A2852685EFF07FD92285EFF0BFF9B3
:1096FC0085473E856F80EFB1138507031D8E81452D
:10970C002295EF80CFB17C40130700F813060402BA
:10971C00A2972388E70255B73E858280EF822FAD52
:10972C006D712E84B284AA85901028003689EFF0D2
:10973C005FDB19E9D55705A050400C402800EFF02D
:10974C009FE66DD9FD142104E5F82C004A85EFF055
:10975C003FF5814765D13E8551616F808FABEF82BC
:10976C000FA941112EC432C62C000546EFF01FFB89
:10977C0041016F800FAAEF828FA701112A842EC698
:10978C0002C802CA02CC02CEEF10A15EB2462A86F3
:10979C00A2850808EFF0BFFC1375F50F05616F800B
:1097AC004FA7EF82CFA47971B2872A842146230870
:1097BC00B10013051101BE853AC436C6EF10013B4A
:1097CC00B246930591013685EFF0DFB8228514106F
:1097DC0035460C08EFF0BFF82A84224711E52146E4
:1097EC000C103A85EF108138228545616F806FA28D
:1097FC00EF82EF9F7171AE84AA850A853284EFF0F7
:10980C005FC901C90A86A6852285EFF03FC781474B
:10981C0011E1C5473E854D616F80AF9FEF822F9A56
:10982C001D712A8AB289BE843546854713051101FC
:10983C002E8CB68A3A8BC28C468D2308F100EF1021
:10984C00E13210100C085285231F0100EFF05FFA73
:10985C002A842DE9A147631BFD069307900591E02F
:10986C00E5473546E2851305110113990A012308D2
:10987C00F10013590901EF10612F135789009397C9
:10988C008A00D98F90080C085285231FF100EFF045
:10989C003FF62A8405E9A1E09387FA0091831379B6
:1098AC00F9003EC6631309004149668B8144C14BE4
:1098BC00854DB2476397970C6A868C0033855C01A3
:1098CC00EF10C12A228525616F802F939307900496
:1098DC00C9F8A54779B7834701050947C14B230848
:1098EC00F10083471105A58FA308F100938724008D
:1098FC00814463EFFB02014714083386E6008C08B1
:10990C00B386E400BA95DA9683C6060083C50500D3
:10991C000507AD8E2300D600E390E7FE4147639820
:10992C00E70490080C085285EFF09FEC35D535A86C
:10993C00B3069B00BA871008B305F60090083E9654
:10994C0003C506000346060085078506298E23807D
:10995C00C500E39277FF998F90080C085285BE944E
:10996C00EFF01FE98947014749D52A84A1BF900828
:10997C003E96034606001408BE962380C600850753
:10998C0079BFB2478504638B971281471808B306D9
:10999C00F70098083E973386F90003470700034603
:1099AC0006008507318F2380E600E39177FF90084E
:1099BC000C085285EFF0DFE34DF93546E2851305CF
:1099CC0011012308B101EF10611A139704014183AF
:1099DC00939784002183D98F10180C085285231F6C
:1099EC00F100EFF0FFE051F1814710183387F900D7
:1099FC003E960347070003460600B306FB008507A7
:109A0C00318F2380E600E39277FF75A01808B30628
:109A1C00F70098083E973386F90003470700034682
:109A2C0006008507318F2380E600E3E127FFCA8714
:109A3C006398770990080C085285EFF07FDB15F5D9
:109A4C0081479800B306F700900818103E973E9691
:109A5C0003470700034606008507318F2380E60085
:109A6C00E39177FF3546E285130511012308B10117
:109A7C00EF10C10F13970401418393978400218346
:109A8C00D98F10180C085285231FF100EFF05FD608
:109A9C00E31D05EC814710183387F9003E96034708
:109AAC00070003460600B306FB008507318F2380B1
:109ABC00E600E3E227FFC109410BE5BB8147B5B7DF
:109ACC009408BE9683C6060018083E972300D7005C
:109ADC008507B9BF638E062CEF727FEE59712A840D
:109AEC00BE89B28B85473546130511022E8B468CE9
:109AFC004289BA8A368A2300F102EF102107101826
:109B0C000C10228523170102EFF09FCE631E051067
:109B1C00A1476319FC069307900563930900E54779
:109B2C003546DA851305110293140A012300F1025C
:109B3C00C180EF10A10393178A0013D78400D98F2B
:109B4C0090080C1022852317F102EFF07FCA69ED03
:109B5C00639009049307FA00BD88918391E0C14496
:109B6C00C207C183DE8C814A3EC6414DB24763EACF
:109B7C00FA0C6286B3854B018810EF00D17C4DC581
:109B8C003D555DA093079004E39C09F8A54749BF98
:109B9C00834701050947C14C2300F1028347110596
:109BAC00B3C7F900A300F10293872900814963EF41
:109BBC00FC02814618103306D7008C083387D90075
:109BCC00B69556970347070083C5050085062D8F6C
:109BDC002300E600E390D7FE4147639AE704900820
:109BEC000C102285EFF0DFC035D53DA8B3863A01C5
:109BFC00BA871010B305F60090083E9603C5060010
:109C0C000346060085078506298E2380C500E3924E
:109C1C0097FF3387EC4090080C102285BA99EFF02F
:109C2C003FBD8947014741D565616F701FDD9008C5
:109C3C003E96034606001410BE962380C600850788
:109C4C0069BFB247850A93990A01939D8A0093D9FB
:109C5C0009016399570D85473546DA8513051102BD
:109C6C002300F10293D98900EF005170B3ED3D014F
:109C7C0090000C1022852317B103EFF07FB74DF540
:109C8C008147A68963E6970626860C084A85EF006D
:109C9C00F16D81471810B306F700100898083E972D
:109CAC003E9603470700034606008507318F238045
:109CBC00E600E3E197FE639DA90590080C10228550
:109CCC00EFF01FB335F181479810B306F7009008F9
:109CDC0018183E973E960347070003460600850773
:109CEC00318F2380E600E391A7FF4109C10CBDBD74
:109CFC0018089000B306F7003E963387FC00034724
:109D0C000700034606008507318F2380E60095BFC8
:109D1C0098084E97034707001C10CE972380E70046
:109D2C00850951BF85473546DA8513051102230095
:109D3C00F10293D98900EF007163B3ED3D019000FE
:109D4C000C1022852317B103EFF09FAAE31E05EC3C
:109D5C00814718089000B306F7003E963387FC0045
:109D6C0003470700034606008507318F2380E60072
:109D7C00E391A7FF41460C084A85EF00315F81470C
:109D8C001810B306F700100898083E973E96034744
:109D9C000700034606008507318F2380E600E39118
:109DAC00A7FF90080C102285EFF09FA41DDDADBD20
:109DBC007D558280EF72BFC301112A842E859305D5
:109DCC005100328902C002C202C402C6930474005C
:109DDC00EFF04FD81D46A68513059100EF001159E1
:109DEC0010088A854A85EFF0BFA019ED930714007F
:109DFC00180883C607000346070085070507B18EC0
:109E0C00A38FD7FEE397F4FE05616F709FC0EF72CE
:109E1C007FBC2E848C414111AA898387150032891D
:109E2C00914463D30700A14497A7FF1F938787DE54
:109E3C009C43B1C3B5CE8D472310F10083C72500D9
:109E4C004A852301F10083C73500A301F10083C7C4
:109E5C0045002302F10083C75500A302F10083C71C
:109E6C00650093059100A30301002303F100230473
:109E7C000100EFF02FCE0C404A860A85EFF0AFCFF1
:109E8C000328040083564400A6881D088147014717
:109E9C00E51642868A854E85EFF05F982A8909E59A
:109EAC00A6852285EFB05FB54A8541016F70DFB59D
:109EBC004A860A85EFF02FCC7DBFEF72BFB12E849E
:109ECC008C414111AA89838715003289914463D34F
:109EDC000700A14497A7FF1F9387C7D39C43B1C327
:109EEC00A5CE8D472310F10083C725004A85230199
:109EFC00F10083C73500A301F10083C7450023029D
:109F0C00F10083C75500A302F10083C765009305D8
:109F1C009100A30301002303F10023040100EFF0DF
:109F2C006FC30C404A860A85EFF0EFC48356440099
:109F3C00032804008A85858EC2061D08C18223125F
:109F4C00D400A68881470147E51642864E85EFF07E
:109F5C007FB841016F705FAB4A860A85EFF0AFC1E5
:109F6C00C9B7EF72DFA8B335B000011185052A8996
:109F7C001315F601336515012308B1009305110182
:109F8C0036843AC632C03EC442C2EFF0AFBCA247E0
:109F9C001248425593D68700230BF100930591018B
:109FAC0093578800A30AD100A30BF100230C0101E5
:109FBC00EFF04FBA3247024603280400B337E000F3
:109FCC00835644009207914411C2A1444A85A68845
:109FDC0042860C08EFF09F842A8909E5A685228524
:109FEC00EFB09FA14A8505616F70BFA2EF729F9E73
:109FFC0001113EC68647B335B0008505AA891315F5
:10A00C00F6015D8D2308B1009305110136843A8960
:10A01C00B28442C446C2EFF0EFB3224892481645D0
:10A02C0093578800A30AF1009305910193D78800F8
:10A03C00230B0101A30BF100230C1101EFF08FB1E5
:10A04C003247104083564400B337E0009207032890
:10A05C000900914891C0A1480C084E85EFF09FA7CC
:10A06C00AA8411E5835544004A85EFB0FF982685F4
:10A07C0005616F707F99AA959307F00F1737010050
:10A08C00130787A06317B50013C5F7FF1375F50FFA
:10A09C00828005058346F5FFB58FBA9783C7070005
:10A0AC00D5B70357450014419307F00F173601003D
:10A0BC001306869D3697420741831395060141810D
:10A0CC00631BE500AD8FB29703C50700130515F3AD
:10A0DC00133515008280850603C5F6FFA98FB2974C
:10A0EC0083C70700D9BFEF729F90B28736842E8644
:10A0FC00BA86AA853E85BA84EFF06FE6634B0500FD
:10A10C002285EF0011472A86A686A2852685EFF0C8
:10A11C000FE56F701F90EF72FF8B5D712A8BAE8A0B
:10A12C00173501001305C5932C00B284368ABA8901
:10A13C003E89EFF04FE42A8459E534104146DA8524
:10A14C002800EFF0CFE12A843DED8547A303F10011
:10A15C00A6C2930771002408BEC4A68685470D4687
:10A16C002C18281002DC02DED6C0BEC6EFF00FDBC6
:10A17C002A8431E983477102A6860D4693F7F707C7
:10A18C002300FA00C1473EDE2C188947281026DC34
:10A19C00A303F100EFF08FD82A8415E54146A6857C
:10A1AC004E85EF00B11C8D47A6860D462C18281045
:10A1BC00A303F100EFF08FD62A8411E54146A68562
:10A1CC004A85EF00B11A228561616F70FF83EF72CF
:10A1DC001F8297270100938767DF984383C7470047
:10A1EC0079712A89AE84173501001305E5870C08AF
:10A1FC003AC42306F100EFF00FD82A8415E51410A9
:10A20C004146CA850808EFF08FD52A8411ED140851
:10A21C0015462C000810EFF08FD42A8411E5214646
:10A22C002C082685EF009114228545616F706FFE16
:10A23C00EF72EFFB97270100938747D99C47797101
:10A24C00AA842E8417350100130585820C083EC69E
:10A25C00EFF06FD20DE514104146A6850808EFF01B
:10A26C000FD011ED140811466C000810EFF02FCF31
:10A27C0019E58347F10193F7F7032300F4004561D7
:10A28C006F702FF9EF72AFF63688A14881470147FE
:10A29C00E546EFF0AFD86F70CFF7EF724FF5368819
:10A2AC00A14881470147E546EFF0DF826F706FF6FA
:10A2BC00EF72EFF301112A842E850C0832C6EFF0F1
:10A2CC008FCB19E93247972601009386E678100860
:10A2DC00C1452285EFF03FE105616F708FF3EF729E
:10A2EC000FF14111C1472EC032C48A8509463EC2C6
:10A2FC003EC6EFF0AFC241016F70AFF1EF722FEFBE
:10A30C004111AE8613061009AA850A8502C002C245
:10A31C0002C402C6EFF0AFC441016F708FEFEF7251
:10A32C000FED328797260100938606752E869305CE
:10A33C000002EFF05FDB6F70CFEDEF724FEB7971D6
:10A34C00C1472ACC2ED032D42C080D4628003ECE44
:10A35C003ED23ED602C402C602C802CAEFF00FBCFF
:10A36C0045616F700FEBEF728FE80111AA842E8498
:10A37C00172501001305C5708A85EFF0CFBF05E5E1
:10A38C0014084146A6850A85EFF06FBD09ED834799
:10A39C00E1010347F101A207D98FCA07C98361778D
:10A3AC00D98F2310F40005616F70AFE605C9EF7209
:10A3BC000FE49797FF1F9387673390439795FF1F81
:10A3CC00938505331795FF1F1305452EEFA0707E5F
:10A3DC001795FF1F1305852D6F70AFE31795FF1FA2
:10A3EC001305C52C82809DC5EF726FE09797FF1FF8
:10A3FC009387C72F944301112E840A869795FF1FCC
:10A40C009385052FEFA0707F0A85029401450561A5
:10A41C006F702FE07D558280EF726FDDEFB06009B9
:10A42C009797FF1F23A4A72C17F5FFFF1305C5F95A
:10A43C00EF90B0356F70EFDD1797FF1F1307472DA7
:10A44C009317150008433E95FD572310F5008280A5
:10A45C00EF72EFD92A84084019E16F708FDB1C4131
:10A46C0058401CC06313E5005CC083475500232093
:10A47C000500F99BA302F500EFB04FFCE9BFEF72AA
:10A48C006FD59797FF1F9387A72A98432A8411CBE0
:10A49C008347350093F7070289C7035505008945A3
:10A4AC00029713054401EF9050098355040003559E
:10A4BC00E400EF205013485809C5EFB02FF8232AB9
:10A4CC00040213058403EFF0BFF88144B149EFA0F7
:10A4DC00FF9F63C5A402834734002320040493F731
:10A4EC0027FCA301F4000048EFA05F9F1316150092
:10A4FC0081452285EF70AFD26F700FD1B3873403D3
:10A50C000329040385043E994A85EFF07FF4230464
:10A51C00090075BF8347350093F7070299E301459E
:10A52C0082808357E500E39CB7FEC167FD17631675
:10A53C00F600054582800545B9A0EF724FCB931705
:10A54C000601C187B2842A8401496359F0028357FA
:10A55C0005008DCB01456367F600034584003E95ED
:10A56C003325A6001375F50F39A81C4813171900CD
:10A57C00BA9783D70700E38097FC0509EFA01F96D5
:10A58C00E345A9FE01456F70CFC8EF72AFC4AE8929
:10A59C00AA84EFA07F8A2A84EFD01FADAA86014738
:10A5AC001306840197050000938545E91795FF1F55
:10A5BC0013054516EFA0CFDA2A8921CD8C4413045C
:10A5CC00C50022859E0593F50508EFB06FC7CC40FA
:10A5DC0083877400E18163D1070493E50508228524
:10A5EC00EFB00FC60D46938544002285EFB06FC3C4
:10A5FC0083D504002285EFB04FC883D52400228573
:10A60C00EFB0AFC703D6490083A509002285EFB090
:10A61C004FC14A856F704FBF93F5F507C9B7EF72FD
:10A62C000FBD01112A84328532C6EFB0CFB6EF9040
:10A63C003F9C835704001797FF1F1307E7263246EA
:10A64C00231BF100930700F8A30DF1001C471843DE
:10A65C00231AA1008983858BB307F740B28548087C
:10A66C003ECE231C0100230D0100EFF01FF205610B
:10A67C006F702FBAEF720FB60041014529CC9304CD
:10A68C00C40026853289AE89EFB0EFB495452A8A8D
:10A69C002685035B0401EFB08FB12685EFB08FC820
:10A6AC008D45AA8A2685EFB08FB02685EFB08FC76F
:10A6BC005C48420A135A0A01D2975CC423186401FD
:10A6CC00814763983A0146054D81330625419337FE
:10A6DC00160013F5F70F6F702FB3EF72CFAE8969B9
:10A6EC002A8BAE8B328AB68A81440144314CFD19D7
:10A6FC00EFA0CFFD63C9A400EFA05F80018D33B53F
:10A70C00AA006F70CFAF3389840383270B003E9967
:10A71C0063170A008347890085043E94D1BF035612
:10A72C000A00DE854A8533F6C900EFF0BFF47DD10F
:10A73C000545C1BFEF72AFAB01112A847C000355F4
:10A74C00E5003ECAB70707003ECC7C003ECEEF10BA
:10A75C00D0352A8985454808EFB04FC4994548083B
:10A76C00EFB08FA9AA844A85EF1050362380A4003D
:10A77C009797FF1F938747139C434166130606F078
:10A78C009396870113D78701558F93D68700F18E47
:10A79C00558FA207B706FF00F58FD98F11462C00F5
:10A7AC00138514003EC4EF00613C5008A3820400E2
:10A7BC0089452285EFF0BFE609C9AA8513058403F4
:10A7CC00EFB04FBE3C4085073CC005616F706FA475
:10A7DC00EF72EFA1EFA08FF22A840504EFA00FF126
:10A7EC003305A402F14791453305F502EF10C07310
:10A7FC0001E565556F70EFA19797FF1F23A2A7F294
:10A80C00EFA0CFEF2A840504EFA04FEE3305A4028E
:10A81C0089450605EF10407169DD9797FF1F23A945
:10A82C00A7EEEFA0AFED2A840504EFA02FEC3304C4
:10A83C00A4029797FF1F239F87ECEFA02FEC2A848D
:10A84C00EFA0CFEA930714003385A7029797FF1F59
:10A85C002393A7EC97270100938747E61797FF1FD1
:10A86C00232EF7EA014579B7EF72CF96AA842E8989
:10A87C0001449799FF1F93892903130A8006EFA0BF
:10A88C00EFE66345A40001456F700F983305440350
:10A89C0083A709024A86A6853E95EFF0BFC719E14A
:10A8AC000504F1BF0545CDB7EF72EF91AA8A2E8B47
:10A8BC00B28B368C3A8A814401448149979CFF1FA4
:10A8CC00938C8CFE130D8006EFA04FE263C7A4009F
:10A8DC0011E085494E856F708F923389A40383A74D
:10A8EC000C025E86D6853E994A85EFF0BFC219CD23
:10A8FC00EFA0CFE00544636B4501D2866286DA8512
:10A90C0013050903EFF07FDD11C1854985046DBF87
:10A91C00EF724F8CC16441112A8901449799FF1F32
:10A92C00938989F8130A8006FD1436C632C42EC2E8
:10A93C00EFA0CFDB92452246B2466346A400014508
:10A94C0041016F706F8C3305440383A709023E9558
:10A95C0009C683473500C18B9DC791C68347350017
:10A96C0093F707028DC3630699008357E500639C38
:10A97C0027010357050001CB63E7E50083478500FA
:10A98C00BA97E3CFF5FA05044DB7EF72AF84C16403
:10A99C002A8901449799FF1F938909F1130A8006AC
:10A9AC00FD14EFA0AFD46344A4006F70EF853305A2
:10A9BC00440383A709023E958357E50063889700FB
:10A9CC006304990063942701EFF07FAB0504D1BFBA
:10A9DC00EF62FFFE89692A8AAE8A328BB68B81447C
:10A9EC00179CFF1F130C4CEC930C8006314DFD197A
:10A9FC00EFA0CFCF63C4A4006F702F803389940372
:10AA0C0083270C028355CA015A863E994A85EFF07A
:10AA1C007FB005CD814D05A03384AD038327090399
:10AA2C0003D60B00D68533F6C9003E942285EFF091
:10AA3C007FC419E5850DEFA06FC9E3CFADFC31A044
:10AA4C002285EFF0FFA023040400850455B7EF62C4
:10AA5C009FF74169AA8A014A179BFF1F130BCBE48E
:10AA6C007D19C14B054CEFA06FC86344AA006F6001
:10AA7C001FF993098006B3073A0383290B02BE9989
:10AA8C0083D7E900638C270163842A0163985701FB
:10AA9C0003A4890311E44E85EFF0DFC9050AE1B781
:10AAAC0083570401639977079304C4002685EFA0AC
:10AABC009FF285452A8D2685835C0401EFA03FEF2C
:10AACC002685EFB04F8262056185635F05028D4577
:10AADC002685EFA0DFED89452685EFA05FED894542
:10AAEC002685EFA0DFEC85452685EFA09FED8347FB
:10AAFC000500094793F7F7076398E7009945268502
:10AB0C00EFA03FECA30285014848337D2D012318AB
:10AB1C0094016A9548C40040B5BFEF625FEDEFD079
:10AB2C0030779797FF1F83C727C51775FF1F13052E
:10AB3C002503A300F500EFD0202681461306F00F65
:10AB4C0081450145EFD0E0646F60BFEC1797FF1FA4
:10AB5C00130787B218439795FF1F83C5E5C19797D5
:10AB6C00FF1F9387E7BF83468703034697036397CB
:10AB7C00D5009797FF1F2381C7C0828083C58701AB
:10AB8C000347A7036317B6009797FF1F2386E7BEFB
:10AB9C00828003C687016317C7009797FF1F238D19
:10ABAC00D7BC828083C68701130750026319D70074
:10ABBC00930760021797FF1F2300F7BC828083C6A0
:10ABCC008701130660026315D60093077002DDB788
:10ABDC0083C7870155BF9797FF1F938767B8D44BDF
:10ABEC000947638EE606EF629FE09794FF1F9384FC
:10ABFC0064B43E8483C70400918B95CBEFD050692D
:10AC0C001795FF1F130585B3EFD0001981461796D2
:10AC1C00FF1F0346A6B481450145EFD0805715CDE3
:10AC2C0083C70400ED9B1797FF1F2305F7B08347DD
:10AC3C00040093F7F70F95C391471797FF1F232B2A
:10AC4C00F7B2EFF09FEDEFF07FF04146914517958D
:10AC5C00FF1F034565B1EFA0704D6F609FDB8280D5
:10AC6C00EF62FFD88D474111630FF502C5476304AE
:10AC7C00F5028547631EF5009797FF1F2380A7B049
:10AC8C00930500101795FF1F034505AEEFA09040EC
:10AC9C0041016F601FD885471797FF1F2300F7AE40
:10ACAC0093050020C5B79797FF1F938767ABD44BCD
:10ACBC0011476387E600EFD0B05D93050004D9B768
:10ACCC0085441797FF1F232797AA83C7070032C60F
:10ACDC002E8493F7F70FCDDF7D141374F40FEFD0A0
:10ACEC00305BE3FC84FCB245994703C61500E3F6E0
:10ACFC00C7FC09061795FF1F130585A89760FF1F52
:10AD0C00E780A0EB930500081795FF1F0345C5A529
:10AD1C00EFA050385DB7EF629FCD1797FF1F130759
:10AD2C0027A44047184B1C409796FF1F23A0F6A45E
:10AD3C006316E4001797FF1F232CF7A2130584FE5C
:10AD4C00EF907FFB035564FFEF90FFCEEFA01FEF5A
:10AD5C006F603FCCEF62BFC99797FF1F938747A0E7
:10AD6C00D84BDC4799C3EFF01FFB85471797FF1FA4
:10AD7C002322F7A09797FF1F938707909C43930577
:10AD8C0000021795FF1F0345259E83C7870317975E
:10AD9C00FF1F2303F79EEFA0F02F6F609FC79797BD
:10ADAC00FF1F23A1A79C8280EF627FC4A14517954A
:10ADBC00FF1F0345659BEFA0104EA1451795FF1F84
:10ADCC000345859A9794FF1F93848499EFA03031A3
:10ADDC00DC4489E7EFF03FE06F60BFC303D567FF4A
:10ADEC00EF907FC52A847DD5D84891476310F70230
:10ADFC0091451795FF1F03452597EFA0D049914525
:10AE0C001795FF1F03454596EFA0702D8947032921
:10AE1C004401035404011797FF1F232DF794EFD01F
:10AE2C00304783C78401210442041775FF1F1305A3
:10AE3C0025D31777FF1FA305F7D26119EFC0D07583
:10AE4C004180814609469375F40F4A859797FF1FF9
:10AE5C0023860792EFD0400E11E99797FF1F83C707
:10AE6C0027A289C79760FF1FE78000982146A1455C
:10AE7C001795FF1F0345458FEFA0502BB1BFEF6215
:10AE8C001FB793F7052001112E8481CBEFF09FECB7
:10AE9C001345042005616F60DFB793F70510B9C740
:10AEAC009794FF1F9384C48BDC48EFF03FCA17873D
:10AEBC00FF1F1307677C184383C78401034787036D
:10AECC006316F700DC4499C3EFF0FFE48547930564
:10AEDC0000021795FF1F034525891797FF1F232B8A
:10AEEC00F788EFA0301B134504106DB793F70508D6
:10AEFC00ADC79797FF1F83C7B788E9171946979572
:10AF0C00FF1F938505881305D10093F4F70F17994C
:10AF1C00FF1F0349E986EFF0704593970401C18345
:10AF2C001797FF1F13074786231DF100231CF10001
:10AF3C009797FF1F9387C7823ACE3ACAD843230606
:10AF4C00010009CBDC439315890154080D46E185BA
:10AF5C00680082971345040835BF93F72500A1CFED
:10AF6C009787FF1F9387C77FD84B89476304F702E6
:10AF7C009787FF1F83C7077C13F7270001EF918B7F
:10AF8C0089CF1306000A89451785FF1F0345C57D28
:10AF9C00EFA0D01913452400F5BD9787FF1F9387A9
:10AFAC00A76D9C4383C787031787FF1F2306F77C76
:10AFBC00EFF09FDFC5B793F7050291C7EFF0DFDE27
:10AFCC0013450402C1BD93F7850091C7EFF09FD8DC
:10AFDC0013458400C1B593F7150091C7EFF0BFBFBF
:10AFEC001345140045BD93F7450091C7EFF0BFBE64
:10AFFC001345440045B593F7050485C39787FF1F98
:10B00C0083C7077681CBEFF05FB191471787FF1F9E
:10B01C002322F77613450404B5BD93F705010145CA
:10B02C00E38A07E69787FF1F93878773D84B91476F
:10B03C00631BF7029787FF1F9387C76F9C4313D738
:10B04C0027008583D98F858B99E3EFD070249145A8
:10B05C001785FF1F03454571EFA0F0238547178720
:10B06C00FF1F2329F770134504012DB5EF623F989C
:10B07C009787FF1F23AC076E9787FF1F23AA076EC6
:10B08C0085471784FF1F1304245F1787FF1F232393
:10B09C00F76E1C4083C787031787FF1F230EF76CBF
:10B0AC00EF901FEB21C19777FF1F23AFA7AA1C407E
:10B0BC00170500001305E5DC83C787031787FF1FFF
:10B0CC00230CF76A1777FF1FA30CF7A89787FF1FAE
:10B0DC00A3880768EFA0B0509787FF1F2386A76847
:10B0EC006F603F93B7C7898E938767ED1777FF1F04
:10B0FC00232CF7A66DBFEF629F8F1787FF1F0347A7
:10B10C002766795441E39787FF1F9387676503C7C9
:10B11C00170005079786FF1FA384E66403C7170073
:10B12C008D463377D7029786FF1FA38BE66283C6C3
:10B13C0017001787FF1F13072754184393F6F60FB2
:10B14C00A9E6834787031787FF1F2307F762854705
:10B15C001787FF1F2306F7609787FF1F9387875D6D
:10B16C009C430144998B99EFC1451785FF1F0345FB
:10B17C00A55FEFA0C07685451785FF1F0345C55E0B
:10B18C00EFA0407122856F60DF8883C7170085466A
:10B19C006395F600834797037DB78347A70365B78D
:10B1AC009787FF1F83C7C75BB1C7EF625F84854575
:10B1BC001785FF1F0345455B9787FF1F2382075A9F
:10B1CC00EFA0E07191451785FF1F0345E559EFA0EE
:10B1DC00900C91451785FF1F03450559EFA0207072
:10B1EC00C1451785FF1F03452558EFA0A06A0145EF
:10B1FC006F603F8279558280EF626FFF2A8403551E
:10B20C0065FFEF905F839787FF1F93876755D8473C
:10B21C00BE840DEBEFA0DFA19C48232004009DE72A
:10B22C009787FF1F23A687549787FF1F23A0875458
:10B23C0089451785FF1F03452553EFA0A0650145E0
:10B24C006F602FFD630A87001843E1B780C39787AF
:10B25C00FF1F23AF8750E9BF7955DDB7EF622FF998
:10B26C009787FF1F938707628843232605002324B3
:10B27C0005005105EF80702C6F60AFF9EF622FF76E
:10B28C001784FF1F130404601C40411189CF9C4795
:10B29C002302B5002AC61CC1EFF05FFC1C409C4B7E
:10B2AC0099C33245829741016F60AFF6EF622FF47C
:10B2BC004111444D328532842EC6EFA0DF822AC460
:10B2CC002285EFA0BF8303A84400630C0800B2459D
:10B2DC00835744001840224683D54500AA8626850C
:10B2EC00029841016F60EFF2EF626FF0404D1DC4A8
:10B2FC0008C0970500009385E50213054401EF8013
:10B30C0070169787FF1F9387E7579C43014589E782
:10B31C009787FF1F23A887566F60AFEF7D55EDBF52
:10B32C00EF62EFEC011168009305F00F02C602C842
:10B33C0002CA02CC02CEEFF07FF405616F606FEDB4
:10B34C009787FF1F938707549C43D847A1679D0796
:10B35C006311F702EF62AFE901113285EFA0AFF88C
:10B36C00230AA10081456800EFF05FF105616F6071
:10B37C004FEA82809787FF1F9387C7509C43D8471B
:10B38C00A167938777036311F702EF624FE6011110
:10B39C003285EFA04FF5230AA10081456800EFF03C
:10B3AC00FFED05616F60EFE682809787FF1F938743
:10B3BC00674D9C43D8479547631CF702EF622FE318
:10B3CC00011132853284EFA00FF2230AA1002285ED
:10B3DC00EFA0CFF283574400231BA10081453ECC44
:10B3EC001C4068003ECEEFF07FE905616F606FE2B4
:10B3FC008280930785FF89CF8327C5FF91CBDC4BD8
:10B40C0081CBEF62CFDE032585FF82976F606FE003
:10B41C008280EF62CFDD2A843285EFA0CFECBD476E
:10B42C0063EBA70018449377F5000345B7004199E7
:10B43C005D8DA305A7006F60CFDDEF624FDB0111BF
:10B44C007C003ECAB70707003ECC7C003ECE5C4D6C
:10B45C008DCF2A8413858700AE84EF805002A165BE
:10B46C002A899D054808EF801FD09305803EB3457F
:10B47C00B902480893F5F50FEFA08FDC0147814620
:10B48C005008A6852285EF805FEE05616F606FD84E
:10B49C00EF62EFD5EFF07FFA6F60AFD7EF622FD589
:10B4AC0001117C00AE843ECAA165B70707002A844F
:10B4BC003ECC48087C00938575033ECEEF80BFCA16
:10B4CC001C44480883C5B700BD89EFA06FD750084E
:10B4DC0001478146A6852285EF803FE905616F60B3
:10B4EC004FD3EF62CFD02A84AE84EFF09FF2A685C3
:10B4FC002285EFF0BFFA6F60CFD1EF624FCFEFF044
:10B50C00FFF96F600FD1EF628FCE0329C501411196
:10B51C00630409022A843285B284EFA0CFDC2AC6E8
:10B52C002685EFA0AFDD832749002A8691C7DC472B
:10B53C0081C7B2452285829741016F608FCDEF6242
:10B54C000FCB444D81CC2A843285EFA02FDBDC401D
:10B55C00AA8589C79C4799C3228582976F606FCB58
:10B56C00EF624FC7032AC501411163030A062E89F6
:10B57C00AA84954532853284EF80FFBE85452285AD
:10B58C00EFA08FC7AA89CA852285EFA0AFCC8327ED
:10B59C004A009DC7DC438DC72285EFA06FC483276B
:10B5AC004A00104083564400DC437115A307A100E8
:10B5BC00B2961307F1004E86CA852685829701C57F
:10B5CC002380090031A08345F1002285EFA0CFC272
:10B5DC0041016F606FC3EF628FC165711C083EC281
:10B5EC00B70780013EC41C0832893EC62A84AE844B
:10B5FC00EFF07FF14A85EFA06FD08357A10089CF80
:10B60C00AA8550002285EFF0BFF501478146500016
:10B61C00A6852285EF807FD559616F608FBFEF6261
:10B62C006FBB65711C088329C5013EC2B707800139
:10B63C003EC41C082A84AE8432893EC6EFF03FF02B
:10B64C00638409024A85EFA06FCB8357A100AA85BA
:10B65C0081CF50002285EFF0BFF0014781465000AA
:10B66C00A6852285EF807FD059616F60EFB9EF62BC
:10B67C000FB865711C083EC2B70780013EC42A840E
:10B68C001C0832853EC6AE84EFA04FC78357A1007D
:10B69C0089CFAA8550002285EFF09FEC01478146A7
:10B6AC005000A6852285EF805FCC59616F606FB624
:10B6BC00EF62EFB3444D91E88347450093B7170011
:10B6CC00B307F0403E856F60CFB41845FD577DDB66
:10B6DC0097070000938707032A845CCB970500002B
:10B6EC00938565D113858400EF80C05780C00347D4
:10B6FC004400814761FB1787FF1F23279718D9B791
:10B70C00EF624FAD8329C5014111032985008147A3
:10B71C00638B09080324090191452A8A2285EF804D
:10B72C009FA485452285EFA02FAD8945AA8A228545
:10B73C00EFA08FACAA84EF80BFA883A749002A8B07
:10B74C009DC79C438DC72285EFA08FA983A7490075
:10B75C00A306A1001040835644009C431307D1005C
:10B76C00B296D6851306E1005285829709CD835790
:10B77C000B002380F400A183A380F40023800A0033
:10B78C00A306010029A88357E10022852380F40039
:10B79C008345D100A183A380F400EFA0EFA58347DC
:10B7AC00D100B337F0000347B900920701453D9B28
:10B7BC00D98FA305F90041016F600FA5EF622FA38C
:10B7CC0041111DE99787FF1F9387070C804305C81C
:10B7DC000440130984009DC55C4099C79C4B89C7E4
:10B7EC0026852EC68297B2459307803EB385F50217
:10B7FC004A85EF80005321A0404DAA8479F841017D
:10B80C006F602FA14A85EF8040535C40EDDBDC4B31
:10B81C00FDD726858297E5B7EF626F9D2A84328526
:10B82C00EFA06FACAA852285EFF05FF96F606F9E79
:10B83C00EF62EF9B2A84AE84EFF01FFEA685228573
:10B84C00EFF0BFBF6F60EF9C08413355B500058921
:10B85C008280EF62CF991784FF1F1304E4041C5CF1
:10B86C000111231701008D83858BA303F10083271E
:10B87C00040B231801002319010003D7C7013ECA8A
:10B88C003C002314E1007D572315E1000357C4024B
:10B89C003ECC02CE2316E100EF808FF58357E101F9
:10B8AC00231EA10093F707E093E71710231FF10065
:10B8BC009787FF1F83C7E70185C305470145638A47
:10B8CC00E7008347840393E727001787FF1F2309AB
:10B8DC00F70005616F60EF9381471717010013079D
:10B8EC00E73985461306710085454808EF70204BF3
:10B8FC006DF183478403F59B1787FF1F2302F7FE27
:10B90C0085471787FF1F2306F7FCE1B7EF622F8BE4
:10B91C00978DFF1F938D4DF903A6CD0639712A899A
:10B92C0081478144930600023357F600058B01C70B
:10B93C00850493F4F40F8507E398D7FE83A70D0BCA
:10B94C00231701022318010203D7C7013EDA3C106A
:10B95C002314E1027D572315E10203D7CD023EDC0F
:10B96C00231901022316E10202DEEF806FE88357F0
:10B97C00E103231EA102014593F707E093E717109B
:10B98C00231FF1029787FF1F83C7A7F4A9EF97879F
:10B99C00FF1F83C7F7F43EC69789FF1F9389C9F031
:10B9AC000144014D9D4A054B954B178CFF1F130C01
:10B9BC00ECF6978CFF1F938CECF503DAC905630941
:10B9CC000A00EA85631459036685EFF0FFE71DC191
:10B9DC00050DA1478909E312FDFE2DE09787FF1F96
:10B9EC0023AC07F2014521616F602F816285EFF076
:10B9FC00BFE579DD3247B3878400E3F0E7FE9C00B6
:10BA0C001306140006043E9413178A0093578A00F9
:10BA1C00D98FC207C183A30EF4FCA183230FF4FCBE
:10BA2C0003A70D07B317AB01D98F1787FF1F23256A
:10BA3C00F7EE63047601328461BF15449787FF1FCC
:10BA4C0083C707E9138717009786FF1F2382E6E851
:10BA5C0093161400230EF100171701001307072289
:10BA6C00814785067008CA854818EF704033E34754
:10BA7C0005F68347C10105451787FF1FA30AF7E4A5
:10BA8C009787FF1F238727E5B9BFEF52BFF401113A
:10BA9C00AA892E84EFD0AFA62A899784FF1F93849E
:10BAAC00A4E06399090A9C5C414793F707036393ED
:10BABC00E70A1787FF1F034717E2894763ECE7087C
:10BACC0083A7040B231701002318010003D7C70118
:10BADC003ECA3C002314E1007D572315E10003D737
:10BAEC00C4023ECC231901002316E10002CEEF80E4
:10BAFC002FD0231EA100EFC02FD78357C101230FD6
:10BB0C00A100914613D78700A207D98F2312F10009
:10BB1C009787FF1F83D7E7DC13D78700A207D98F3E
:10BB2C002313F100171701001307C71481475000A6
:10BB3C0095454808EF70A02605889317240003C488
:10BB4C0084036D985D8C9787FF1F238B87D80561C5
:10BB5C006F509FEBEF7090761785FF1F1305C5D8BC
:10BB6C00EF80A01D83A7040B9785FF1F83D585D677
:10BB7C0003D5C701EF1020279787FF1F83C747D630
:10BB8C0093F60702014789E61787FF1F035787D4EF
:10BB9C009786FF1F2398E6D41787FF1F130787CFBD
:10BBAC00184309CBC18B99C789451785FF1F0355CE
:10BBBC0065D202979787FF1F23AE07D09787FF1F89
:10BBCC00238907D09787FF1F23A607D49787FF1FCA
:10BBDC0023A407D49787FF1F23A207D483D78403FA
:10BBEC0093F7270C93E717001787FF1F231AF7CE3D
:10BBFC0083572903A18B99C3EF70203F11C49787FA
:10BC0C00FF1F23A507CCA1B78D471787FF1F232F35
:10BC1C00F7CAEF908FB19305803EB305B502178537
:10BC2C00FF1F130565CCEF80C00F15B79787FF1F5B
:10BC3C00938787C7D85325C791C99787FF1F238A36
:10BC4C0007C89787FF1F23A907CC8280EF523FDAE2
:10BC5C0083C7F70241112EC685071787FF1FA30C58
:10BC6C00F7C69787FF1F2390A7C89D471787FF1F0D
:10BC7C00232EF7C4EF906FAA2A84EF900FAAB24537
:10BC8C0001E5EF908FA9AA85B305B4401785FF1F76
:10BC9C00130585C5EF80E00841016F509FD7828066
:10BCAC009787FF1F938747C0D85331C7EF523FD4B4
:10BCBC0003C7F70205079786FF1FA38EE6C011CDB9
:10BCCC008C5F0D470145898185899786FF1F23AFBE
:10BCDC00E6BEEFF09FDB6F50DFD385479305C04482
:10BCEC001785FF1F130545C01787FF1F2320F7BEBD
:10BCFC00EF802003CDB78280EF527FCF1787FF1FD5
:10BD0C00034727BD8547631EF7009787FF1F93875F
:10BD1C00A7B983C7870393C787001787FF1F230122
:10BD2C00F7BC1785FF1F130525BCEF800001EF80C2
:10BD3C00DFFB99471787FF1F232AF7B89787FF1F49
:10BD4C00A38B07B89787FF1F238507B8EF900F9C2D
:10BD5C00930740063305F5029787FF1F23AEA7B65E
:10BD6C006F503FCB9787FF1F83C787B7C18B99C78E
:10BD7C00EF52FFC7EFF0FFAD6F50BFC9695582801E
:10BD8C009787FF1F938747B2DC5381CBEF523FC697
:10BD9C008545EFF09FCF6F50DFC782801787FF1F5D
:10BDAC00130787B001468146BA852148631E0601F8
:10BDBC009DCA2390A60083C7850393E717001787B6
:10BDCC00FF1F230FF7B005A08357C705631DF502AE
:10BDDC00F8598547B397C70093C7F7FFF98F1787B3
:10BDEC00FF1F232DF7B29C5D9183858B85C79787A9
:10BDFC00FF1F83C707AE99EFEF527FBF1D45EFF0D2
:10BE0C00FFB06F501FC181E699E39306C705050685
:10BE1C00090769BF8280EF521FBB8605AA84B3094C
:10BE2C00B500978AFF1F938AEAAE054B978BFF1FCD
:10BE3C00938B8BAE214C639434039787FF1F9387AE
:10BE4C00A7A69C5F9183858B89CB9787FF1F83C7A0
:10BE5C0047A881E72145EFF07FAB6F505FBA03DA5B
:10BE6C000400630B0A041789FF1F1309E9A301449B
:10BE7C00CA8C8357C905639D4703A2855685EFF08D
:10BE8C00BF9C11E5A2855E85EFF01F9C05C903A739
:10BE9C004C07B3178B00D98F1787FF1F2320F7A8E8
:10BEAC0083C78C0393E717001787FF1F230AF7A29A
:10BEBC0005040909E31F84FB8904B5BF231E09048B
:10BECC00C5BF1787FF1F0347C7A08547631AF70035
:10BEDC00EF52FFB1EFF05FE2EFF0BF976F507FB31F
:10BEEC008280814785451306000293861700B3971D
:10BEFC00F500E98F13F7F60F89E7B687E397C6FECF
:10BF0C0001473A858280FD4785457D56B396F500FD
:10BF1C0013871700E98E1377F70F89E6FD17E39760
:10BF2C00C7FE01473A85828089E901473A858280BC
:10BF3C0001473A8541016F50DFADEF525FAB4111C4
:10BF4C002AC62E852EC4EFF0DFF9A2457D15854754
:10BF5C00B397A700E39EF5FC32469377360099C35E
:10BF6C00719A11069787FF1F9387C79394433E8757
:10BF7C001788FF1F1308489289EA83270800910746
:10BF8C00F19B9786FF1F23AFF6900325880018437B
:10BF9C00B307A700B3F7B702B387F540FD15FD8DC6
:10BFAC0083274800AA95B306B600E3F3F6F8E371CD
:10BFBC00D5F82E979787FF1F23A4D78E3DDB3A85A4
:10BFCC008145EF50DFA52A87ADB718419787FF1F32
:10BFDC009387878C23A4070098C35841D8C39787AD
:10BFEC00FF1F23A1078C8280EF52DF9EAA8401449D
:10BFFC001789FF1F1309498B9309400EEF80DFE16E
:10C00C006345A40001456F503FA0330534038327DB
:10C01C00090B3E958357C501E38797FE0504F9BFCD
:10C02C00EF527F9A9789FF1F938909883E84BA84BF
:10C03C008347060003A7090041119D83058B3D8FA3
:10C04C0083C74401AE8A2A89F99BD98F238AF400CD
:10C05C001C44B685231204001CC02285328A36C6C5
:10C06C00EF909F99B246D2853686EFE03030DC48AF
:10C07C0083A509000840858B56869D8DEFD09FD3F4
:10C08C0061E918407D558347570003476700A207B5
:10C09C00D98FC207C1872394F4006358F00A83C771
:10C0AC00440193F70703B5CBD0489377160003A64A
:10C0BC0009001D8E9787FF1F9387C7B59C43ADEB77
:10C0CC00814641A003A70B0093172A00BA9718408A
:10C0DC009443834757008345670033F65601A20704
:10C0EC00CD8F6311F60283473700034647000347A1
:10C0FC002700A207D18F4207D98FBD82B3F7670102
:10C10C00638AF604050AEF803FD0420593170A01B3
:10C11C004181C183E3E8A7FA41BFA16A370B020052
:10C12C00014A978BFF1F938BEB85FD1A7D1BE1BF9B
:10C13C0083C7440113070003854693F70703E39174
:10C14C00E7F8A2854A85EFD05FD741016F503F8B4E
:10C15C006155E5BF7955D5BFEF52DF879774FF1F47
:10C16C009384C45C9C40D9EF9777FF1F93874772E9
:10C17C009C436399070CEF803FCB930780023305F8
:10C18C00F5028945EFF05FDA41C99777FF1F23A3CA
:10C19C00A77CEF807FC89307400E3305F5029145CD
:10C1AC00EFF09FD835C99777FF1F23A7A77AEF80A9
:10C1BC00BFBE01CDEF805FBE91450E05EFF0DFD61F
:10C1CC0021CD9777FF1F23ABA778EF807FD711CDB9
:10C1DC00EF801FD7D9473305F5028945EFF0DFD43F
:10C1EC0005CD9777FF1F23A5A776EF80FFC191455B
:10C1FC000A05EFF07FD30DC19777FF1F23A4A77813
:10C20C00014521A8EF809FCE930780063305F502E8
:10C21C009145EFF07FD101E565556F50EFFE9777B3
:10C22C00FF1F23A3A76A0144130A80061779FF1F77
:10C23C0013098967B14AEF807FCB6364A4029C40E9
:10C24C00E38407F2EF809FCA9307A0043305F5023D
:10C25C008945EFF07FCD69D19777FF1F23A8A7728F
:10C26C0019BFEF80BFC789450605EFF0FFCB4DD551
:10C27C00B3094403032709024E9708CBEF801FC56F
:10C28C00330555039145EFF03FCA59D58327090271
:10C29C0005041374F40FCE9788DB71BF9777FF1FDB
:10C2AC0093878760884705898280C167FD1763196A
:10C2BC00F5009777FF1F9387275F03A5070B8280F5
:10C2CC00EF52EFF2EFF05FD26F50AFF4814709C538
:10C2DC008347E501B337F0001777FF1F1307C75CDF
:10C2EC0018470983058B19C393E727003E85828085
:10C2FC00EF52EFEF2A84EFF07FFD8347E401AA852C
:10C30C001305940899E3130504039776FF1F93868E
:10C31C00A6599442130615021307840213059504BB
:10C32C00EFD02FC86F50EFEEEF52CFEA9774FF1F8C
:10C33C009384845798442A892E840983058B9C40C6
:10C34C0019C76314F5006380050E014401A2E3FED6
:10C35C00A7FE1387A702E36AA7FE850763FCA7085D
:10C36C0083A9440BEF805FA31316350081454E85DE
:10C37C00EF50EFEA9777FF1F23A827539777FF1FFC
:10C38C0023A6075249CC9C4493E747001777FF1F1D
:10C39C002320F7529777FF1F23840758630F040C51
:10C3AC009777FF1F23A2275101440549EF80DF9E99
:10C3BC006341A40AEF805FA193050006B3C5A502F3
:10C3CC00B7F73600938707E81775FF1F13058555D8
:10C3DC00416901449309400E7D19B385F502EF7054
:10C3EC005014EF807FA3634FA4080145EF30806F9A
:10C3FC000544A9A86398A7029DE583A9440BEF8087
:10C40C00BF991316350081454E85EF504FE1977754
:10C41C00FF1F23AB27499777FF1F23A907489C448D
:10C42C00ED9BADB785C51777FF1F0347674F930784
:10C43C00F005E3FCE7F021F8EF60303C6DD19C4453
:10C44C0093E707021777FF1F2324F74622856F50C7
:10C45C00AFDB83A7440B131534003E9583570500BF
:10C46C0081CB8347250099C721468145EF502FDBAF
:10C47C0005042DBF23012501E5BF9777FF1F23A7D7
:10C48C0007420DBF3305340383A7040B3E95835736
:10C49C00C50163842701EFF0BFE5050499B7EF529E
:10C4AC000FD5EF807F92130400063345A4029774D6
:10C4BC00FF1F9384643F83C784073E951375F50F64
:10C4CC009777FF1F238EA7449307F00563E7A70216
:10C4DC000545EF302061EF803F8F3345A402B7F55F
:10C4EC003600938505E8B305B5021775FF1F1305D4
:10C4FC006543EF7010036F50CFD19C440545898381
:10C50C00858B81CBEF908F9288408145EFF0DFE1F6
:10C51C00DDB7EF30205DC5B7EF52CFCB13049508D4
:10C52C002A8913069005A28513050503EFE0006424
:10C53C001306900581452285EF506FCE4A85EF306A
:10C54C0000548144177AFF1F130A0A36930A80029B
:10C55C00EF809F8D63C4A4006F500FCB33845403C2
:10C56C008327CA0A3E94035704008357C9016317F3
:10C57C00F702834744009DC3930964014546CE8569
:10C58C0013055400EFE0805E454681454E85EF5023
:10C59C000FC9228523020400EF30405685044DBF9D
:10C5AC00EF52EFC49777FF1F938747189C432A8459
:10C5BC0091C70DC50355C501EFE06FC99777FF1FF4
:10C5CC00938747659C4389CBEFB09FDA854763150A
:10C5DC00F5002285EF50005D6F50AFC341657D15AE
:10C5EC00E1BFEF52CFC01774FF1F1304E42B44407C
:10C5FC00938714001777FF1F232AF72AEF30A05DCB
:10C60C001C448983858B9DE75840B7E7B00093871E
:10C61C00075063F1E7020145EFF01F9D01CD054581
:10C62C00EF90CF80084085450505EFF0FFCF014521
:10C63C00EFF01FF726856F50CFBDEF52AFB9A16455
:10C64C002A8901449779FF1F9389C933FD14338AD2
:10C65C00A500EF806FFB6344A4006F50EFBA03A7F3
:10C66C00090093172400BA979843658F42074183BA
:10C67C00634C2701635A470123800700A3800700FE
:10C68C0023810700A38107000504E1B7EF522FB304
:10C69C0083594500C547411163F537310441C1E564
:10C6AC0033853401834785FF034795FF0348B5FF66
:10C6BC00A207D98F0347A5FFC207220733670701DB
:10C6CC00D98F0347C5FF0348D5FF220733670701FE
:10C6DC000348E5FF0345F5FF420722083365A80030
:10C6EC00498FB98F1777FF1F130787271778FF1FFD
:10C6FC00130808293A85832807006384172B110730
:10C70C00E31B07FF1777FF1F13078727184313181F
:10C71C00270042951CC10507A1473367F70297779D
:10C72C00FF1F23AFE72493F7350013974700834788
:10C73C004601C16B368993F7F7FCD98F32842E8A68
:10C74C00230AF600814A177CFF1F130CEC15FD1B06
:10C75C00977CFF1F938C8CFD177DFF1F130D0D23F2
:10C76C00EF808FEB63C7AA00E154268541016F501F
:10C77C00CFA81308400EB3870A0303280C0BB30D84
:10C78C00F800638E0D2083D7CD01638A772183A7B0
:10C79C000C00014B639707169777FF1F9387470F82
:10C7AC009C436390071683C7040003C70D0493F7DB
:10C7BC00F707631BF71ACA872287CE8626869385CE
:10C7CC009D0613851D04EFF0BF85631F051883D7E5
:10C7DC00CD01032709002320B4012312F400FD57D7
:10C7EC002313F4008347170093F6F7078347D4000D
:10C7FC0093F707F8D58FA306F40093F7F707B33731
:10C80C00F000B307F0402307F400834717009D8323
:10C81C009396370083474401DD9BD58F230AF400A0
:10C82C008347370083464700A207D58F83462700EE
:10C83C00C206D58F1CC88347770003478700A20721
:10C84C00D98F2315F4000D476304EA00BD5491DF22
:10C85C0093870710C207C1831307B00FBD54E3764B
:10C86C00F7F0EF806FD58144E31105F09776FF1F49
:10C87C0083C68611938716001777FF1F2306F710C0
:10C88C001777FF1F13070710231BD400939726005D
:10C89C00144303578400E175BE96A1671386F7FF16
:10C8AC00B377C70098426D8FD98F9CC21848F18F0F
:10C8BC003E07D98F9CC2EF802FD59777FF1F83C778
:10C8CC00A70C33F5A7029777FF1F238FA70A71BD1B
:10C8DC009307A004B308FB0283270D00BE9803D76F
:10C8EC00080083D7CD01631DF70083C7040003C77D
:10C8FC00880093F7F707630BF70083C7FD019DEBE7
:10C90C00050BEF80AFDEE345ABFC71BD9385980161
:10C91C0013859800CA872287CE86268646C6EFF0F6
:10C92C002FF0B24879F98347440193E74700230A73
:10C93C00F40071BD83C7040003C7980293F7F7078F
:10C94C00E310F7FCCA872287CE8626869385A80338
:10C95C001385A802EFF0CFEC45F58347440193E72C
:10C96C002700230AF400C1B783C7FD018DCB83C711
:10C97C00040003C79D0993F7F7076312F702CA87F0
:10C98C002287CE86268693852D0C1385AD09EFF074
:10C99C002FE911E58347440193E7270049BF850A36
:10C9AC00C1B3FD54D9B3EF520F8279718354450052
:10C9BC00AA8B2E84B28AEF802FC859056346950442
:10C9CC00EF808FC7590542054181EF8010382A89C5
:10C9DC0005CD2AC623180100EF800FC6590523196F
:10C9EC00A1006146814528089779FF1F9389C9EBFF
:10C9FC004ACAEF50CF822302810203A48900058822
:10CA0C0019E44A85EF80502F45616F405FFF740039
:10CA1C003008D6855E85EFF07FC765F56800EF803E
:10CA2C009FFB177AFF1F130AEA1E83270A00AA84AA
:10CA3C00035B010189CB89476397FA008355010297
:10CA4C005E85EF50C02F03552102EF700FDB19E507
:10CA5C0003552102EF704FE73334A0008347C10226
:10CA6C001A042C0893F7F7FB5D8C680023068102EF
:10CA7C00EF607056E9576314F5028356E10297771D
:10CA8C00FF1F938727F09C43139726006176BA9774
:10CA9C009843718F98C39777FF1F2387D7EE83171F
:10CAAC0021026345F00085476396FA00B25793F76D
:10CABC00070CA1FBD247C2040347C102C180BE943C
:10CACC0026C62318610113770703C147631CF700BF
:10CADC0083475102054793F7F707E384E7F2EFB07A
:10CAEC00AFD835A892570544A18393F7F707E37A9B
:10CAFC00F4F0630507108347C1021307000293F794
:10CB0C0007036397E700EFB0BF868547E31BF5EE9D
:10CB1C008347C10293F70703F9F3EFB0AFE4AA859B
:10CB2C0001460545EF80EF862A84E30C05EC83472C
:10CB3C00C102414793F707036384E70232478347F7
:10CB4C00170093F707F8A300F70032479257834674
:10CB5C001700A18393F7F707FD17D58FA300F700F4
:10CB6C0003560101B245130BC4005A85EF807FEBCD
:10CB7C00E24A130690058347C10283C4EA01918BF4
:10CB8C00B384C40213851404569595C35444B387D7
:10CB9C009A0083C7070403C70600137707F823809E
:10CBAC00E600584483460700D58F2300F700B257A0
:10CBBC0003A609008146858B1D8EDA85EFD02FA543
:10CBCC0015E9B25783A50900484413869406858B52
:10CBDC0056969D8DEFD00F9E11ED83270A0085EBA5
:10CBEC00B257054791838D8B6380E706A1CB09472C
:10CBFC006382E7062285EF906F8421B5EFB00FD4E6
:10CC0C00E30B85EEEFB0CFF6E31D85DEEDB5EFB0AF
:10CC1C002FF685476309F5008347C102414793F717
:10CC2C000703E39FE7FA835521025A85EF40907C76
:10CC3C0045D983172102E355F0FA6DBFEFB00FD041
:10CC4C007D15133515005DD5014681452285EF70A4
:10CC5C001FFD4DB7EFB0CFF1E5B7EF425FD9977439
:10CC6C00FF1F9384E4C52685EF801FF62A8419E103
:10CC7C006F403FDA1305C40005468145EFF0BFD283
:10CC8C002285EF80BFFBC5B7EF427FD64111AE8442
:10CC9C002A8493079503130715019306F1000546A3
:10CCAC006C00268523060100EFD0EFC61DEDA6858E
:10CCBC0041462285EFD0906B8347F1009305140217
:10CCCC0026852308F400EFD08FD005E19777FF1F5E
:10CCDC00938747F49C4389EF13069404970501004E
:10CCEC00938545FA2685EFD0AFDC41016F407FD2AA
:10CCFC001306940297050100938545F92685EFD01C
:10CD0C002FDB79D9DDB7EF42FFCC9777FF1F9387E5
:10CD1C0067C78043AE84B289368AAA8AEF80CF8EE9
:10CD2C001316250081452285EF407FCF9777FF1F93
:10CD3C00238C07C49777FF1F938707B703A4070BB0
:10CD4C0013F714003E89230FE400CE8525C7130585
:10CD5C009408EFF07FF301C555556F40FFCA894722
:10CD6C00A30FF4009777FF1F9387C7EA9C43032711
:10CD7C008900858093B7170086072300F402231ED1
:10CD8C0054019777FF1F23A147B385889377B7FF8B
:10CD9C0099C0936747001777FF1F232BF7B02285A5
:10CDAC00930700061777FF1F230CF7B6EFF04FD44D
:10CDBC00014565B713050403EFF01FED45D569BFB9
:10CDCC00EF42FFC2FD572310F5002311050023127B
:10CDDC000500231305001306200481452105EF40AF
:10CDEC001FC46F401FC3EF42FFBE4111AA84014410
:10CDFC001779FF1F130989B99309A0042EC6EF8078
:10CE0C00EF8EB2456344A40061550DA03305340385
:10CE1C00832709003E9583572500639CB7008357F1
:10CE2C00050063989700EFF0BFF9014541016F4091
:10CE3C00BFBD0504E1B7EF42FFB99777FF1F93879A
:10CE4C0027A59C434111AA842E84B289035925003D
:10CE5C00C1C39777FF1F83D7E7A7639B2707EF70A3
:10CE6C002F992A8903D5240093051002B305B40227
:10CE7C0085472302F10093578900A302F1009357D1
:10CE8C008500A303F10083D744002304A1002546A9
:10CE9C0013D787002305F10083D76400A304E100B6
:10CEAC004E8513D78700A305E1002306F1001387F5
:10CEBC00950093879501A105B386B400A6974C0005
:10CECC00269723032101EFD00FA541016F40DFB35B
:10CEDC00EF700F9251BFEF42FFAF4111AA84014492
:10CEEC001779FF1F130989AA9309A0043AC636C4FF
:10CEFC0032C22EC0EF709FFF82451246A2463247C7
:10CF0C006344A400615599A0B307340303250900B9
:10CF1C00AA9703D8070003D5C4016310A80495E9A8
:10CF2C001DEE91CA03C6E401930510023306B60246
:10CF3C0025063E9690C2014511CB83C6E40113062B
:10CF4C001002B386C602E506B6971CC341016F40BA
:10CF5C00BFAB03D52700E305B5FC050441BF83C572
:10CF6C00E40113051002B385A502BE9583C58500A7
:10CF7C002300B6007DB7EF42FFA55C4141112A8426
:10CF8C0003DA2700C167FD17AE843289630CFA00FF
:10CF9C002685EF80FFA48D4763EDA7007D554101E9
:10CFAC006F409FA62E85EF80BFA39D47E3E2A7FEAF
:10CFBC00F5B75C40268583D54700EF801F9B8355D2
:10CFCC0084002685EF807F9A8D452685EF80BF985B
:10CFDC00AA89EFF00FE1935705012380F9009357CD
:10CFEC008500A380F9002381A9005840C167FD1773
:10CFFC008345A7006314FA0093E505082685EF80A6
:10D00C009F999777FF1F9387A7889C430840D9CF98
:10D01C008347B400858BD9CB78003400130671009C
:10D02C008145EFF05FEB1DC98347B40018409306B0
:10D03C009005F99BA305F4008347E701B387D7025A
:10D04C00B306F70083C60604A303D1009386170426
:10D05C0093879706BA96BA9736C43EC61774FF1FC5
:10D06C00130484841C440C4026858983858B9D8DF8
:10D07C00834771009E05DD8D93F5F50FEF80BF9111
:10D08C001C44104022458983858BCA861D8EA6853B
:10D09C00EFC0FFD7E31505F01C440C4032468983E2
:10D0AC008840858B9D8DEFC0FFD0D5BD8347B400E4
:10D0BC0013079005F99BA305F4008347E501B3879B
:10D0CC00E7023307F50003470704A303E1001387C6
:10D0DC001704938797062A973E953AC42AC6BDBF74
:10D0EC00EF425F8F032A45009307F00FAA84034792
:10D0FC00AA00AE89328436896316F700EFB0EFB51B
:10D10C002305AA00938AC9000146D6852685EFF02F
:10D11C009FE62A8A21E51777FF1F1307A7AF18434D
:10D12C00DC4039C383C6A7000547638FE60283D56D
:10D13C0047005685EF40102C05C9DC40839747000B
:10D14C006354F00201CC1C4089C74A8681450145D5
:10D15C0082975C4081C7CA85014582974E85EF80D6
:10D16C00FFAD52856F405F8ADC4003D54700EF600E
:10D17C00DFE801E9DC4003D54700EF60FFF48147AD
:10D18C001DCD19C41C4089C74A868145014582972B
:10D19C004E85EF80FFA9AA851765FF1F1305457201
:10D1AC00EF805FA011C45C4081C7CA85014582979E
:10D1BC001765FF1F13050570EF6050358547D84084
:10D1CC0085460346A700E30BD6F8031747006353C5
:10D1DC00E000C9F74A86A2854E85EF705FA4BDBFFB
:10D1EC00EF424FFFAA8401441769FF1F1309097A04
:10D1FC009309A004130A9508EF705FCF6344A40051
:10D20C00014535A033053403832709003E95835728
:10D21C00250099E30504CDB70357050083D7C40156
:10D22C00E31AF7FE52868545EFF0FFC065D56F40D7
:10D23C00AFFDEF422FFAAA8401441769FF1F1309AF
:10D24C00E9749309A004EF707FCA6344A4006F4093
:10D25C00AFFB33053403832709003E958357250024
:10D26C0081CF8357050063999700930595021306A8
:10D27C0010022105EFD0900F0504F1B7EF422FF704
:10D28C000347E5012A848347F5016307B70089E763
:10D29C0081452E856F40EFF7230FB400054781C9F8
:10D2AC00E398E7FE8947A30FF4008545DDB7638B50
:10D2BC00E7020947E39FE7FC2285EFF0EFA59767AC
:10D2CC00FF1F9387E75C9C4399E79767FF1F938742
:10D2DC00E7459C4389C70355C401EFF09FF5A30FA5
:10D2EC000400E1B755D6C9BFEF42CFEEEFA07FF9EE
:10D2FC0085476312F508EF80EFD71774FF1F1304EF
:10D30C0064911C4081CBEFB0AF8689476304F50074
:10D31C001C4082979767FF1F938787579C43B9CF11
:10D32C0082979767FF1F938767409C4391C38297AF
:10D33C001764FF1F130444578327040B83D4C701BE
:10D34C00EF601FCB8327040BAA85144003C6E701AB
:10D35C001C448983858B99C31366260026854169F5
:10D36C00EF40C03D8144D9497D19EF707FBD63CA40
:10D37C00A4006F406FE9EF800FD541B7EF707F9538
:10D38C004DB7B38734030327840ABA9703D5270014
:10D39C006308250103C6470183D50700EF40A03B76
:10D3AC008504E1B7EF420FE301449764FF1F9384B8
:10D3BC00A44F1309400EFD59EF701FA6634FA40430
:10D3CC0001449764FF1F9384244E13098002FD5976
:10D3DC00EF709FA5634CA40401449764FF1F9384D2
:10D3EC00A44C5949FD59EF70BFB5634AA40497F595
:10D3FC00FFFF9385050B1765FF1F1305A552EF6003
:10D40C00700697050000938585851765FF1F13052A
:10D41C00654AEF60F0036F402FDF3307240383A7C7
:10D42C00040B0504BA97239E370179B733072403FD
:10D43C0083A7C40A0504BA972390370151BF330759
:10D44C00240383A7840A0504BA972391370161BF8B
:10D45C00D4410387350085473356F5026377E600E0
:10D46C00A54899E7238006008280B387E702EDB7D1
:10D47C003358F502038735003375F502B3D7E7024D
:10D48C001307000363DA080103C6050013077003D2
:10D49C00118A19E21307700585064297A38FE6FEE1
:10D4AC00C9B718451C416376F7005C41BA972380D5
:10D4BC00B7001C4585071CC58280EF424FD3411134
:10D4CC00AA872E85B285368636C6829763480500B4
:10D4DC00B246158D3335A0003305A04041016F4095
:10D4EC004FD3EF422FCF056941112A8A2320060022
:10D4FC0001448149976AFF1F938ACA4B056B7D19BA
:10D50C0032C62EC4EF705F92AA84EF70FF902695FE
:10D51C00A24532466346A4004E8541016F40CFCEF2
:10D52C0003A70A0093171400BA9703D707003377A1
:10D53C00670101E71CC20504E1B703D70700935646
:10D54C00D700858AE39946FF33772701E315B7FEA9
:10D55C00BE89D5B7EF42AFC901112EC6B284368948
:10D56C00EFB0AFF82A84615501C8B24589E9232E82
:10D57C00040023200402014505616F408FC9A146B8
:10D58C003008CA852685EFF05FF37DF5835781015E
:10D59C000357A101231EF4008357C1012310E40299
:10D5AC002311F4028357E101D207D1832312F40231
:10D5BC008357E1011397370163560700FD57231F6B
:10D5CC00F4005DBF231F040045BFEF42AFC01764DA
:10D5DC00FF1F1304642D8327040B03D7C701C167F6
:10D5EC00FD17630EF7109767FF1F9387E7629C4345
:10D5FC0081C70545EF406077C1690149930A400E28
:10D60C00FD19176BFF1F130BEB60EF70FF80634B63
:10D61C00A90E1767FF1F0347A7309307F00563E4B4
:10D62C00E702EF706FFA93050006B3C5A502B7F7D2
:10D63C003600938707E81765FF1F1305A52EB385E2
:10D64C00F502EF60006E814517050000130585207B
:10D65C00EF70CF8AEFB06FE901CD0357C50109CB4D
:10D66C000357E50111C78347050299C3EF60006AB0
:10D67C00EFB0EFE831C51767FF1F034727379767F0
:10D68C00FF1F9387A7360DCF03C717002304E500B0
:10D69C0003C72700A304E50003C737002305E500F3
:10D6AC0003C74700A305E50003C757002306E500A1
:10D6BC0003C7670083C77700A306E5002307F500BF
:10D6CC001C4493E717001767FF1F2323F71E5C40CA
:10D6DC0085E7EF70AFFC0DC1EF704FFC44402A8919
:10D6EC00EF70CFFB33F5A4025C40FD17CA97898F0E
:10D6FC001767FF1F232CF71A0145EF709FAC0145EC
:10D70C006F408FB0B30459038327040BBE9483D7A7
:10D71C00C40163883703138A0403D2855285EFF062
:10D72C00AFD605E183C7F40199CF938594082E8574
:10D73C00EFF08FD509C91306900581455285EF404E
:10D74C000FAE0509D9B583270B00268593B71700B3
:10D75C0086072380F402EFE0BFB9E5B7854763F88D
:10D76C00A7009307F5FFBE953305A040E98D2E85E4
:10D77C0082809841C167BA9713D707016304A70049
:10D78C009CC182804207998FE5BFEF424FA64111A1
:10D79C002EC63284B684EFB08FD6E15701C9B2459C
:10D7AC0091E99767FF1F2383072481473E85410139
:10D7BC006F402FA69D461766FF1F13063623A685BE
:10D7CC002285EFF09FCFAA8775F105479766FF1F5B
:10D7DC00238EE620E1BFEF42EF9F411191E997675D
:10D7EC00FF1F23A5070C0144228541016F40CFA1E7
:10D7FC00B68532858D467000EFF03FCC2A846DF5EE
:10D80C008347D1000347E1001769FF1F1309C909BA
:10D81C00A2074207D98F0347C100D98F1767FF1F93
:10D82C002326F708EF708FE761D1EF702FE7832481
:10D83C004900AA89EF708FE633F5A40283274900CB
:10D84C00FD17CE97898F1767FF1F2321F70669BF36
:10D85C00EF42EF991C45AA8491CFD84B01CF83D7C7
:10D86C00470089CBEF60DFA4AA8509C58844610510
:10D87C00EF60204B9767FF1F938787019C43014400
:10D88C0089EF6F400F999C4813171400BA9703D572
:10D89C00070019C1EFE08FD00504EF70EFD4E3441B
:10D8AC00A4FEC5B7EF42AF94011185E9EF605FECC0
:10D8BC0001449767FF1F23A507089767FF1F23A342
:10D8CC0007089767FF1F23A107089767FF1F23AF60
:10D8DC000706228505616F40CF93B6873285C9460E
:10D8EC007000BE85EFF07FBD2A8465F54146930537
:10D8FC00E1001765FF1F1305A504EFD02027035582
:10D90C00C100EF60AFEAF1B78DE19767FF1F23AD60
:10D91C0007F89767FF1F938727F99C470145ED9BF5
:10D92C001767FF1F2326F7F88280EF424F8C4111B7
:10D93C00B685328595463000EFF03FB815EDA2471D
:10D94C001767FF1F2322F7F69767FF1F9387C7F50B
:10D95C009447B24713F7B6FF13F6170019C213E733
:10D96C004600858393F7F7079766FF1F23A2E6F41B
:10D97C001767FF1F2306F7FA41016F408F89EF42AB
:10D98C006F8503841500DC412A89AE8485070387E3
:10D99C00F7FF19C36340800C8387240091C763553C
:10D9AC0080007D14620461849C40370700FF0907E6
:10D9BC00F98F3707001009076392E70A6355800057
:10D9CC0079146204618483C70400858B95E3937991
:10D9DC00F40F4E8A93178A01E187634AF008A287F5
:10D9EC006353040081473384F9407D1462046184DD
:10D9FC008385240081C54A85EFF0BFAA9C40370778
:10DA0C0000FF0907F98F370700100907639AE7062B
:10DA1C00930500034A85EFF0DFA883C70400930544
:10DA2C008005918B99E3930580074A85EFF07FA7DA
:10DA3C0083C70400858B81CB1374F40F9317840177
:10DA4C00E1876347F004C04005048305F4FFA1E9B6
:10DA5C006F309FFB7D14620461840DBF3707000893
:10DA6C000907E392E7F6E35080F67D1499BF93051E
:10DA7C0000024A857D1AEFF0DFA2137AFA0F99BFE4
:10DA8C00370700080907E395E7FA9305000371BF10
:10DA9C00930500034A85EFF0DFA07D1471BF4A8522
:10DAAC00EFF03FA055B7EF329FF4EF70EFB72A8439
:10DABC00EF708FB6229589450605EFE0EFC6E55766
:10DACC0011C59767FF1F23A7A7EE81473E856F30CF
:10DADC005FF4930700026306F5005D1513355500DE
:10DAEC00828005458280EF32FFEE4111AA892A8996
:10DAFC00130419008304F4FF32C62EC42685EFF0FC
:10DB0C005FFDA245324659E19307D0026392F408B7
:10DB1C00830404000548130429009377F6FEC9E733
:10DB2C0093070003639FF40E83070400130780051B
:10DB3C0093F7F7FD6399E706830414004146090443
:10DB4C00B70600806314080093C6F6FFB3FEC60246
:10DB5C008147254F654EFD5F33D3C602138704FD05
:10DB6C006368EF06BA8463D5C408630DF5017D556F
:10DB7C00636AF3006394670063C69E000545B307B0
:10DB8C00F602A69705048304F4FFC9BF22898DB75A
:10DB9C009307B0020148E392F4F8830404002A8846
:10DBAC00130429009DBF01CA8947E31BF6F89307AC
:10DBBC000003E397F4F8830704001307200493F79A
:10DBCC00F7FD639BE70483041400094609048DBF29
:10DBDC0013E704021307F7F9636CEE009388F4FB68
:10DBEC001307700363741E0113077005998CA5BF8E
:10DBFC007D576300E50263040800B307F04091C54C
:10DC0C0019C19309F4FF23A035013E8541016F3002
:10DC1C00BFDFB687FDF5D5BF9304000315F221468F
:10DC2C0005B719FE294629BFEF32DFDA011161541D
:10DC3C000DC53284AE89414681453689EFF0BFEA85
:10DC4C0093140501C180639E09002685EF30102BCB
:10DC5C00014401C58145EF205016228505616F30C6
:10DC6C00BFDA2285CD467000CA85EFF01F852A8465
:10DC7C006DF52685EF30902809E90356C1008345E0
:10DC8C00E1012685EF20500B01C941469305E100C7
:10DC9C001105EFC0B06DD1B75D54C1B7EF329FD352
:10DCAC000111E15401CDB284AE89414681453689DA
:10DCBC00EFF07FE32A846397090081442685056190
:10DCCC006F309FD42685D1467000CA85EFF0EFFEE9
:10DCDC00AA846DF58357C100EDD3EF702F9B4205DD
:10DCEC00931704014181C18363F9A702EFB04FC0C0
:10DCFC004204E14741803304F40241460C082A9463
:10DD0C0013054400EFC090668357E1002311F40023
:10DD1C008357C1002310F40055B7E55445B7EF32D3
:10DD2C007FCB7971E15415C53284AE89414681456A
:10DD3C00B684EFF05FDB1319050113590901639EDB
:10DD4C0009004A85EF401065814401C58145EFB05B
:10DD5C00EFBA268545616F303FCBA685930630021E
:10DD6C0070002285EFF06FF5AA8465F54A85EF40C7
:10DD7C0070622A8411E54A85EFB0CF962A8431C5AA
:10DD8C008357C10023112401930964002310F4006C
:10DD9C008347E1009305F10041462302F4004E85D0
:10DDAC00EFC0D05C1309740141469305F1014A851B
:10DDBC00EFC0D05B930554004E85EFC06FC7930541
:10DDCC0064014A85EFC0CFC669B7DD5459B7EF324D
:10DDDC007FC0797111E5E154268545616F30DFC252
:10DDEC00B284AE89414681453689EFF0DFCF131AF4
:10DDFC000501135A0A015285EFE02FCB2A84639850
:10DE0C00090071D98145EFB0EFBD8144F1B726858A
:10DE1C00930610027000CA85EFF02FEAAA844DFD1C
:10DE2C0031C8B2479305D1004146858B230FF400CE
:10DE3C00B24713050403858393F7F707A30FF40088
:10DE4C00EFC0D05241469305D10113059408EFC0A1
:10DE5C00F05159B73304690383A70A0B3E948357D7
:10DE6C00C401638337030509EF601FFBE344A9FE7C
:10DE7C00DD549DB7C1690149976AFF1F938ACAA2F5
:10DE8C00130B400EFD19CDB7231E440159BF49CDCC
:10DE9C00EF325FB44111B289AE8441468145368A76
:10DEAC00EFF07FC4931A050193DA0A010149176B4D
:10DEBC00FF1F130B6B9FEF603FEE634AA9000145F8
:10DECC00ADCC81441769FF1F1309099E81A88327D4
:10DEDC004B0B131439003E94835704006388570589
:10DEEC000509D1BF8327490B139434003E94835703
:10DEFC00040085E72310540191467000D2854E85AD
:10DF0C00EFF0AFDB1DE9B24713978700E183218364
:10DF1C00858B58C02301F4000DA08504EF60DFE76A
:10DF2C00E3C2A4FC5D5511A861558280F1F4214631
:10DF3C0081452285EF30BFAE014541016F30DFAC2A
:10DF4C001971D2C4130AC10686CEA2CCA6CACAC8FD
:10DF5C00CEC6D6C2B6D6BAD8BEDAC2DCC6DE52C47B
:10DF6C0063810524FD151C102ACC2ECA02CE3EC896
:10DF7C009304B0021549A949830506001304160041
:10DF8C009DE1F2465247E24763FBE620B6972380B9
:10DF9C0007007245F6406644D6444649B649264ABF
:10DFAC00964A09618280930750026386F5004808FF
:10DFBC00EFF02FCFF5A88357C100230701000145CF
:10DFCC0093F7C70F2316F10081450148014701461D
:10DFDC0081469308D00213030003130E300205048C
:10DFEC008307F4FF99C7638C970463C3F404638BB2
:10DFFC00C70501CA0346C100858A799AD18E2306CA
:10E00C00D100630908008346C100098BF59A558F2E
:10E01C002306E10019C12307B100138707FD13770D
:10E02C00F70FA54663E2E6068146A545294535A0CE
:10E03C00E38717FBE39F67FA0546FD564DB7054589
:10E04C00854571BF05487D5759BFB386A6020504A7
:10E05C008307F4FFBA96E206E18613F7F70F13066F
:10E06C0007FD1376F60F63E5C500138707FDF1BFB7
:10E07C001306F7F91376F60F636EC902138797FA36
:10E08C00E30537FDA306D100130790066385E7046B
:10E09C00634BF706130780056384E70A6345F702B1
:10E0AC00E38107EE1307500293055002E381E7F07A
:10E0BC002286D9B51307F7FB1377F70FE364E9FC56
:10E0CC00138797FC75BF130730066386E70A13079F
:10E0DC004006E39FE7FC03250A00A947A307F100CC
:10E0EC00930A4A00635805009307D0023305A040F9
:10E0FC002307F1006C00EFF0AFB56C004808EFF0AF
:10E10C001F88568A75B713073007638EE70663417D
:10E11C00F7021307F006638EE70413070007E39971
:10E12C00E7F80347C100136727002306E10009A89D
:10E13C0013075007638BE70213078007E39AE7F690
:10E14C00938787FA414793B71700A307E10013970A
:10E15C0027008347C100ED9BD98F2306F100930A5A
:10E16C004A006C0003250A0079B7A947A307F10000
:10E17C00FDB7A147E5BF83050A004808930A4A008A
:10E18C00EFF02FB2BDBF83270A006C0048083EC8D1
:10E19C00EFF0EFFE1C10930A4A003EC89DB7BA97E9
:10E1AC00FDB30145C5BBEF329F842A883685834673
:10E1BC004800BA8703475800A206D98E328717F653
:10E1CC0000001306E6AE89E517F60000130606AF4D
:10E1DC00BE85EFF0FFD66F30DF839767FF1F938705
:10E1EC0067809C4381CFEF329F80D843B2862E86C6
:10E1FC001847AA853E8502976F30BF816155828092
:10E20C00EF32EFFE8357050039712A84231EF1008B
:10E21C00834745009305650041461305F101230F23
:10E22C00F100EFC0B0149305740141461305F102DF
:10E23C00EFC0D0138356240017F60000130646B027
:10E24C00E5450A85EFF0DFCF6C08130630020A852E
:10E25C00EFF0BFF821616F30CFFBEF324FF939711E
:10E26C002A849305050341461305D101EFC0101014
:10E27C009305940841461305D102EFC0300F834734
:10E28C00E4010347F4018356C401858B0607D98F3B
:10E29C0017F60000130686ABE5450A85230EF10040
:10E2AC00EFF01FCA6C08130610020A85EFF0FFF29C
:10E2BC0021616F300FF6EF32EFF137040001B70434
:10E2CC0000FF0111814A1759FF1F1309E95D7D14E5
:10E2DC009389F4FF17FA0000130ACAABEF60DFABA7
:10E2EC0063C5AA0005616F302FF28327490B139782
:10E2FC003A003E978347370095CF5C43A301070054
:10E30C005286B3F687008247E5454800E58FD58FE6
:10E31C003EC083462700B3F73701858AE206D58FC6
:10E32C00835607003EC0EFF0BFC111468A854800F6
:10E33C00EFF0BFEA850A5DB7EF326FEB014681451E
:10E34C00EFF0BFE96F30EFEC83576500638E071A6F
:10E35C001D71A2CCA6CACAC886CECEC6D2C4D6C29D
:10E36C00DAC05EDE801013F717003289AA8431CB35
:10E37C00F99B2313F500EF603FA606053D05419977
:10E38C000A8BC16A3301A1408A8B8149014AFD1A6B
:10E39C00EF609FA4634CAA0C7947930604FB17F615
:10E3AC0000001306269ECA852685EFF0DFDF638FFB
:10E3BC00090C13961900DE85130504FBEFF0FFE141
:10E3CC005A8183D7640013F7270021CBF59B239345
:10E3DC00F400EF607FA106053D0541998A8A33015F
:10E3EC00A1400A8B8149014AEF601FA06345AA0A2C
:10E3FC006547930604FB17F6000013062699CA8599
:10E40C002685EFF05FDA6387090A13961900DA851F
:10E41C00130504FBEFF07FDC568183D7640013F700
:10E42C00470005CBED9B2393F4006547930604FB53
:10E43C0017F600001306C695CA852685EFF0BFD6E1
:10E44C009C4481C703D747003DEB130504FBEFF059
:10E45C00BFEE130104FAF6406644D6444649B64969
:10E46C00264A964A064BF25B25618280DC441317E0
:10E47C001A00BA9703D7070063085701939719003E
:10E48C00DE972390E7008509050A19B7130504FBED
:10E49C00EFF09FEA35B79C4813171A00BA9703D7C9
:10E4AC00070019C793971900DA972390E70085099D
:10E4BC00050A1DBF130504FBEFF01FE8B1BF2314C1
:10E4CC00E4FA03D767008326C4FA21465207518326
:10E4DC002315E4FA370700F0758F9447930584FAF7
:10E4EC00130504FB92069182558F2326E4FA83C709
:10E4FC00770013F707018347F4FABD9BD98FA30765
:10E50C00F4FAEFF09FCDB1B78280EF32CFCB175436
:10E51C00FF1F130464390444797193F7F4FB175704
:10E52C00FF1F2327F73893F70404A1C78588A1E0C0
:10E53C0097F9000093890986EF601F8663DBA402BC
:10E54C008327440B139934003E998356090091CECE
:10E55C004E86E5454808EFF0BF9E4808EFF0DFDD3A
:10E56C00214681454A85EF308FCB8504F1B7EFF01A
:10E57C009FD41C4413F7F7F79756FF1F23AAE632D4
:10E58C0093F707086397071E1C4413F7F7EF97568A
:10E59C00FF1F23AFE63013F707106318071E18444C
:10E5AC009377F7DF9756FF1F23A4F6309376072057
:10E5BC0095C6058B630A072018408983858B3ACA58
:10E5CC000347840715464C080607D98F17E500004A
:10E5DC0013050579230CF100EFF03FC01C4413F731
:10E5EC00F7BF9756FF1F23A5E62C93F707408DC363
:10E5FC00835744000D464C08231AF10083576400DE
:10E60C0017E5000013050576230BF100EFF0FFBCB6
:10E61C001844FD749387F47FF98F9756FF1F23A935
:10E62C00F6289317470163DF0700EFA00FEC19C919
:10E63C008356C5016391061A17E50000130505738F
:10E64C00EFF09FCF1C447D777D177D8F9756FF1F72
:10E65C0023A0E62613973701635A0702858B63883C
:10E66C00071CEFA0CFE91DC118458347E5001D46E7
:10E67C003ACA0357C5004C0817E500001305856F0F
:10E68C00231CE100230DF100EFF03FB51844F9779E
:10E69C00FD17F98F9756FF1F23ACF6209317270110
:10E6AC0063D90700814517050000130525CAEF60E3
:10E6BC00EF841844E177FD17F98F9756FF1F23A9B4
:10E6CC00F61E9317070163D30702EFA07FA22A84DB
:10E6DC00814417E900001309696AEF602FFB9397D7
:10E6EC0004014205C183418163EAA71445616F307F
:10E6FC000FB183A70A0093141900BE9483D70400AA
:10E70C0033F767011DCF1396170133F77701B3F673
:10E71C0037016352060417E600001306666209E728
:10E72C0017E6000013068662E5454808EFF05F81A6
:10E73C004808EFF07FC083D70400B3F7470123905C
:10E74C00F4000509EF604FEEAA84EF60EFEC26951C
:10E75C00E341A9FA15BD368519C7EF40A04361DD29
:10E76C00EFF01FAAC9BFEFD05FB471D5EFF0FFAEC9
:10E77C00D9B785697D7A0149975AFF1F938A8A23F5
:10E78C00056B896BFD197D1A75BF858B9DC7EF5085
:10E79C003F86231AA10041469755FF1F9385451AC2
:10E7AC0013056101EFC0803C49464C0817E5000099
:10E7BC001305855AEFF07FA2DDB317E500001305B2
:10E7CC00A559EFF07FB7E1BB17E5000013054559DC
:10E7DC00EFF09FB621B50357E501C17785073E974A
:10E7EC008357A101FD14133717003207E58FD98F1A
:10E7FC00231DF100231AD10083560502035725026D
:10E80C002146231BD100231CE100035745028566DA
:10E81C00FD16758FFD76F58FD98F4C0817E5000026
:10E82C001305C554231DF100EFF03F9B21BD17E5E7
:10E83C00000013052554EFF03FB089BD5C4813F779
:10E84C00E7FF58C8858B89CFA6864A86C9450A85B5
:10E85C00EFF00FEF8357040099E70A85EFF0DFAD77
:10E86C00850461049DBD231AF10083572400930590
:10E87C00440041462808231BF100EFC0202F5146CD
:10E88C004C080A85EFF07F95E1BFEF324F96854734
:10E89C003395A7009757FF1F938707019C4741119A
:10E8AC0081455D8D9757FF1F23A4A70093770570B3
:10E8BC0085E393576500858BA1CBC1679387078848
:10E8CC007D8D05EDEF608FDE9305803EB305B502BF
:10E8DC001755FF1F1305450E2EC6EF50403AB24593
:10E8EC0019C16349B50085C51755FF1F1305C50C24
:10E8FC00EF50204341016F30CF91EF602FDB2A8422
:10E90C00EF60CFDBE360A4FCEF604FDB75BF01452C
:10E91C00EFF0BFBFC5B7EF328F8D7971AA86014476
:10E92C001759FF1F130949F836C6EF60EFC6B246F8
:10E93C00635CA4028327490B93143400BE9483D7E1
:10E94C0004006396D70285C617E6000013068644BA
:10E95C00E5454808EFF0CFDE4808EFF0FF9D214673
:10E96C0081452685EF30AF8B45616F308F8A05046A
:10E97C0065BF19C223200600814701C59306D00349
:10E98C0089E53E858280850505058387050003079B
:10E99C00050099CF6394E700E397D7FE8147D5B77D
:10E9AC009306D0038547E30ED7FC93371700D1BFEE
:10E9BC009307F002E316F7FE854761D6050508C2FA
:10E9CC00C9B799C123A0050081470DC11308D00315
:10E9DC001306F0023307F5008306070081CA63872C
:10E9EC0006016397C60099C1050798C13E858280D0
:10E9FC008507CDB731C9EF221FFD41112E8A6C005E
:10EA0C002A89368BB28A97E400009384642CEFF049
:10EA1C005FFB2A8C0144A689B14B88406286CA856B
:10EA2C00EFC0403601ED0E044E945C403245DA8660
:10EA3C005686D285829741016F207FFC0504A10484
:10EA4C00E31D74FD6155C5BF7D55828099E5615507
:10EA5C008280615505616F203FFBEF22BFF72E8A44
:10EA6C002A8401118145B28452854146BA8936897E
:10EA7C00EFF06F8793150501C1811376F50FA18116
:10EA8C002285EF507FC32A8469D552854C08EFF05C
:10EA9C005FF3524A2A8BE30E0AFA2A8697E50000A6
:10EAAC009385452E5285EFC0E02DAA8A0DED7D5A37
:10EABC00EF608FB263C5AA0099E8014561BF5C4461
:10EACC0013971A00850ABA9723904701D5B74C447F
:10EADC002EC6EF606FB0B245131615004E85029925
:10EAEC00E34DA0FC85BF5A8697E500009385052A67
:10EAFC005285EFC020290DE1032A0401EF60CFAE4F
:10EB0C001316150081455285EF207FF1DDD40C489A
:10EB1C002EC6EF606FADC1B75A8697E5000093859E
:10EB2C0025275285EFC0002641E11C44A5CF81EC7E
:10EB3C00D443370700E0758F9447D8C33707001FBD
:10EB4C00758F98C701BFA1463008CE854A85EFE086
:10EB5C00DF96E31105F01844835781017D7623126B
:10EB6C00F7008357A1019396470183576700D18221
:10EB7C00F18FD58FF2467D767D16F182858AB206AD
:10EB8C00F18FD58F2313F7008347E1018356C10121
:10EB9C002305F7008347B7002314D700FD8BA3058B
:10EBAC00F7004DBD7D557DB55A8697E500009385E0
:10EBBC00A5115285EFC0001DE31D05E81C4CE38A2E
:10EBCC0007E89C43E38707E8CE864A86A68522851C
:10EBDC00829749B5EF22BFE13687B2862E86AA8589
:10EBEC000545EFF0BFE66F20DFE2EF225FE03687EE
:10EBFC00B2862E86AA850145EFF05FE56F207FE196
:10EC0C00EF225FDD411199C123A005009757FF1F2B
:10EC1C00938747DC804381441DC82E89AA8931140F
:10EC2C001DC40C4070004E85EFF0BFD419CD81E8A7
:10EC3C00A284630C0900B2472320F90039A08C4050
:10EC4C0008400146EFF0FFD265F5404869F826858B
:10EC5C0041016F207FDB184111CBEF225FD9AE87CA
:10EC6C003E85B285368602976F20BFDA3555828095
:10EC7C00EF22FFD78357C50013D70501C205B38711
:10EC8C00E7021841C1814849BA95BE95EFF0BFFC27
:10EC9C006F203FD8584111CBEF227FD5AE873E85F0
:10ECAC00B285368602976F20DFD63555828018459F
:10ECBC0009CBEF22DFD3AE873E85B28502976F205A
:10ECCC005FD5355582805C4599C7EF225FD22E8582
:10ECDC0082976F201FD435558280EF22BFCF8329B6
:10ECEC000500035AC5002A844849AE848145EFF0DB
:10ECFC009FFD2A890DE193D50401B3854503035685
:10ED0C00C4004848CE95EFF09FFA2A8909E5484897
:10ED1C008545EFF05FFB4A856F201FCFEF229FCB1D
:10ED2C002A890441035BC500484979712E848145C9
:10ED3C00B28A368AEFF03FF941E193590401B38965
:10ED4C006903420441802694A299034409013304C7
:10ED5C0080403374440111CC03254901A2865686A8
:10ED6C00CE85EFF03FF3AA8431E1330A8A40A299B1
:10ED7C00A29A8144630C0A025286D68508080324A1
:10ED8C004901EFB0B05E834609011C089305F00FF2
:10ED9C00338646413385470136C6EF205FC8B246FD
:10EDAC001008CE852285EFF0FFEEAA8403254901D9
:10EDBC008545EFF05FF1268545616F20FFC4EF229A
:10EDCC001FC32E864C41A1462A84EFF03FF5AA843E
:10EDDC0003450401A145EFE07F985C403385A740D3
:10EDEC0048C026856F20FFC2814797E600009386B6
:10EDFC0026EB6393C70082803387F5000347070037
:10EE0C008507398D135745003697034707001205C0
:10EE1C00398D1375F50F13574500369703470700C7
:10EE2C001205398D1375F50FE9B7EF225FBC2A84F3
:10EE3C00AA851D461305F00FEFF01FFB83477400E6
:10EE4C003385A7403335A0006F20BFBCEF223FBAFB
:10EE5C004111A1463000EFF0BFE109ED03578100ED
:10EE6C00C167FD1705456317F7002800EFF0FFFB9E
:10EE7C003335A00041016F20DFB9EF22BFB5AE845E
:10EE8C008C414111A1462A8903440501EFF05FDE54
:10EE9C00AA8939E9A1452285EFE05F8C9C40035794
:10EEAC00C9002A8AAA97939607019CC0C182098F30
:10EEBC00639CE602C16513D70701B385B74011E720
:10EECC008355E900FD15C205BE958CC0A1460A8686
:10EEDC004A85EFF0FFD9AA8901E90A85EFF0FFF422
:10EEEC0001C9832749009CC04E8541016F20DFB1C9
:10EEFC000357C9008357210080403307474163DB28
:10EF0C00E70033FA470363170A004177798C3E9484
:10EF1C0080C0D9BF03450901A145417AEFE01F84A8
:10EF2C00098CAA8A80C0337A4401417B63648A00CD
:10EF3C0081495DBFA1463000A2854A85EFF05FD3C1
:10EF4C00AA895DF12800EFF05FEE11E98357A1006B
:10EF5C000357C100337A6A0180C0BA973E9A3304D2
:10EF6C005441E9B7EF22BFA82A84AA851D46130590
:10EF7C00F00FEFF07FE7A303A4006F209FA9EF220F
:10EF8C009FA42A84034505015D71A145EFE00FFDA7
:10EF9C005C402A8B0355E4004179B3F727016C00E0
:10EFAC003EC6EFE00FFD8355C400B247A1463008C2
:10EFBC00BE95B385654122852EC8EFF07FCBAA8420
:10EFCC00634B05002808EFF05FE611C9B2452285B6
:10EFDC00EFF0BFD0AA84268561616F205FA2C24783
:10EFEC000357A101417C338B6741B3F72701BA97D3
:10EFFC003EC810100C082285C24BEFF01FE8AA8403
:10F00C0079F90810EFF07FE22DE95C403ECA301030
:10F01C004C0822855249EFF05FE6AA844DFD035758
:10F02C008102835701026316F7002810EFF0FFDF0F
:10F03C0009C55840D247E31CF7FC63902B05835756
:10F04C00410285CF83572102B3FA8B010810BE9A77
:10F05C001C442311F102EFF0FFF083490401035A21
:10F06C004102B309304193F90902631B0A000C10E9
:10F07C002285EFF0DFD4AA8439FDE31C7BF7B9B706
:10F08C004E8963733A015289CA861018D685228537
:10F09C00EFF01FBEAA8421F1630909000C44CA8653
:10F0AC0010182285EFF09FC7AA8403450401CA8576
:10F0BC00EFE0CFEA1C443E9508C4E39E04F0330A0B
:10F0CC002A41CA9A5DB7EF22FF90411191E5FD5498
:10F0DC00268541016F205F93C44983D725014CC914
:10F0EC0004C12316F50003C705012A842317E50084
:10F0FC0003C5150193160701130700022308A4008A
:10F10C00C182E366A7FCE1D7B3E4F402E9F08547DA
:10F11C00E3FFD7FAA145EFE06FE4AA89014A014960
:10F12C008357C400931509012285BE95B3853541DB
:10F13C002EC2EFF0BFD119ED0355E4004C00050AC7
:10F14C00EFE02FE39245420A2285135A0A01EFF0B1
:10F15C00FFCF09E905098357E40042091359090156
:10F16C00E360F9FC8357E40063944701D1548DB7F5
:10F17C00639427039245A1463000B385354122851F
:10F18C00EFF01FAF35E12800EFF03FCA11C5035572
:10F19C00E4004C00EFE0EFDD9247C17A3387374152
:10F1AC0058C04177F98F1CC44C401C4463EEF500E9
:10F1BC00A14630002285EFF0BFAB1DE52800EFF033
:10F1CC00DFC6032A44001DC15C400355E4004179AD
:10F1DC00B3F727014C003EC2EFE0AFD99245228530
:10F1EC00EFF0DFC6635C0502AA84DDB51245035956
:10F1FC00A100035BC10033F5AA002A990345040161
:10F20C00DA85EFE0AFD54A9508C463144501631362
:10F21C000B04330A3A412322440179B709C58547C7
:10F22C00A308F40075B54C402285EFF01FAB4DFDE3
:10F23C0048408357C40086093375A9003E953305B1
:10F24C00354148C03375250108C42285EFF03FD302
:10F25C0079D559BF4D5549BF83471501C9CFEF2209
:10F26C008FF62A840345050141112E8AA145BA89DE
:10F27C003689328BEFE08FCE8357C4000605898F19
:10F28C007D5563E727075C4081443EC230004C004B
:10F29C002285924AEFF07FBE21ED835B810063995A
:10F2AC004B012800EFF07FB801E58504C204C18052
:10F2BC0058409247630BF702E3FA99FC8356C1005E
:10F2CC0061559DC663E63403C175B3FABA00637326
:10F2DC00D900CA868355A1005A862285D695EFF0AF
:10F2EC003F9919E50355C10021A06155E3884BFDF9
:10F2FC0041016F20CFF049558280EF224FEF01473B
:10F30C00EFF09FF56F20EFF0EF226FEE3284B286B4
:10F31C002E86835545000841EFF03FFE6353850070
:10F32C002A8422856F20EFEEEF226FE983471501C7
:10F33C003971C954BDC7034B05012EC62A84A1459A
:10F34C005A853689328AEFE06FC10D473307E502E3
:10F35C008357C400AA8DFD54998F63E42705630479
:10F36C00090063000A045C403ECA30084C08228540
:10F37C00524DEFF09FB0AA8945ED8357810132477A
:10F38C006397E7002808EFF05FAA63060510584062
:10F39C00D247E31CF7FC8144631B090019A081448C
:10F3AC0099E7268521616F204FE5E35CA0FE5A8525
:10F3BC00CA85EFE0AFBA014B11C5330BB501420B57
:10F3CC00135B0B01014D7D5CC17B930C4400835797
:10F3DC00E4006380A70D1C4444403307FB0063EB3F
:10F3EC00E40432472311F1020810FD572310E10207
:10F3FC00231221032303F102EFF0DFB663090900A6
:10F40C000C44CA8652862285EFF05F91AA89034587
:10F41C000401CA85EFE08FB41C443E9508C463997F
:10F42C0009000C102285EFF09F99AA89CA8435D95E
:10F43C00CE8485BF03450401A145EFE02FB2B3870D
:10F44C00A4002311F1028357C400B3F474012310F8
:10F45C008103BE94898C44C0081023120102EFF082
:10F46C007FB00C102285EFF09F95AA840355E40021
:10F47C00E685EFE00FB05C40B3F777011CC4E39274
:10F48C0004F22285EFF0BFAFAA84E31C05F0050D52
:10F49C003DBFC15439B78357C101E30209F0E3986A
:10F4AC0027F1C177034C0401B377FD00035DA10183
:10F4BC00330C8041137C0C023E9DD28ACA8CE28BA9
:10F4CC0063F38C01E68BDE861010EA852285EFF063
:10F4DC002FFAAA84E31B05EC5E860C105685EFB060
:10F4EC008066AA84E31505ECB38C7C415E9DDE9AA4
:10F4FC00E3970CFC7DB5EF228FCF81460146EFF0F0
:10F50C00BFE26F200FD1638C050EEF22CFCB5D7164
:10F51C00054D19C213BD160003590502B68B328B6B
:10F52C0005094209135909012E8A2A84CA89216CBA
:10F53C00930A8500E15C9304F9FFC204C180638FD8
:10F54C0084059306A0045000A6855685EFF0FFDADB
:10F55C006357050063139501A6892689E9BF9C08AA
:10F56C003E95230A05FA4C005285EF20CFD575F550
:10F57C0063040D0883570402639597089387F4FF7F
:10F58C002310F402894613060402A1655685EFF098
:10F59C00BFD96358050661616F206FC60145E31C36
:10F5AC000DFE0549B1675D55E387F9FE9165CE9572
:10F5BC0093048400C205DE865A86C1812685EFF04D
:10F5CC00BFD6630D09005285EFB0A07AAA86528689
:10F5DC00CE852685EFF05FD5E34F05FA83570402FD
:10F5EC0063FF370323103403894613060402A16515
:10F5FC002685EFF07FD325A0A689014965B77D55F7
:10F60C008280A6855685EFF01FEFE34605F89165DD
:10F61C00FD15CA95C205C1815685EFF0DFEDE35C9F
:10F62C00A0F601458DBFEF220FBA03540502916A73
:10F63C001D71050442042A89AE894180A16B130A0D
:10F64C008500FD1A130B05029304F4FFC204C1805C
:10F65C00639D7405916B2164130A8900850B170C4B
:10F66C000000130CACCA8357090293041400C204A3
:10F67C00C18085076383F40E5E949306A004500842
:10F68C00A68552854204EFF05FC74180AA8A854661
:10F69C0013067100A2855285EFF03FC62A8B634793
:10F6AC0050076347A00626847DBF56949306A0049A
:10F6BC005008A68552854204EFF03FC441802A8C45
:10F6CC00854613067100A2855285EFF01FC3634C6B
:10F6DC008003E351A0F883570902E39D97F69387C3
:10F6EC00F4FF2310F90289465A86A1655285EFF082
:10F6FC00BFC3A6855285EFF01FE0A2855285EFF0BF
:10F70C009FDF268491B7E358A0FCA9B7634BA000F8
:10F71C00A6855285EFF03FDEA2855285EFF0BFDD66
:10F72C0059B79C10BE9A238A0AFA639109022C00DD
:10F73C004808EFF0EFCC25D91C45224552C62318BA
:10F74C00810074006286DA858297B1BF0146CE854E
:10F75C004808EFF00FA261FDB9B7014525616F2094
:10F76C000FAAEF22CFA89747FF1F9387A7268043A6
:10F77C00814409C42A893114814401E426856F200F
:10F78C004FA9631809005C4481EF404865D83114D7
:10F79C00EDB708400146CA85EFF0AF9D6DF5F5B7A2
:10F7AC008297E5F4AA84D5B7EF226FA49747FF1F81
:10F7BC009387C7228043AA8409EC2685EFF07FFA51
:10F7CC00AA840144EF504FDD636CA40026856F20A2
:10F7DC004FA45C402285A6859C4382970040E9BFDC
:10F7EC0005041374F40FF9BFEF226FA00145EFF07D
:10F7FC00BFFB6F200FA29747FF1F9387271E23A0E5
:10F80C00070023A207008280EF226F9E9747FF1FFD
:10F81C009387471C23A0070023A20700EFF0BFFD2E
:10F82C006F202F9FEF22AF9C4111130985002A8472
:10F83C00EF50EFF2AA854A85EFF0FF88AA8419ED04
:10F84C0089461306E100A1654A85EFF01FABE1770D
:10F85C00634405008357E1002310F402268541011F
:10F86C006F202F9B9747FF1F9387471790430147A4
:10F87C00B28691EE05E3DC4310C11747FF1F232F1F
:10F88C00A71485EF9747FF1F23ACA71482803687F8
:10F89C009442C5B7144385E2DC432320050091EB69
:10F8AC009747FF1F23AEA7129747FF1F23A8A71246
:10F8BC00828088C3C1BF14C108C38280EF222F93FA
:10F8CC001744FF1F1304C40C2285EFF0BFF5AA8464
:10F8DC0005E517D900001309A94522859747FF1F95
:10F8EC0023AA270BEFF01FF89747FF1F23A4270B22
:10F8FC009747FF1F23A8870E26856F208F91974768
:10F90C00FF1F83C7670E795599EFEF224F8EEFF0EB
:10F91C00BFEFEFF0BFFA11E585471747FF1F23052F
:10F92C00F70C6F200F8F8280EF226F8C9747FF1F91
:10F93C009387470A80432A89BE8419C0311415E085
:10F94C00D840232A09009307490105E71747FF1FF1
:10F95C002324F7081747FF1F232EF70601456F20B6
:10F96C004F8B0C4003250900EF20EF9509C9404847
:10F97C00E9B71CC31747FF1F2320F706C5B7595516
:10F98C00F9BFEF22CF8697F5FFFF938545B8174552
:10F99C00FF1F13056502EF40E02CEFF05FF6172513
:10F9AC00FF1F1305E51DEFF03FF86F208F86EF2248
:10F9BC000F848357650093E717002313F500354533
:10F9CC00EFE0BFEC6F20EF84EF226F82835765006E
:10F9DC0093E727002313F5003545EFE01FEB6F206D
:10F9EC004F83EF22CF808355C50101112A840A86EB
:10F9FC000145EFD01FAF19C9835705001167D98F87
:10FA0C002310F5001D45EFE05FE805A00247835683
:10FA1C00C40119EF17D6000013064633E54548001C
:10FA2C00EFE00FD24800EFE03F9105616F107FFED1
:10FA3C0093974601835607007D76D183F18EDD8E38
:10FA4C0093D7860093F7F7082310D70093E70705A1
:10FA5C00A300F70045BFEF129FF92145EFE0FFE24D
:10FA6C006F103FFBEF12BFF82145EFE01FE2254579
:10FA7C00EFE0BFE13145EFE05FE16F109FF9EF126E
:10FA8C001FF78355C50141112A8470000145EFD041
:10FA9C005FA501CD8357050071777D17F98F231072
:10FAAC00F5001D45EFE07FDE31A0B24699E62285D8
:10FABC00EFE0AFFA41016F10DFF58357C4017D769B
:10FACC001397470183D706005183F18FD98F13D732
:10FADC0087002390F6009377F70893E70701A3803C
:10FAEC00F600C1B7EF12BFF02A842545EFE0FFD92D
:10FAFC0001E42945EFE07FD96F10BFF1EF123FEF22
:10FB0C008355250041112A8470000545EFD07F9D57
:10FB1C0001CD8357050071777D17F98F2310F50000
:10FB2C001D45EFE09FD631A0B24699E62285EFE065
:10FB3C002FED41016F10FFED835724007D76139755
:10FB4C00470183D706005183F18FD98F13D78700D4
:10FB5C002390F6009377F70893E70703A380F6004A
:10FB6C00C1B7EF12DFE88355250001112A840A86FC
:10FB7C000545EFD01F9719C9835705001167D98F19
:10FB8C002310F5001D45EFE05FD005A0024783561A
:10FB9C00240019EF17D600001306861AE545480015
:10FBAC00EFE00FBA4800EFE02FF905616F107FE628
:10FBBC0093974601835607007D76D183F18EDD8EB7
:10FBCC0093D7860093F7F7082310D70093E707071E
:10FBDC00A300F70045BFEF129FE1EF502FAC11E5EA
:10FBEC002945EFE09FCA6F10DFE29747FF1F93870D
:10FBFC00A7CBC043EF508FAA3375A40275D1E5B7DC
:10FC0C00EF12FFDE2A84EF502F9A85476307F50029
:10FC1C00A301F4001945EFE05FC76F109FDFEF12EF
:10FC2C001FDDEF506F9885476305F5001945EFE030
:10FC3C00DFC56F101FDEEF129FDB3D45EFE0FFC409
:10FC4C006F103FDDEF12BFDA8357650093E7470073
:10FC5C002313F5003545EFE05FC36F109FDBEF1208
:10FC6C001FD93145EFE07FC26F10BFDAEF123FD8DA
:10FC7C002D45EFE09FC16F10DFD9EF125FD783578F
:10FC8C00250079712A842314F100834745019305DB
:10FC9C00450041461305A100230DF100EFA0106DA6
:10FCAC008356040017D600001306C6FED14568081B
:10FCBC00EFE00FA92C004D466808EFE00FD245612C
:10FCCC006F103FD5EF12BFD283560500011117D626
:10FCDC000000130626FCD1456800EFE06FA6680013
:10FCEC00EFE08FE505616F10DFD2EF125FD00111ED
:10FCFC003684B28479478A8617D600001306C6FC70
:10FD0C00EFE06FCA09C82286A6850A85EFE0EFCC22
:10FD1C0005616F101FD00A85EFE00FE2D5BFFD57CC
:10FD2C001727FF1F230EF7E68280EF12BFCA41117F
:10FD3C002A892EC6B289EF40AFC8B2451304F9FF29
:10FD4C002E944DC593170901C187AA847D55635C18
:10FD5C00F0024204418093170401C1876355F002FD
:10FD6C009DC1EF40EFA8636AA4069C4481443E9574
:10FD7C00420541819307F5FFC207C18363E0270762
:10FD8C0063960900695541016F101FC82390A900A3
:10FD9C00D5BF3387640383A78A0A3E97835727000E
:10FDAC0063864703835707006362F40203474701E6
:10FDBC00BA97C207C1831387F7FF42074183636772
:10FDCC002701E38109FC2390F9006DBF8504EF50F6
:10FDDC002F97E3C0A4FC01457DB78144416A974A43
:10FDEC00FF1F938A6AAC594B7D1AD5B77D5561BFFD
:10FDFC00EF12FFBF1744FF1F130404C09744FF1FEB
:10FE0C00938444C00325C41419CD184D232604141F
:10FE1C0011048347870093F7F7FB2304F700EF5097
:10FE2C00FFE1E31194FE6F10DFBEEF125FBC1745CC
:10FE3C00FF1F1305E5D1EF305070EFF07FFB6F1013
:10FE4C005FBDEF12DFBA930540061745FF1F130580
:10FE5C0025D0EF30106D6F10DFBBEF125FB97D5600
:10FE6C00B5450145EF40FFD26F10BFBAEF129FB6F8
:10FE7C00EF409F9A1744FF1F130404B82320A414C7
:10FE8C002322B41481440D499729FF1F9389C9D0AB
:10FE9C000325C41419CD85040146638624018327E8
:10FEAC000415814591E3CE85EF407FD71104E39192
:10FEBC0024FF6F107FB5EF12FFB141112A84AE8978
:10FECC0032C6EFF09FF6EFF05FF929C99747FF1F95
:10FEDC00938787B283A5C7129304C5002A89268508
:10FEEC00EF509FBC81452685EF509FB5931524009C
:10FEFC0093E5350093F5F50F2685EF507FB4324628
:10FF0C00CE852685EF50FFB19747FF1F23AC27C343
:10FF1C00EFF0DFF5014541016F101FAF6555E5BFEF
:10FF2C00EF12FFACAE8495452A84EF503FC7A685EF
:10FF3C002285EF50FFB06F10DFADEF12DFA8BD656B
:10FF4C002A84938505A61745FF1F130565C2EF305C
:10FF5C00505D9747FF1F938727CC9C439744FF1F07
:10FF6C00938484A9268989CBC84019C522868D45DE
:10FF7C00EF10903F6F10BFA8EFF03FEBEFF0FFEDED
:10FF8C00AA846555E5D8032709009747FF1F83C747
:10FF9C0027BB9316170163D7060C1307F00763886A
:10FFAC00E70085071747FF1F230CF7B829A09747D1
:10FFBC00FF1F238707B88325C9129389C4004E8578
:10FFCC00174AFF1F034ACAB7EF501FAED2854E85A2
:10FFDC00EF501FA78347440051478145637CF700CE
:10FFEC009385C7FE93F5F50FDD47B3D5F50285056F
:04FFFC0093F5F50F75
:020000021000EC
:100000008A0593F5C50F4E85EF505FA483554400D4
:100010004E85EF505FA7834544000840EFA06F86F0
:10002000AA854E85EF509FA2835544009747FF1F36
:1000300023A097B2D14763F3B700D145939405014C
:100040000C40C18026864E85EF507F9EA685228576
:10005000EF50BF96174BFF1F130BCB9A814AA14B52
:100060005D4C8357440085E3EFF01FE1014509BF74
:100070001387F7FF1377F70F9306D00FE3F9E6F234
:10008000930700F835B763967A01EFF03FD73955FB
:10009000C5BDEFF05FDD110B910A09E5EFF01FD64A
:1000A0006555F9BD835544002326AB146373BC002A
:1000B000DD45939905018325C9129304C500268562
:1000C000EF505F9FD2852685EF505F9893E52A0019
:1000D00093F5F50F2685EF507F970C4093D90901D2
:1000E0004E862685EF50BF94CE852285EF50FF8C3B
:1000F0008DBFEF129F9001117C003ECAB707070029
:100100003ECC81457C0048083ECEEFF03FE297456B
:10011000FF1F83C525904808EF505F93D2474808DA
:1001200083C717001747FF1F2302F796EFF0BFE1C1
:1001300011E585471747FF1F2300F79005616F10F2
:100140001F8EEF129F8B01117C003ECAB70706007D
:100150003ECC91457C0048083ECEEFF03FDD48089C
:10016000EFF07FDE95471747FF1F2307F78C0561E8
:100170006F10FF8AEF127F8801117C003EC083451B
:100180000500B70711003EC27C003EC42A8481C529
:100190000145EFB06FE38347040085450A851747A3
:1001A000FF1F2305F78EEFF07FD8EF303FE4AA85DD
:1001B0000A85EF50BF8985450A851744FF1F130440
:1001C000249EEF505F8C1C400A8583C5C700EF500A
:1001D000FF871C400A85CC4BB335B000EF501F871A
:1001E0001C400A8583C59701EF505F861C400A8535
:1001F00083D5A701EF503F891C400A8583C5C701FD
:10020000EF50DF841C400A8583D5E701EF50BF879C
:1002100082452D461745FF1F130555878505EFA01D
:10022000B0150A85EFF03FD211E589471747FF1F48
:100230002304F78005616F108FFE9727FF1F83C788
:10024000E7966387A706EF12AFF92A84EFF0BFC1E4
:10025000AA8429CD1727FF1F034747959307F00F5F
:100260008149631AF7009727FF1F2381879497D945
:100270000000938929B89737FF1F9387A77883A534
:10028000C7121389C4004A85EF50DF82A2854A85D0
:10029000EF50CFFB85454A85EF504FFB2685014641
:1002A000CE85EF409F982685EF501F9A6F108FF6EE
:1002B0008280EF128FF479713C083EC6B7071600B2
:1002C0003EC899453C0868003ECAEFF03FC641462B
:1002D0009735FF1F938585776800EF504FF56800CD
:1002E000EFF07FC605E19737FF1F9387A7719C4307
:1002F000139717019947634307009D471737FF1F5F
:10030000230CF77245616F108FF19387F501FD158E
:10031000FD1703C717000505A30FE5FEE39AB7FE17
:100320008280EF128FED0547411132846304E504AA
:10033000AA8719C90947630EE5060D477D556385F0
:10034000E71A41016F10AFED33E4C5007D5575F834
:100350009737FF1F23A407709737FF1F23A207704B
:100360009737FF1F23A007709737FF1F23AE076E35
:100370000145C1BF33E4C5007D5561F49747FF1FB8
:1003800093870782804341499734FF1F9384046D0C
:10039000034684014C483305C9402695EFA0C07D33
:1003A00003468401814526853306C940EF10EFE7F7
:1003B000C1B791477D55E3E6B7F897D7000093871B
:1003C000A7A2BE9583C40500ADDC1739FF1F130932
:1003D000297D032709008357A701E58FBDD38347F4
:1003E0009701E3E0C7F69737FF1F9387A7619C4308
:1003F000139717016358070093E707081737FF1F84
:100400002322F760C1476397F406A2854800EF9066
:100410000F945800814413064002A545639B840253
:100420001C08A697238A07FE9737FF1F9387076349
:1004300026864C003E85EFA020744146058E8145FE
:100440002695EF108FDE832709004800DC53829742
:10045000CDBD83470700B3F7C7029386770363E4F4
:10046000F5009386070385042300D70093F4F40F67
:1004700005076DB791454800EF906F8D7D141316F9
:10048000240017D400001304649732941C40924552
:100490002685B3F5F50293D7050113D78700973664
:1004A000FF1F2383E65C1737FF1FA30FF75A13972D
:1004B00005014183218393978500D98F1737FF1F4B
:1004C0002315F75A9737FF1F23AA07589737FF1F9F
:1004D00023A807589737FF1F23A60758832709002B
:1004E0002EC29C538297B1BDE3EDB7E497D70000CD
:1004F00093870790BE9583C70500E38407E4173709
:10050000FF1F1307E76918438356E701FD8EE38A4F
:1005100006E28346C701E3E6C6E29736FF1F9386ED
:10052000664E9042A145936606026394B7009366B7
:10053000060418571736FF1F2326D64CA2853E8582
:10054000029701B5EF12CFC941112E89B28935C585
:1005500001462A84EFF02FFE634F05048144173AC9
:10056000FF1F130A2A35D94AEF405F9E63D5A404C2
:100570003385540383278A0A3E9583570500B1E3E8
:1005800023108500230A25012311350141016F1035
:100590006FC8631245030354E1008504EF401F9BBD
:1005A0000505634995001306E100CA852285EFF031
:1005B0008FF865F145F40145D1BF81440544695A7E
:1005C000F1BF850455B7EF12AFC12A84AE898345C8
:1005D0004501035505000149EFC0EF8683474401FB
:1005E0006341F902638509002285EFF06FEE231065
:1005F00004004146814513054400EF100FC36F10FE
:100600006FC10355040093140901C180269542056A
:100610004181EFE00FB1035504000509269542051D
:100620004181EF30204A035504002695420541815F
:10063000EF30604965B7EF124FBC1735FF1F130548
:10064000E553EF3040709737FF1F83C7274489C7B2
:1006500081450145EFB04F971734FF1F1304843ACB
:100660001C401397170163570700084401C58145D3
:10067000EFF07FF59737FF1F9387C75A9C4389C7D1
:10068000484019C1EF408F99EFF0EFFA130680153B
:1006900081451735FF1F1305E536EF100FB9FD57DC
:1006A0001737FF1FA308F7489737FF1F9387074F98
:1006B0009C4395C398472392070098C31737FF1FA1
:1006C000232EF7460545EF903FCF814711E1C957EB
:1006D0003E856F10CFB4EF1040489737FF1F23AF10
:1006E000A744CDB7EF126FB141112AC6EFF0BFF4A6
:1006F0009737FF1F9387C74A9C439C5F81C7B245CA
:100700000545829741016F108FB1EF120FAF8347FC
:10071000550085462E8789836382D70C91C7894609
:100720006389D7106F10AFAF9736FF1F9386862D62
:100730009C42B68413961701E34606FE83D5450016
:100740003D46E371B6FE8983858B2A848DC303A75A
:10075000C6121C41E318F7FC9737FF1F83C7C72D4C
:10076000F1F3014681450545EFF0AFF565BF9737D9
:10077000FF1F9387E74203A90700084341468325EB
:100780000900EFA0003D59FD8327490399C30545A2
:1007900082971C40BD65938505A61737FF1F232947
:1007A000F7389C401735FF1F1305453D93E7470079
:1007B0001737FF1F2328F72483A784139847239212
:1007C000070098C3EF30A056014681450545EFF07C
:1007D0004FEF9737FF1F23810726A9B79737FF1FD2
:1007E000938747229C4393961701E3DD06F203D7D4
:1007F00045000DFB13F7870001CB93E78700173700
:10080000FF1F2321F72039BFBD9B93E787001737D0
:10081000FF1F2329F71EEFF00FE29737FF1F938783
:1008200027389C43DC5B99C305458297EFF07F8CAA
:10083000D5BD9737FF1F9387E71C9C438983858B22
:10084000E38207EE83D74500E38E07EC9C4103C5A6
:100850000700EFF03FE9F9B5EF128F981734FF1F4B
:100860001304441A1C4013D72700058B35CF9183FE
:10087000858B9304007D81E79D6493840453EF305E
:100880007FFA03270414832744143307E5409D8D22
:100890003335E500898D93D7F44163C9B704639478
:1008A000F50063E5E4049734FF1F9384A415014425
:1008B0000D499719FF1F9389E92E03A5C4140DC58F
:1008C0001C4D050483C7870093F7070499EB014685
:1008D0006306240183A70415814591E3CE85EF408B
:1008E000CFB49104E31B24FD6F10CF921C40918381
:1008F000858B91CB8327C4140145DC4703C7570080
:100900008D476313F7002545EFF0DFDDF1BFEF12F0
:10091000CF8E9737FF1F9387E70E9C434111A307A4
:10092000A10013E707019736FF1F23ADE60CC18B2B
:1009300099E705469305F1000945EFF08FD8034785
:10094000F100A5476314F700EFF0FFCE8345F100F7
:1009500091C99737FF1F9387A7249C439C5F99C336
:100960000545829741016F108F8BEF120F89173465
:10097000FF1F130424091C4001111397170163572B
:100980000700EFF0DFF805616F106F897C003ECA49
:10099000B7070700AA843ECCA5457C0048083ECE98
:1009A000EFF0CFD8A6854808EF504F8A4808EFF0FF
:1009B0008FD91C4093E707101737FF1F2324F70434
:1009C000D9B7EF128F831734FF1F1304A4038327B3
:1009D0008413BD65938505A69C431735FF1F13053A
:1009E000E51983C40700EF3080340325841397355D
:1009F000FF1F83C56514EF908FEB05C91735FF1FE7
:100A000003454513EFF07F83834704131737FF1F18
:100A1000A302F7129737FF1F238E07101C40A183F4
:100A2000858B91C70D45EFF05FF46F005FFFA54721
:100A300063F497000945C5BF6388F4009737FF1F2B
:100A400083C787FFE39097FE97C70000938787408F
:100A5000032784138E04BE9483D744008356470033
:100A60008507E399D7FC08439C400505829775BF2D
:100A7000EF02BFF8834645001737FF1F0347970B68
:100A8000834755006317D7003A85EFF00FFB6F00DF
:100A90001FF91736FF1F0346E6099734FF1F93849B
:100AA00064F66304D6020507E393E6FE1737FF1FDB
:100AB0002302D70803A7841314472312070014C383
:100AC0007D579736FF1F2398E60613D427009737E4
:100AD000FF1F83C7570663F687000945EFF0FFE85D
:100AE0007DB763918702A557B307F40203A7841368
:100AF000034747008D07BA9703D7450093F7F70FD1
:100B0000E39DE7FC9737FF1F83C7E702B3D7870052
:100B1000858BB5DF5D459307F4FFB387A70203A775
:100B2000841303D645008C410843D1073E95EFA0BE
:100B3000A00403C724138547B397870093C7F7FF23
:100B4000F98F1737FF1F2308F7FEB1F3EFF07FE7A8
:100B50003DBFEF021FE859711C083ECCB7070600E5
:100B60002A843ECE58181C0897C600009386062D8E
:100B70001736FF1F130696FA930500021735FF1F5D
:100B8000130585E93ED0EF90CFD619C11D4589A048
:100B9000D80897C600009386E62A1736FF1F13066B
:100BA000F6F7930500021735FF1F1305E5E6EF90F2
:100BB0004FD469FD3546930571054810EF90D07B01
:100BC000D40822864C104818EF90EFED09C519455E
:100BD000EFF0BFD9D9A8D80097C6000093860627A2
:100BE0001736FF1F130696F3930500021735FF1FF4
:100BF000130585E2EF90EFCF51F90346610628080F
:100C0000A14583494106034B510632C60344710690
:100C1000834C810603499106034CA106034AB106A1
:100C2000834BC106EFF08FB02808EFF0CFB135ED60
:100C3000FD571737FF1F2301F7E09737FF1F9387F3
:100C400027FE9843BE8A8144324611CF9737FF1F53
:100C5000938747FD9C4381CB9737FF1F938787DAA4
:100C6000C443B33490002204336494012209220A5D
:100C70004204B366890193958900DC0033677A01E9
:100C8000C18EB3E56501C808EF40CFD619ED83A743
:100C90000A0081C799C0EF1020069305007D173523
:100CA000FF1F1305A5EDEF30800865616F00FFD5CC
:100CB000EF02BFD41971AA84AA8534101736FF1F1A
:100CC0001306C6D91735FF1F130545DBEF90EFE17B
:100CD00019C11D4519A841469735FF1F938505D6B3
:100CE0002810EF90106709C51145EFF01FC8A5A2A5
:100CF0001734FF1F130404D11C409735FF1F938541
:100D0000E5D41397170163470700A6859734FF1FA3
:100D10009384C4D39736FF1F938656E026861735F3
:100D2000FF1F1305A5D4EF900FE245F51C40139764
:100D3000170163550712BC083EC6B70727003EC817
:100D40003818BC0897C600009386460F1736FF1F59
:100D50001306D6DC930500021735FF1F1305C5CB1C
:100D60003ECAEF900FB935F5B80097C600009386DC
:100D7000660D1736FF1F130676DA93050002173546
:100D8000FF1F130565C9EF90CFB621F535469305D2
:100D9000B1042808EF90505E184497C6000093866F
:100DA000E60A1736FF1F130676D7110793050002D0
:100DB0001735FF1F130545C6EF90AFB3E31B05F0D2
:100DC0001C4403D52700EFB00FCFAA84E30305F03E
:100DD0009D456800EFF08F9583C5E401930790056A
:100DE0004146B385F502680093850503A695EF405B
:100DF0001FC41C44680083D52700EF40DFC8268548
:100E0000EFB08FCDAA856800EF405FC49737FF1F12
:100E1000938747AA8C436800EF40DFC91C446800F1
:100E200083D50700EF403FC6A1456800EF409FBD56
:100E3000B2462C08281885063686EF906FC519C172
:100E4000194565B56800EFF00F9011E5A147173718
:100E5000FF1F2303F7BE09616F007FBCEFF06FC572
:100E6000DDBFEF029FB979713C083EC6B707160097
:100E70003EC89735FF1F938565BF3C081735FF1F98
:100E80001305C5C03ECAEF902FC819C51D45EFF028
:100E9000DFAD45616F00BFB81736FF1F130606BEF2
:100EA0009735FF1F938585BC1735FF1F1305C5B602
:100EB000EF90AFC761FDC1451735FF1F130505B999
:100EC000EF80EFE861F595456800EFF02F86C145AA
:100ED0006800EF403FB3AA861736FF1F130606B817
:100EE0009735FF1F938585B61735FF1F130505B985
:100EF000EF90AFBF41FD6800EFF0EF8459F99737ED
:100F0000FF1F938727B09C43B983858B93B7170046
:100F100095071737FF1F2301F7B2A5BFEF02FFADFB
:100F2000AA8541461735FF1F130545B1EF90D04400
:100F30009737FF1F938707AD9C431397170163569D
:100F40000700EFF00FB76F009FADEFF09FF1E5BF27
:100F50009737FF1F938707AB9C4313F7F7F7973635
:100F6000FF1F23A1E6AA13F7070809CB858B99C7B2
:100F7000EF02BFA8EFF0FFEE6F007FAA8280EF02C2
:100F8000DFA79734FF1F9384E4A780403971AA85B7
:100F90009317140163D407061364140013060004A6
:100FA0001735FF1F130595B39737FF1F23AC87A491
:100FB000EF90903CEFE03FE89C401734FF1F130494
:100FC000F4B113971701634607001734FF1F13048A
:100FD000F4ACA2850A85EFF04FB393050402081024
:100FE000EFF0AFB297050000938505140A85EF90E6
:100FF0004FC01DC91D45EFF05F973DA013060004CB
:101000001735FF1F130595A9EF90103793579400DC
:10101000858BC5DF93571400858BC5FB13641400C3
:101020009737FF1F23A0879E21616F005F9FEF020C
:10103000DF9C1D713C083EC6B70746003EC801450F
:101040003C083ECAEF904FB719E51D45EFF0FF9100
:1010500025616F00DF9C2A848D456800EFE01FED5D
:10106000930500026800EF40FF99A285EFF0EFA919
:10107000930500026800EF40FF9893050402EFF02B
:10108000CFA81734FF1F1304E4971C40B245130682
:1010900000041397170185051735FF1F130515A0C9
:1010A000634607001735FF1F130555A3EF90D02C9B
:1010B0006800EFE05FE949FD1C4085661387068004
:1010C0005D8F1736FF1F232FE6921737FF1F130779
:1010D00067B5184301CF584011CB7D771307F77FD1
:1010E000F98FD58F1737FF1F232EF7901C401397CA
:1010F0001701635B0700A583858BB9FB8D47173705
:10110000FF1F230BF792A9B713D757009983D98FE5
:10111000858B1307F00F91E315479737FF1F238D3A
:10112000E7903DB7EF027F8DAA851735FF1F1305A6
:10113000A58EEFF08F9D9737FF1F9387A78C9C4359
:10114000139717016352070413D7670093D657000C
:10115000558F058B11EB13D77700058B01CB91478A
:101160001737FF1F230AF78C6F007F8B1397370108
:1011700063550700EFF0FFCEC5BF0967D98F17375A
:10118000FF1F2321F788CDB713D79700058B05C71D
:1011900015479736FF1F2381E68A856613F7F7F711
:1011A000558F9736FF1F23AFE68493F70708CDDFEF
:1011B000EFE03FF955BFEFF09FE77DB7EF02FF8308
:1011C0001734FF1F130404848327C4149DCF0347DF
:1011D00045009737FF1F83C767976318F7021C40C6
:1011E0009183858B99E3EFE01FC51C40139717018E
:1011F000635F070013F7F7BF9736FF1F23A4E6804E
:1012000093F7074089C7EFF09FE26F005F811840B6
:10121000FD779387F77F13164701F98F856663473C
:1012200006001727FF1F232FF77CC5B7D58F13960E
:101230001701634706021727FF1F2325F77C1C4071
:1012400013971701E34307FC13F7F7F79726FF1FE0
:1012500023AAE67A93F70708CDDBEFE09FEE75B798
:10126000F5779387F77FF98FD58F9726FF1F23ABED
:10127000F67893172701E3D407FCEFF09FBEC1B7C0
:10128000EF02AFF78347050091C70945EFF0EFED97
:101290006F00EFF8834715002A8413F7E70F75F7FF
:1012A0001737FF1F1307C78F18430346C700E31EF6
:1012B000F6FC9727FF1F9387E774944393F7F6DFB5
:1012C00019C293E706209726FF1F23ADF672A58368
:1012D000858B81C71C4B91C382971546A285172524
:1012E000FF1F1305657BEF9030098D471727FF1F00
:1012F0002304F77403464400834534000345240067
:10130000EFF02F82E35605F849B7EF028FEC172B69
:10131000FF1F130B2B6F03270B00011193171701EE
:1013200063D007023C003ECAB7070B003ECC3C002E
:101330003ECE834705002A8499E70945EFF0EFE2A6
:1013400005616F008FEC8347150083462500A207D7
:10135000D58FC207C1878546E391D7FE8346350006
:10136000E3EDD7FC973AFF1F938A8A8383A70A008D
:1013700001499C5BADCFA5CE136707208344440091
:101380009727FF1F23A0E7688547E3E897FA034CF8
:101390005400A147E3E387FB8349640003457400DD
:1013A000A209B3E9A90013F709FE41FB834B8400AE
:1013B000E3E577F9034A94000345A400220A336A5F
:1013C000AA0093770AFFB5FB834504001726FF1F89
:1013D000035626641725FF1F03558563EFF08F968C
:1013E0009727FF1F23A4A76211E5154581BF137737
:1013F000F7DF69B783A70A0091C403C7870119C340
:10140000D84B61EF83C4970163F39B00DE8483D7DD
:10141000A70193F4F40F13F7070101C713778A00AC
:1014200059EBBD8BD1CF13757A0059C9EFA07FAEB0
:1014300083A70A007D15937BF50F03D5A701A94C5F
:101440003D89EFA01FAD7D15137AF50F03A70A00A4
:101450008347C7016373FC00E28713FCF70F8357D0
:10146000E70113F7870001C713F7090131EF9D8BDF
:10147000ADC313F5F90031CDEFA0BFA983A70A00D2
:101480007D159379F50F03D5E7011D89EFA07FA89E
:101490007D151379F50FA947B307FC023387940331
:1014A000636AF70C638C0C0C639C040C8149014942
:1014B000814B014A3DA0930C4002114A8D4B79B7F4
:1014C000814C014A814B59B7930740020D4991491C
:1014D000E1B7814701498149C1B781448149854BC1
:1014E000054A2D46A2851725FF1F1305355AEF9093
:1014F000A06889454808EFE07FA381454808EF4090
:10150000EFD483250B004808A5818589EF400FD4CF
:10151000DE854808EF408FD3CE854808EF400FD3D3
:10152000A6854808EF408FD2D24515461725FF1FE4
:10153000130585568505EF9020644808EFE0BFA0AD
:10154000E31005E02686CA855285EFE09FDD01C5E0
:101550000945EFF08FC183270B00A583858B89C7D1
:1015600083A70A009C5B829783274B0099CFEFF0FB
:101570001FACF9B3E284894B0D4AA5B781443DB74E
:10158000DE8952898D4B094AA9BF83270B0093E757
:1015900007401727FF1F2327F7465DB3EF024FC40D
:1015A000834745002A891725FF1F0345B558631651
:1015B000F500EFE09FC86F00EFC51724FF1F13046D
:1015C0006444832984132E85AE84EF406FD6239222
:1015D000A9008347490026851727FF1F230CF754CE
:1015E000EF402FD19727FF1F2388A7548327841309
:1015F00003D7470009E70945EFF02FB76DBF83D741
:101600006700E3EAE7FE83475900898381C7D14633
:10161000E3F3E6FE1727FF1FA30FF7501725FF1F61
:1016200003456551137715009307F00F05C3134564
:10163000F5FF1375F50FEFA0DF8D7D159377F50F8F
:101640001727FF1F0347374FE367F7FA1727FF1FD7
:101650000347674E11C3BA87034559000981130731
:10166000150005453315E5007D157D8D9727FF1F76
:101670002383A74C8327841303D644008C408843DC
:10168000EF90804F8347241393F7E70F1727FF1F2F
:101690002303F74A8DF3EFF0CFB231BFEF02EFB57E
:1016A00003450500EFF0AFA66F006FB7EF02EFB490
:1016B0002A89AE840144EFA01FF9634494006F00AF
:1016C0000FB63305890042054181EFD08FA505048F
:1016D000EDB7EF028FB201449724FF1F9384841D5E
:1016E0005949EF30BF866344A4006F004FB3330500
:1016F000240383A7840A3E958357050081C7854547
:10170000EFE07FEC0504F1BFEF028FADAA84014446
:101710001729FF1F1309091AD949EF303F83634581
:10172000A40001456F000FAF330534038327890AF6
:101730003E950357050063E7E40083474501BA97E8
:10174000E3C2F4FE0504D1BF9727FF1F93874745E7
:101750009C43DC5F91C7EF024FAA82976F002FACCA
:1017600082809727FF1F9387A7439C43BC4391C761
:10177000EF02AFA882976F008FAA82809727FF1F82
:101780009387472898439316170163D30608EF02FF
:10179000CFA6804701498345440103550400EFA0CB
:1017A0009FEA83474401634BF9022285EFE0AFCD06
:1017B0009727FF1F23AC0724FD5701451727FF1F5D
:1017C000230CF726EFF0AF94034644018355040041
:1017D00003552400EFF0FFF86F006FA403550400D9
:1017E00093140901C180269542054181EFD06F9382
:1017F000035504000509269542054181EF20802C00
:1018000003550400269542054181EF20C02B51BFAE
:1018100082809727FF1F23A3A7388280EF02EF9DC6
:101820009727FF1F9387071EDC436D54639FA70014
:10183000EFE07FE09727FF1F938787369C432A843A
:101840009C5F81C781450945829722856F002F9D46
:10185000EF02AF9A9727FF1F9387C71AC84309C59E
:10186000EFF0DFFB6F00AF9B25459727FF1F238419
:10187000072CEFF0CF89FDB79727FF1F93874732DB
:10188000884382809727FF1F9387C7178843098162
:1018900005898280EF026F9641112A84EFF09FFE46
:1018A0002DC903574400954763F8E7062285EF40AA
:1018B0006FAB2AC42285EF40CFA32306A100228567
:1018C000EF402FA39727FF1F9387C7139843A306C3
:1018D000A1000983058B11C783A6C712A247639D88
:1018E000F6020D8997B70000938747530E05B3861C
:1018F000A7008355440003C6560063EFC50001E707
:1019000003C7460011EBAA979C43A2852800829743
:1019100021A0EFA07F9951D541016F004F909727EB
:10192000FF1F9387E7279C43FC4391C7EF02EF8C8F
:1019300082976F00CF8E8280EF022F8C97F5FFFF8A
:101940009385C5F11725FF1F13054521EF20403270
:101950006F00EF8C15C5EF024F8A2A8497050000AF
:10196000938545EF1725FF1F13054521EF204030D4
:101970009727FF1F23A68722EFE0FFCB6F002F8A58
:101980007D558280A9E18280832709001317140006
:10199000BA9783D70700638697020504EF308FC696
:1019A000E344A4FE0144EF30EFC5635CA4000327C9
:1019B000090093171400BA9703D7070019EB239077
:1019C00097006F00CF85EF024F832A89AE840144D0
:1019D000F1B70504C9BFEF024F824111AA84014447
:1019E0002EC6EF302FC2B245635CA4009840931717
:1019F0001400BA9703D707006317B70023900700B6
:101A000041016F00CF810504E1BFEFF21EFF972770
:101A1000FF1F938767209C432A87AE86328889CF31
:101A20009728FF1F9388081F03A3080089486315A0
:101A3000130182976FF0BEFE9727FF1F9387871EC3
:101A40009C430145E5DB9727FF1F9387A71C904325
:101A50008547E311F6FE4286B6853A85EF203FE0E2
:101A6000D1BFEFF2FEF72E8A3284AA89EF203FDE43
:101A700075158357440093140501C1801379FA0347
:101A800063FE9700CA852285EF30BFF103564400FC
:101A90000C404E85EFF07FF76FF0DEF79365090499
:101AA0002285EF301FF00C4026864E85EFF0FFF5C3
:101AB000A6852285EF307FF013690908835744001B
:101AC00099CF850763DF970093650A0C2285EF3075
:101AD0005FED035644000C404E85EFF01FF30145C7
:101AE00065BFCA852285EF30DFEB0C4026864E8528
:101AF000EFF0BFF1A6852285EF303FECC1B7EFF2E2
:101B0000DEEF79713C083EC6B70717002A84AE8421
:101B10003EC868003C0885453ECAEF40EF886C002F
:101B20002685EF30FF8C700085452285EFF07FF32E
:101B300045616FF0DEEEEFF25EECEF30AFAC894561
:101B40000605EFA02FBFE55711C59727FF1F23AB51
:101B5000A70681473E856FF09EEC9727FF1F93876E
:101B60002706985B239607021725FF1F1305C50755
:101B700098D782801727FF1F13078704184363161F
:101B8000A7021727FF1F0347270475179387D5FF61
:101B90001337170093B71700FD566319F700EFF2DC
:101BA000DEE5EFF01FEC6FF09EE7ED5636858280A4
:101BB000EFF21EE305EDC16401441729FF1F13096D
:101BC00069CF9309400EFD1421A833053403832700
:101BD000090B3E958357C50163839700D13F0504E8
:101BE000EF304FA4E343A4FE6FF0DEE29727FF1F20
:101BF000938707FDAA85884365D9EFF05FF0EDB7BD
:101C0000EFF21EDE79711C083EC2B70720003EC409
:101C10001724FF1F1304C4FA1C083EC61C40D9C376
:101C20001727FF1F034747FA8947AE842A896315A0
:101C3000F704814911A85C4013971900BA9783D71C
:101C40000700638197068509EF30CF9BE3C5A9FEA6
:101C500085454800EF305FF50356490083250900AC
:101C60004800EF30DFDC084050008145EFF09FF086
:101C7000054545616FF01EDAC167FD17E38AF5FC83
:101C800085476311F702814911A85C401397190039
:101C9000BA9783D70700E38D97FA8509EF308F96BF
:101CA000E3C5A9FE0145F1B7230005022322050281
:101CB0008280EFF29ED485472300F5022A84EF202C
:101CC000DFB79727FF1F9387E7BE83A7070B48D08F
:101CD0001725FF1F130505ED1D8CB7F723B8938754
:101CE00097E009843304F4029727FF1F23A887F2A3
:101CF000EF2080026FF0BED2EFF29ECEEFA0CFDADF
:101D0000E95705C1C16401441729FF1F130989BAA6
:101D10009309400EFD14094AEF30CF906346A400AA
:101D200081473E856FF01ECF330534038327090BAF
:101D30003E958357C50163889700834705026384F6
:101D40004701EFF01FF70504C1BFEFF21ECB834739
:101D500005FE85466398D7001305C5FDEFF09FC2C9
:101D60006FF0FECB8946E39DD7FEFDD91305C5FD77
:101D7000EFF07FC6F5B79727FF1F9387A7E9984332
:101D80003DCF8546F157631DD706EFF21EC7972753
:101D9000FF1F9387E7E22A8788433E8405C9972679
:101DA000FF1F83C666E28D476392F60239E39727E9
:101DB000FF1F938727E79C4395EB9727FF1F2385FA
:101DC00007E01C4003D50700EF205FACEF207FAD9C
:101DD0001725FF1F130505DD9727FF1F23AC07E21B
:101DE000EF10707681473E856FF07EC3EFF01FA342
:101DF000E9B703550500CD45EF209FA8D9B7F9579E
:101E00003E8582809727FF1F9387C7E09C437955C3
:101E1000BDC3094771556383E7008280EFF2FEBDC1
:101E20001724FF1F1304C4D9184015C38347840027
:101E30008546FD1793F7F70F63EBF6000355070090
:101E4000CD459727FF1F238107D8EF207FA31C4094
:101E500003D50700EF205FA6EF207FA71725FF1F00
:101E6000130545D49727FF1F23A607DAEF10B06D9F
:101E700001456FF0DEBA828015C1EFF21EB81C4139
:101E8000AE842A8489C72E860145814582975C40AD
:101E900081C7A685014582976FF07EB88280EFF2F8
:101EA000DEB597B70000938727829C43AA8501453A
:101EB0009C4782976FF0BEB6EFF23EB42A8403458A
:101EC00085019307F00F6314F500EF60CFD99307F6
:101ED00020033305F5020328C40181460147930519
:101EE000000293076509034574017D890505335692
:101EF000D800058A01C605071377F70F8506E39812
:101F0000B6FE198D130740063305E5023E9593078B
:101F1000C0126354F5001305C0126FF05EB0EFF20B
:101F20003EAC1C4D03548500B28995834E04858BCD
:101F30004111AA842E894D80314691C32146330731
:101F4000260383D74401998F6344F60013F6F70FF5
:101F500083C564014E8532C6EF305FAF9C4C93550C
:101F600064004E85860793F70708DD8DEF301FAEBE
:101F70000A0493553900C18D93F5F50F4E85EF3066
:101F8000FFAC9C4C931559004E85FD8BDD8D93F570
:101F9000F50FEF30BFABDC40931529003246BE95FC
:101FA0008C414E85EF30BFA841016FF0BEA6EFF225
:101FB0003EA3AE8A8345A5002A84B2890545014621
:101FC000368A3A8BEF20BFBD3DC19304C5002A89F4
:101FD000A5452685EF305FBD630D0B0483450B00DF
:101FE00093F5F5072685EF307FA603D64A0083A533
:101FF0000A002685EF30BFA39717FF1F9387C7738B
:102000009C43C9C750401C4083558400035646007A
:1020100003D5C70105478146EF80DF8915E95C409C
:10202000839747006354F0064A85EF30FFC165553A
:10203000A1A85C400547814583D727008D07C207CB
:10204000C183E371F7FA0C44E98193E5050459BFB4
:102050009717FF1F9387076E83A807000548A68779
:1020600005478146014681452285829805C15C402D
:1020700083974700635CF0004A85EF30FFBC4E85D4
:10208000D285EFF07FDF01456FF0DE98D2864E8675
:10209000CA852285EFB08F85C5BFEFF27E942A8472
:1020A000130545022E89EF10104A9717FF1F9387DB
:1020B000A7689C4395CB8307740163D70702034647
:1020C0007401054581457D8A0506EF80C02E5C4C74
:1020D0007D15638BA7000356240183550401084036
:1020E00093068400EF809F8F814458409399240089
:1020F0004E97084319C5EFF09FDA5C40CE9723A0B6
:102100000700834774018504FD8BE3D097FE834766
:10211000740193F7F7FBA30BF400630B09008147ED
:102120000148232004001CC42326040123280400A2
:102130006FF05E8EEFF2DE8A9C45AA842E84B2890F
:10214000239205009CC10149DC4013172900BA976E
:10215000D8488C43A1479316270063C30600B147B4
:102160003387270303D64401198E63D3C7003E8605
:102170002285EF30DF8B83C774010509FD8BE3D522
:1021800027FD83C7740193F7070291EB835744003F
:102190002147639309001147998F2312F4006FF0D0
:1021A0007E87EFF29E852A83084103DE05004111F8
:1021B0000355C5016313AE0603454301098911C5E3
:1021C00003C54500138E650119E1138E5500834543
:1021D0000E001377F7037D55639EE502BE85B68733
:1021E000832643014285468713F816009716FF1F82
:1021F0009386466C94428358A30032C0B38606414E
:102200000358830036C22E86AA86814513051E0018
:10221000EF709FDE41016FF09E807D55E5BFEFF2CC
:102220002EFC2A84035585004111BE89AE8A328A6C
:10223000B6843A89EF101FEAE15739E1035584006B
:10224000EFF08FCCFD570DCD5C488358A4004E872E
:1022500013F817009717FF1F9387C7659C43CA861B
:1022600056C0B3870741035884003EC22686D287F2
:1022700085451105EF705FD83335A000B307A04046
:102280003E8541016FF00EF9EFF22EF72A84130517
:102290008502EF10502B81471CC4835784010148ED
:1022A00023200402C607C58323220402232004003E
:1022B0002326040123280400231CF40081448347BF
:1022C000A4019DC75840139924004A97084301CDA3
:1022D000EFF0FFBC5C40CA9723A007008347A4012E
:1022E000FD17230DF4001C4C8504FD8BE3D997FCEE
:1022F0001717FF1F1307075C1C47230D040093F6F5
:10230000F7FD1716FF1F232BD65A93F7070289CB29
:1023100008438145EFA00F8201C50145EFA00FA939
:102320006FF0EEEFEFF2EEEA832A0502032A450290
:10233000AA84AE8901490144172BFF1F130B4B8F51
:10234000930B8004EF205FB2634BA90201CC83574B
:102350008401814513058402C607C583231CF4004C
:10236000EF10F01C2685EFF03FF263880A0083A788
:102370004A0081C7D2854E8582976FF00EE9B30778
:10238000790303270B00BA97638DF4020397870143
:102390006359070283D6070103D704016393E6025A
:1023A00083D6270103D72401639DE60009CC54445A
:1023B000D847636AD7006396E6001444984763647D
:1023C000D700050941B73E84EDBFEFF26EE1184139
:1023D0007971231001028357C701231101023AD2F8
:1023E000231CF1008357850103476501231F01006A
:1023F000EA07FD87231DF100835725010A07231EE5
:10240000F100930700F8A300F1028347B50123010F
:10241000F1023C083ED4835705012316F10283479D
:1024200075012307F1021C4D9D83858BD98FA3076E
:10243000F1028347D50195CBF1742A8417B90000C6
:10244000130949A69384F40F184C9357870093F708
:10245000F7037D8B6371F70283578401717713074C
:10246000F70FF98F231CF400A5A0A555EFF09FEB03
:1024700045616FF02EDA58408A07BA979C43D1C362
:102480008345740101460545EF206FF1AA8929C1F2
:102490001306C5003285A54532C6EF30EFF00C4C6F
:1024A00032462285A18193F5F503EFF05FA78347BC
:1024B000C401A2864A868507230EF400CE85481003
:1024C000EFA0DFC21DCD8347C401FD17230EF4002A
:1024D0008347C4018DE38317240113058402930508
:1024E00020036358F0008347B401B385B702938596
:1024F0000519EF10D0038347D401FD17A30EF40094
:1025000085BF1C4C03578401A183850793F7F7030C
:10251000A207658FD98F231CF4003DB7EFF2EECDF3
:10252000130585FDEFF07FEA6FF06ECF0347A5013D
:1025300039CF0347C501AA877D171377F70F230EFD
:10254000E50031E7EFF26ECB83162501634AD00038
:102550000347D50111E78145EFF0DFDC6FF02ECCAA
:1025600003D687011167130707F0718F1385870260
:10257000814519EB930520036358D00083C7B70149
:10258000B385B70293850519EF10607AC1BF8280C9
:10259000EFF2AEC62E85EFF07FF96FF04EC8EFF286
:1025A000CEC583578601AE84328413971701634EDC
:1025B00007001C5299CB9C4389CB5052829783577A
:1025C00084011167D98F231CF40081C42285EFF0A8
:1025D000FFF56FF0CEC4EFF2CEBFAA8413F5F50776
:1025E000328915CDA947630BF51883C7440101440F
:1025F00093F707049DCB9717FF1F938767139843A3
:102600006306071C9717FF1F9387C72A9C5F918358
:10261000858B639D071AA68502972A8439A00357E4
:102620004600954763E6E7007D5422856FF0EEBDD6
:102630003285368AEF30CFCF9317150193D9370102
:102640009717FF1F9387470F9C43935AF500C20AC1
:1026500093DA0A018DCB8387440163D60702DC48F5
:1026600013F717009717FF1F9387C7249C43998F71
:1026700013D78700E207B3E737012320FA002322AC
:10268000EA0001445DB74A85EF30CFCD096B83DBAB
:1026900084002A898144171CFF1F130C6C59930C6A
:1026A00080047D1BEF204FFCE3D0A4F83384940317
:1026B00083270C003E9418445444B3776701639019
:1026C000370583572401638D7701638A0A021C4C06
:1026D0000346A401FD8B85076313F60223197401D9
:1026E00083172401E352F0F42320EA002322DA00C6
:1026F00063190900A9552285EFF0DFC259B7850497
:1027000055B74A85EF90FF801C4C7D15FD8BE3CDBE
:10271000A7F013058402370A0040EF10C0627D1A4B
:10272000854A4A85EF90AFFC01E98347A401A9C718
:102730002285EFF09FC9B1B75840B30745018A071A
:10274000BA979C439304F5FF8DC393F9F40F8A095C
:102750004E970843EFF0AFF45C40BE9923A0090008
:102760008347A401FD17230DF40033959A00134508
:10277000F5FF3379A90075B78145B5BF035746000A
:102780008947E3F3E7EA03D7A4009717FF1F83D72E
:10279000A7490144E31BF7E83285EF308FB5AA89DA
:1027A0004A85EF30EFB8D04493F9F907AA86218221
:1027B0009377F60705461D8E83D5A40003D58400C4
:1027C0004E961376F60FEF50BF8385B59717FF1F10
:1027D0009387870C9C436154E38907E44A86A68566
:1027E000829725BDEFF26E9E7971AA8A2E8A32C039
:1027F000368B3A848144014D01499719FF1F938913
:102800002943930B8004EF202FE663CCA414F154EA
:1028100063050D1403A64A006305041883470400EA
:1028200093E707F8230BFD0083D78A0003574A007C
:10283000B33580002318FD0083574600A1492319B2
:10284000FD009307F7FF11E0B149B3C73703835683
:102850008D011715FF1F1305E505231AED00819A59
:102860009605FD8BDD8E231CDD008507230DFD0005
:102870001C4503284500898313F717001C41998FD5
:1028800013D78700E207B3E707012324FD0083A7DE
:102890000A002326ED0023226D032320FD0082473A
:1028A0002320FD0293070040231EFD0083C7AA00DA
:1028B000A30BFD0003A78A004D839377070413F74A
:1028C000F6FB5D8F231CED0083C7BA001377F7F783
:1028D0009316F900858B9E075D8F93171701C583AB
:1028E000D58F13D78700231CFD0093770708A30C0F
:1028F000FD0083578D011307F00F93F7F7FDCD8F80
:10290000231CFD008347A6002AC2639DE70AEF50FF
:102910009FB5A30DAD009714FF1F9384E4E19C4085
:10292000130C8D006388071683270D0003278D0184
:1029300003562D0183D58A0003D5C7017D8B05077A
:10294000E286EF703FF76317051483172D01635379
:10295000F0146A85EFF05F93E554268545616FF0CA
:102960008E8AB387740303A70900BA9703C7A70128
:102970000DC703D68A0083D607010147631BD60023
:1029800003A74A0083D72701035747001D8F13373A
:1029900017003369E9008504BDB5E31E0DFE3E8DC9
:1029A000DDBF8357260005478D07C207C1836365D6
:1029B000F700930700F8BDB583A78A00E98393E782
:1029C00007FC8DB5A30DFD00B9B73247035CA1002C
:1029D00063F3E7003E8C83A70C00420C135C0C01F0
:1029E0009C4362D001460C1001458297AA8935D1DB
:1029F000E2855285EF20BFFD6286AA854E85EF8075
:102A0000A01783274D00131C2400E29723A0370151
:102A10009C40A1CF1C103ECAB70710003ECC500806
:102A20001C10A2856A853ECEEFF06FCF03278D0183
:102A300009467D8B6303E400054603AE0D0005489F
:102A40005C080507DE8681455685029E19CD83A761
:102A50004A0083974700635AF0004E85EFF02FC479
:102A600083274D003E9C23200C0005041374F40FB3
:102A700083574A00B9FB9C40A9C383274D009C4360
:102A80008DEF6A85EFF05F800245DA85EFF0CFBE0B
:102A90008144E1B5814B11E0E28B93970901C18339
:102AA0000144231531013EC697AC0000938CCCC184
:102AB000971DFF1F938D0DC865BF63050900EF903B
:102AC0001FB3F9B76A85EFF05F909717FF1F9387E1
:102AD000E7DC9C438144E38207E892479C5F918353
:102AE000858BE38C07E6EF90AFA885BDEFE2FEF0A3
:102AF000EF208FB7930780043305F502A145EF90CF
:102B00006FC301E565556FE09EF19717FF1F23A185
:102B1000A71201449714FF1F9384841113098004A2
:102B2000EF208FB46369A402EF200FB5A1451A0509
:102B3000EF904FC061D99717FF1F23A9A70E01443B
:102B4000B1441719FF1F1309690EEF20EFB2636438
:102B5000A40201454DBFEF202FB091450A05EF902B
:102B60006FBD4DD1330724039C4005041374F40F4B
:102B7000BA97C8C375B7EF202FB133559502914569
:102B8000420541810A05EF90EFBA2DDD8327090048
:102B9000131764000504BA97C8C31374F40F75B70C
:102BA000EFE21EE4C1642A8901449719FF1F93894B
:102BB00069D0130A8002FD14EF20CFA76345A4005B
:102BC00001456FE03EE53305440383A7C90A3E95FE
:102BD000835705006386970083572500E38327FF0B
:102BE0000504D9BFEFE27EE1C167BA841387E7FF2E
:102BF00041113684639BE500238004009717FF1F73
:102C00009387C7D41CC081471DA8F5172A896391F3
:102C1000F50432852EC632C4EF10CFCB71FD971765
:102C2000FF1F938727DE9C432246B2451397170167
:102C3000635007023285EFE03FAD11E5FD573E8559
:102C400041016FE0DEDD110508C02380040065BF8F
:102C5000E30609FE2E85EFF0BFF4E1576DD103477F
:102C6000F9018947631DF7008347450089CB930726
:102C700075011CC0834765012380F40069B7930781
:102C800065001CC083475500C5BF83D7450099E741
:102C90007D5582807D5505616FE0DED7EFE25ED421
:102CA000130700182A8401112D55E366F7FE2E85BF
:102CB000B6893289AE84EF207FD38D47E3FCA7FC31
:102CC00003DA4400EF200F9811055C40635845017A
:102CD00003C79700136707F8A384E70003D64700EC
:102CE00083D5270008401307B1017408EFF09FEF68
:102CF0005DF18347B101139727008347B4008D8BA3
:102D0000D98FA305F4005C408387970063D907003F
:102D10002685EF20BFCD1335850013451500834769
:102D2000B40006059166F59B5D8D5C40A305A4008B
:102D3000014703D54700A167A98F63F5D700EF507E
:102D40001F812A875C409716FF1F9386A6B683A82B
:102D5000060083D5270003D847009C4610448D0504
:102D60008983858BB387F8403EC0C20583A846009F
:102D70008357840072456582C181A686058A93B512
:102D80002500EF70CF9EE31805F05C400147CE862A
:102D9000838797004A86A685228563D50700EFF0D2
:102DA0007FA4D5BDEFF0AFA0FDB5EFE21EC5328820
:102DB0003A861397060101114183A307B100231C32
:102DC000E100231DE10042CA42CEAD45584163F8FF
:102DD000D5008345970093E505F8A304B700FD5699
:102DE0002311D70003079700635B07001307F10067
:102DF000BE864C08EFF01F9F05616FE05EC21307AF
:102E0000F100BE864C08EFF08F9AFDB7EFE25EBD91
:102E10003E848357C5010111231901002314F100D9
:102E2000FD572315F1003C002ACA2317010023187F
:102E300001002316C1002309D10002CE3ECC2E8909
:102E4000BA89C2842E8563040800EF102F9B231ECD
:102E5000A100EF502FA29717FF1F9387A7A59C5F94
:102E6000230FA10001459183858BADE342091359DE
:102E70000941635D200503D709001398F4009946C2
:102E80004E0745833368070193178800420813589B
:102E900008011358880033E807019357040113D73A
:102EA0008700A301F1009317840042044180218030
:102EB0005D8C2301E100814701470A86814548086E
:102EC0002310010123128100EFF03FEE05616FE056
:102ED0007EB4EFE29EB22A849304C5FDEF10FF9505
:102EE0008327C4FF1D8DBD67938707A663F8A700DE
:102EF00081452685EFF06F9A6FE07EB2032804FFCC
:102F00008355E4FE832784FF834644FF0356C4FEB3
:102F10000325C4FD1358F801130744FEEFF01FEF1B
:102F20002685EFE07FF9AA852285EF005060E9B79A
:102F3000EFE2BEAC01112E89AA84EF501FDD2A8476
:102F4000FD572315F1008357C40203554503231988
:102F500001002316F10083471403231701002318EF
:102F600001002309F1002314A10002CA02CC02CE01
:102F7000EF906FB42ACA08403C003ECCEF100FA778
:102F800083570500231EF100EF50CF8E8357C402F4
:102F9000230FA100B1CF834714032302F100EF50A8
:102FA000AF9A7D1513341500EF504FBD854763145C
:102FB000F50013642400EF506F9A85476314F50001
:102FC000136444009717FF1F9387C78E9C5F9183FC
:102FD000858B99C313648400CA8726878D46500069
:102FE000A9454808A302010023038100EFF0FFDB9D
:102FF00005616FE0DEA2EFE25EA081450145EFF0E2
:103000003FF36FE0DEA1EFE25E9F01449714FF1FE4
:10301000938404C213098004EF101FE56345A400E4
:1030200001456FE0DE9F330724039C40BA9783C7B6
:10303000A70199E30504CDB70545E5B7EFE2FE9B8F
:10304000AA8401441719FF1F1309C986EF109FD5E1
:103050006353A4028327490B131534003E9583570D
:103060000500639C9700231005002322050023011F
:103070000500EFC0BFB96FE09E9A0504C1BFEFE243
:103080003E962A842E89EF10FFD319C1014565A011
:1030900083474401414793F60703E389E6FE93F72C
:1030A0000704EDD7EF101FD075D181448149171A5D
:1030B000FF1F130A2A80EF10FFCE63CCA900EF1088
:1030C0007FCE639BA90E81449709FF1F9389897E58
:1030D00089A883274A0B93943900BE9403D7040030
:1030E00083578400E30DF7FC8509F1B783A7490BEB
:1030F000139534003E95835705009DE36305090051
:103100002320A90061B7835784002310F5001C48D1
:103110005CC15C48858B2301F500EFC03FAFBDB7B4
:103120008504EF103FC8E3C3A4FCEF10BFC8854778
:103130006305F50005456FE0FE8D9714FF1F83D4EE
:10314000C4AE1707FF1F1307E77693973400832455
:10315000470BBE9403D50400EFB0AFFC03D50400C9
:10316000EFF0DFED630C0902232099009717FF1F92
:1031700083D7A7AB85071717FF1F2318F7AAEF10F0
:103180007FC242059717FF1F83D727AA4181E3EF2C
:10319000A7EE9717FF1F239A07A8CDBD835784007A
:1031A00026852390F4001C48DCC05C48858B238175
:1031B000F400EFC0BFA55DBF8347440103C72400EF
:1031C000858B99C725DBD8401C48E375F7F611A01D
:1031D0007DDB63050900232099004DBD83578400E2
:1031E00026852390F4001C48DCC05C48858B238135
:1031F000F40025B7EFE26EFD03584500217102D2BD
:103200009147832B050063E707017D594A853961A2
:103210006FE06EFF2E842A8A4C102285BA8DB68903
:10322000328CEFF0DFE575F185455285EF20EFF840
:103230005285EF20FF8F13193500098189644205FB
:103240004181938CF4FFB37495015285EF207F8AFE
:1032500013798901935755003369F900137DF501FE
:103260001379F90F137BFD0FE3612BFB5C481848C2
:10327000970AFF1F938A0A6493F6170083A70A0030
:10328000B3049740B3F49401958F93D68700B304A9
:103290009740E207DD8C23A2D90023A09900930C6C
:1032A0001B0023809D01814636CEEF10FFBCF24605
:1032B0001718FF1F1308889763D0A60483270800F8
:1032C00093946600BE9498481C446316F706D8444D
:1032D00083A749008C4403A609006366F700639046
:1032E000E74863FEC54683C7740193F70704A1C787
:1032F00085452685EFE07FDA5C4821478D83858B05
:1033000091E33147B3046703EF101FB863C4A4040B
:10331000032844018346E400035684008355A40037
:103320000840135878001378180081474E87EFF053
:10333000FFAD2D59E1BD850685BF8357840023105D
:10334000F5001C485CC15C48858B2301F500EFC08B
:10335000FF8B49A19707FF1F9387073E9C4381EF8F
:10336000814DEF107FB19717FF1F9387278C63CB99
:10337000AD045D5961BD5C481307000893F7070C65
:10338000E390E7FE1C4003C70D000356A4008355DD
:10339000840003D5C701CE86EF70CFD171F1032829
:1033A00044018346E400035684008355A40008408A
:1033B000135878001378180081474E87EFF01FA547
:1033C0006559A9B5984393946D00BA9403C77401E5
:1033D0009376070499C2850D69B713670704A38B19
:1033E000E4001C409CC05C488A0793F60702937770
:1033F000F7FDD58FA38BF40003A6090083A649002F
:10340000819BB3E7A701A38BF40090C4D4C403C786
:103410000B0093F7F707238BE4000347E400238CAA
:10342000E400035784002398E4000357A40023AE6C
:1034300004002399E400584813770708D98FA38B19
:10344000F400DC4CB3D72701858B63950738DC4843
:1034500003574A00F583858B6317690B931609019F
:10346000C182214691E33146B387C6023E97239A33
:10347000E400EF108FBC138D440288D06A85EF0002
:10348000D00009ED83A78A039183858B81EB268584
:10349000EFE09FA2AA856A85EF0070095C4821478A
:1034A0008D83858B91E33147DC40BAC017970000CC
:1034B000130787211843931D2900130B0104184398
:1034C000EE970146DA8501453ECE0297F24788C362
:1034D000DC40BE9D03A50D000DED0328440183557E
:1034E000A4008346E4000356840008401358780083
:1034F0001378180081474E87EFF05F918545268548
:10350000EFE0BFB975BDA14691E3B146E383E6F6AE
:10351000EDB903564A0083250A00054A33192A01EA
:10352000EF708065DC4C668605453369F90023AE93
:1035300024018145EF6030687D156306A9002320D2
:103540004C010149E1B1125509CD83578400231084
:10355000F5001C485CC15C48858B2301F500EFC079
:10356000EFEA89472320FC006A85EF00C07D03A8AD
:103570004401DC4C8346E400035684008355A400D8
:1035800008404E871358F801EFF05F8883474401E5
:1035900013F7870005CBB707000101464C182685B5
:1035A0003EDC5ADA5ADEEFE0FFB883C50B00CE8668
:1035B00050182285EFF02F822A8981452685EFE079
:1035C000DFADA9B183C91B0003AA840037078001BE
:1035D00083CC0B00220A3AD693D979005AD45AD810
:1035E000135A8A0083D6440125476393090015477F
:1035F0007D59E3C4E6FC1707FF1F1307E7131843C1
:1036000011C793F7070499E3014945BF0355A40087
:10361000A1671167A98F814B63F5E700EF403FF386
:10362000AA8B93D76C00858BBDCF114C63830900A7
:10363000214C420C135C0C01014B130D8002EF1066
:103640006FFF93170B014205C1834181E3FEA7FA87
:1036500003A3CA0AB30DAB034E862C1026851ACEDF
:10366000EFE05FADA25783A5CA0A930841033EDE8F
:103670003EDA83D74401130881026687B387874106
:10368000231DF102DE86CE875286EE952285231C0D
:103690000102EFE01FB12A89050B55F172439A9D93
:1036A00083D72D0075A09707FF1F9387A7359C43ED
:1036B00013971701635007044E862C102685EFE000
:1036C0007FA7A25721473EDE3EDA83D744016393AA
:1036D00009001147998F231DF10238105C18CE861E
:1036E0005E86D2852285231C0102EFE05FB32A8922
:1036F000F55739CD4E862C102685EFE0BFA3A25793
:1037000021473EDE3EDA83D7440163930900114727
:10371000998F231DF1025C4852C0341013F7170033
:1037200083A70A004E868545998F3EC28358A40020
:1037300003588400DE8758181705FF1F130505215D
:10374000231C0102EF605F8B2A89F957E31705E616
:103750002313F4004C182285EF00FFDDB9BDE3E62A
:10376000E7AA6314F700E362B6AA03C70B0083C796
:103770006401E31CF7A803AD440193578D01FD8B51
:10378000E39567A95C481357DD01058B8D83858B15
:10379000E31DF7A683C7740193F70704E39307CAF1
:1037A000DC4C6686054581453ECEEF60D040F24751
:1037B0007D15E39CA7A48346E4000356840083554B
:1037C000A40008401358FD014E87EFF02FE4125576
:1037D000E31505B679591DBC9707FF1F2396A7442B
:1037E0008280EFE28E9E3971FD57170AFF1F130A80
:1037F000AAF43ED683270A007D573AD402D2A30109
:103800000102AA842E84638707109C4183D5A500FA
:1038100003D5C701EF700F86834744011E0593F758
:10382000F707C98F230AF400A5452685EF20EF98F6
:10383000970AFF1F938A8A0683A70A008DC7170776
:10384000FF1F130727071C5F9183858B89CF834751
:10385000440193F6070381EA54532147695963975A
:10386000E60A918BC5C72685EF20AF979C40AA8BAF
:1038700003DC44008387070063D3070A5C480149DF
:1038800093F7070CC1C71307310234105010A285FB
:103890002685EFF03F962A8983A70A0085C317077C
:1038A000FF1F130727011C5F9183858B81CB585322
:1038B000A1476315F7002285EF806FE19C44C20B9E
:1038C00093DB0B01BE9B83270A0023A07401239284
:1038D00084018DCF8307440163DA0702631809026C
:1038E0009707FF1F938707E583A80700A257FD5698
:1038F00012560347310201486393D71CB2566390B6
:10390000F61CA6878146A285014582984A852161D9
:103910006FE06E8F83C7450193F7F70721B785479F
:10392000A301F10263140C007D59BDB781452285C6
:10393000EFF0EFF475F92685EF20AF9B8347440144
:10394000AA8CA18B81CBAA85341026862285EFE034
:103950009FC891B75C48014993F7070C95DFEF10BA
:103960006FCE110542054181EF10F03EAA89630632
:1039700005142ADA231C0102EF10CFCC03D7440030
:103980001105231DA1024EDE914763E6E7004E8537
:10399000EF10503751BF83270A0091CB8347440172
:1039A00093F7070489E74E85EF10D035F5B5035539
:1039B000A400A1671167A98F014B63F5E700EF40F1
:1039C0001FB92A8B83D74400F1172392F40093D7B1
:1039D0006C00858BE1E39707FF1F9387A7029C4349
:1039E0001397170163510702F2570C4826873EDAF6
:1039F00081465C185A862285231C0102EFE03F8233
:103A00002A89F55739C1F2578358A4000358840016
:103A10003EDA5C48A686014613F717009707FF1F9A
:103A2000938747E99C4385451705FF1F130505F25A
:103A3000998F3EC21C485818231C01023EC0DA87E9
:103A4000EF608FDB2A8925F1F9572313F4004C1816
:103A50002285EF005FAE81BF93078002B387FD022E
:103A6000032ECD0A10489308410326886687DA861C
:103A70002285231C0102850D3E9EF257F28572CEEF
:103A80003EDA8147EFE0EFF12A8911E9724E835760
:103A90002E0065BF814D170DFF1F130DADE1EF1017
:103AA0006FB9420593970D014181C183E3E6A7FAFF
:103AB0004E85EF1030250149C5B35D59F1BBA6878E
:103AC000341091B582808280EFD23EF30144970496
:103AD000FF1F9384A415EF102FBA6344A402970725
:103AE000FF1F938727DD03A4470BEF10AFAB13161F
:103AF000350081452285EFD05EF3EFC00F936FD084
:103B00001EF288409317640085453E95EFE0EFD89C
:103B10000504D1B7EFD27EEE01449704FF1F9384D2
:103B2000241113098004EF102FB46344A4006FD054
:103B30001EEFB3072403884005043E95EFE0CFF461
:103B4000DDB7EFD2FEE901449704FF1F9384440ED2
:103B50001309800497F9FFFF9389899CEF10CFB078
:103B60006341A40201449704FF1F9384240C17F9B6
:103B7000FFFF13094936EF102FB0634EA4006FD03A
:103B80007EE9B30724038840CE8505043E951305DE
:103B90008502F928E1B7884093176400CA853E95ED
:103BA00013054502F1200504F9B7EFD21EE51C45C7
:103BB0002A84858BA1CF9706FF1F9386A6079C4278
:103BC000014795C36311F4041C40D4420DE7170765
:103BD000FF1F2321F7066316D4001707FF1F232DAD
:103BE000F704232004001C44232C04000145F99B06
:103BF0001CC46FD0DEE21CC3E315D4FE9707FF1F81
:103C000023ACE702F9BF3E879C4365BF3105ED2C2D
:103C1000D9BF8589B1C1EFD25EDE1704FF1F13043F
:103C2000640108401DC51C411707FF1F2324F7002E
:103C300058406316E5001707FF1F232FF7FE1C45AA
:103C4000584193F6E7FF14C5858BE1DF79DB0297D6
:103C5000C9BF01456FD0BEDC01458280EFD2FED9DD
:103C60002E8431468145EFD05EDC40C16FD03EDB13
:103C7000EFD2BED82A84EFF07FFE2326040023284B
:103C80000400232C04006FD09ED9EFD21ED731053B
:103C9000F92295473305F502A1473345F5026FD068
:103CA0001ED89C4513E7170098C5858B9DE3EFD27E
:103CB000DED45C4123A0050091EB4CC10CC103454F
:103CC00085008545EF10D03D6FD07ED58CC34CC1AB
:103CD000FDB78280EFD2DED03559634A06009C4D95
:103CE000B2842E84AA8999C731596387A7004A856F
:103CF0006FD05ED2014919E52285EFF01FEB2A89CA
:103D0000E34705FE8E049545B3C5B402232C340168
:103D10001305C4006122E1BFEFD23ECEAA8517058C
:103D2000FF1F130525F1EFF0DFF76FD05ECFEFD265
:103D3000DECC2E86AA851705FF1F1305A5EFEFF031
:103D40007FF96FD0DECD1C4D99C7EFD21ECBEFF0BF
:103D5000DFE56FD0DECC7D558280EFD21ECA17051D
:103D60000000130545EBEF2040089707FF1F9387DE
:103D700067EC2384A70023A0070023A207006FD0CD
:103D80001ECA97E7FE1F9387A7E288436313F500D7
:103D900001458280EFD27EC6EFF0BFFEFD5711C114
:103DA0001C453E856FD0BEC7EFD23EC5EFF07FFD0C
:103DB000AA87014599CB804785451705FF1F034515
:103DC00025E8EF1070553305A4406FD05EC5EFD2E3
:103DD000DEC241112AC685451705FF1F034545E68A
:103DE000EF10304C85451705FF1F034565E5EF10C3
:103DF000D02F3246634A06001705FF1F034545E4EE
:103E0000854511E6EF10D02941016FD05EC1EF105A
:103E1000B032DDBFEFD27EBE930545FF4845EFF0DF
:103E20005FE86FD0DEBF85898DC9EFD21EBDEFF090
:103E30005FF509CD544118412324050098C254C3AD
:103E40002320050023220500EFF0DFFCEFF09FF4B4
:103E5000EFF0FFF701456FD09EBC014582801C4109
:103E600085CFEFD29EB9AA84EFF0BFF197E7FE1F8E
:103E7000938707D4DC43014419E5EFF0FFF23305E3
:103E8000A4406FD0DEB918453A94E30895FE75D585
:103E9000E305F5FE0841CDB701458280EFD2FEB5BE
:103EA0000CC52A84EFF05FF0AA84EFF09FED01C506
:103EB0001C45858F1CC5EFF0DFEC97E7FE1F93874D
:103EC00027CFD04311E950C01CC0DC4380C397E723
:103ED000FE1F23A187CE29A8144518446350D7029A
:103EE0005C413387E64018C55CC008C080C340C150
:103EF000EFF05FEAEFF0BFED6FD07EB2158F18C420
:103F0000E303A6FC08417DBFEFD23EAF1C41FD5448
:103F1000B1C72A84EFF0FFE62A8901456314240122
:103F2000EFF09FE817E7FE1F130787C858431C40B0
:103F30006308E40091C71844098F88473A9588C7F9
:103F4000584081441CC3D8C323200400232204000A
:103F500063162401EFF01FE4EFF07FE726856FD0B2
:103F60001EACEFD29EA917050000130505ECEF105B
:103F7000D0679707FF1F2385A7CC6FD05EAA11E2F9
:103F800082807D16B387C50003C70700B307C5004D
:103F90002380E700EDB79707FF1F23A5A7CA8280FC
:103FA000EFD2BEA51C412A84B284858B014989CBFE
:103FB000B2862E86AA8597D0FE1FE780209F2A8989
:103FC000A685228597D0FE1FE780409C630A0900E2
:103FD0008A04F11426941C4037070080D98F1CC036
:103FE0006FD0FEA3EFD2DE9F039A26009307000254
:103FF000AE891304FA013344F40293844602AA857D
:10400000B28A4E852686054962046184A28697D0CD
:10401000FE1FE780A09911ED931754000149635AE0
:10402000FA00D2854E8597D0FE1FE780808C333909
:10403000A000A2862686CE85568597D0FE1FE780F3
:10404000E0964A856FD01E9DEFD29E9901112146C0
:104050002E842A8997D0FE1FE780608E5C54A1468B
:104060000A863EC61C588A850A853EC85C5802C42A
:1040700002C23ECA1C5C02C03ECC5C5C3ECE97D005
:10408000FE1FE780A092AA84A1460A86CA854A85B7
:1040900097D0FE1FE78080911C58AA94A1463EC687
:1040A0005C580A868A853EC81C5C0A8502CE3ECAD8
:1040B0005C5C3ECC97D0FE1FE780408FAA94A1465F
:1040C0000A86CA854A8597D0FE1FE780208E1C503D
:1040D000AA94A1463EC05C500A86CA853EC21C54C2
:1040E0004A8502CA3EC41C5C02C802C63ECC5C5C67
:1040F0003ECE97D0FE1FE780608B5C50185CAA9480
:104100003EC01C543AC8585C3EC25C54A1460A8664
:104110003EC45C58CA854A853EC63ECC1C503ACA4D
:104120003ECE97D0FE1FE78060885C54AA94A146DB
:104130003EC01C580A86CA853EC25C584A8502CADF
:104140003EC41C5002C802C63ECC1C543ECE97D082
:10415000FE1FE78040891C58898CA1463EC05C58F0
:104160000A86CA853EC21C5C4A8502CA3EC45C5CA3
:1041700002C83EC65C503ECC5C543ECE97D0FE1F7B
:10418000E78060865C58898CA1463EC01C5C0A862C
:10419000CA853EC25C5C4A8502CC3EC41C503EC609
:1041A0005C503EC81C543ECA1C583ECE97D0FE1FE1
:1041B000E78060831C5C898CA1463EC05C5C0A86FB
:1041C000CA853EC25C504A8502C43EC61C5402CC1D
:1041D0003EC85C543ECA5C583ECE97D0FE1FE78076
:1041E00080803384A44097E4FE1F9384249D63471A
:1041F0000402854911E82146CA85268597C0FE1F1D
:10420000E780206263073503A1462686CA854A8572
:1042100097C0FE1FE780207D098CE9BFA146268656
:10422000CA854A8597C0FE1FE78040782A94E347F5
:1042300004FE05616FD00EFEEFD28EFA1D712A8446
:1042400032892E8A714681454800EFD00EFE8304E4
:1042500009008D475286A686D28508103EC097C0B9
:10426000FE1FE780807F8327C90A0C102285829772
:10427000A6860A86A28522859309490097C0FE1F5B
:10428000E780607609C9A6864E86A285228597C0FA
:10429000FE1FE780A071830609005286A2850810E0
:1042A00097C0FE1FE780607B8327C90A0C10228518
:1042B0008297A68613064908A285228597C0FE1F0D
:1042C000E780C06E19E92686A2854E8597C0FE1F3D
:1042D000E78020558547630AF500A6864E86A285AD
:1042E000228597C0FE1FE780007025616FD08EF297
:1042F000EFD20EEF8384060019712A89AE8A3285C7
:10430000A6853284B68997C0FE1FE780605C63197A
:10431000052CA6865686D685880097C0FE1FE780A6
:10432000C07383A7C90A8C000A8582978386090017
:104330000A86CA85880097C0FE1FE780007283A79F
:10434000C90A8C0008108297838609000A868A852C
:10435000880097C0FE1FE780407083A7C90A8C00C1
:104360000A858297838609002286D685880097C0B1
:10437000FE1FE780806E83A7C90A8C00568582974E
:10438000838609002286A285880097C0FE1FE780E9
:10439000C06C83A7C90A8C0022858297A6862286D4
:1043A000CA854A85138A490097C0FE1FE7800060CE
:1043B00019E92686CA85528597C0FE1FE7806046A8
:1043C0008547630AF500A6865286CA854A8597C046
:1043D000FE1FE7804061A6862286A285228597C0BF
:1043E000FE1FE780A05C19E92686A285528597C04A
:1043F000FE1FE78000438547630AF500A6865286C4
:10440000A285228597C0FE1FE780E05DA6862286F2
:10441000CA85228597C0FE1FE780E05C09C9A68691
:104420005286A285228597C0FE1FE780205883868A
:1044300009002286CA85880097C0FE1FE780E061D8
:1044400083A7C90A8C004A858297A6864A86CA85B0
:10445000228597C0FE1FE780605519E92686A28550
:10446000528597C0FE1FE780C03B8547630AF50071
:10447000A6865286A285228597C0FE1FE780A05699
:10448000A6862286CA854A8597C0FE1FE78000520D
:1044900019E92686CA85528597C0FE1FE7806038D5
:1044A0008547630AF500A6865286CA854A8597C065
:1044B000FE1FE780405381454A8597C0FE1FE78075
:1044C000404363020512A6865286CA854A8597C074
:1044D000FE1FE780A04D2A8BA6854A8597C0FE1F48
:1044E000E780C04A93972400F117CA9788437E0B50
:1044F0003365650188C3838609004A86CA858800BA
:1045000097C0FE1FE780605583A7C90A8C002285EB
:104510008297A6861010A285228597C0FE1FE7808D
:10452000804C09C9A6865286A285228597C0FE1FA7
:10453000E780C047A6861010A285228597C0FE1F7F
:10454000E780604A09C9A6865286A285228597C05F
:10455000FE1FE780A0450C10A68622862E8597C0F8
:10456000FE1FE780404809C90C10A68652862E859A
:1045700097C0FE1FE7808043838609001010CA851C
:10458000880097C0FE1FE780404D83A7C90A8C00B2
:104590004A858297A6860A86CA850A8597C0FE1F25
:1045A000E780604409C9A68652868A850A8597C035
:1045B000FE1FE780A03F2686A2854A8597C0FE1F82
:1045C000E780E0372686D685228597C0FE1FE780E4
:1045D000003726868A85568597C0FE1FE7802036DD
:1045E00009616FD02EC3A6854A8597C0FE1FE7805C
:1045F000E03911B7EFD2CEBEAE8919712A89B685DE
:104600004E85B284368497C0FE1FE780602C11C9A6
:10461000A2854A8597C0FE1FE780C02909616FD037
:104620006EBF2286CE850A8597C0FE1FE7802031A7
:104630002286A685081097C0FE1FE7804030A2851D
:10464000880097C0FE1FE780E0268547A285881076
:10465000BEC097C0FE1FE780E02522860C100A85A9
:1046600097C0FE1FE780E01B09E922868C004A857F
:1046700097C0FE1FE780A02C55B78247858B89EF36
:10468000A2850A8597C0FE1FE78040302286A68556
:104690008800EFF0FF90D1B78257858B99EBA28508
:1046A000081097C0FE1FE780602E2286A68588101E
:1046B000CDB7A2866359A00410108A850A8597C0D9
:1046C000FE1FE7804032A2850A8597C0FE1FE78063
:1046D000E02B22868C10880097C0FE1FE7806014B4
:1046E000635A05008C00A28626862E8597C0FE1F81
:1046F000E780C02B8C00A28690102E8597C0FE1FED
:10470000E780602E61B70C100A862E8597C0FE1FC9
:10471000E780602DA285081097C0FE1FE780002764
:1047200022868C00881097C0FE1FE780800F635A96
:1047300005008C10A28626862E8597C0FE1FE78076
:10474000E0268C10A28690002E8597C0FE1FE78081
:104750008029A1BFEFD26EA7038C070069712AC21E
:10476000B28D080962862E8D36C63E84BA8B97C0FC
:10477000FE1FE780C01C93172C003EC4EA97628698
:10478000BE8588093EC097C0FE1FE780401BB24629
:10479000830404006384066C2686B685081897C0D7
:1047A000FE1FE780C01926860C09881897C0FE1FD7
:1047B000E780E01826868C09081997C0FE1FE7805D
:1047C0000018830604001018B285881997C0FE1FD0
:1047D000E780A0288327C40A8C198808829783065B
:1047E000040090080C09881997C0FE1FE780E02696
:1047F0008327C40A8C1908098297830604001018BD
:104800008C08881997C0FE1FE78020258327C40ADB
:104810008C19880882978306040090088C098819EF
:1048200097C0FE1FE78060238327C40A8C1988097C
:1048300082978327440AA28610188C090809829758
:10484000830604001018B285881997C0FE1FE78000
:10485000C0208327C40A8C19880882978306040025
:1048600090088C18881997C0FE1FE780001F8327C7
:10487000C40A8C19881882978306040010188C08C3
:10488000881997C0FE1FE780401D8327C40A8C1932
:10489000880882978306040090080C19881997C02D
:1048A000FE1FE780801B8327C40AF91B8C19081997
:1048B000C20B829793DB0B4113094400854C8304A0
:1048C00004006346705B81456E8597C0FE1FE780DC
:1048D0004002B339A00096099C18338A3701933AF5
:1048E00015001C19960ABE999C18338B5701A68691
:1048F0001C195286DA850808BE9A97C0FE1FE78009
:10490000800E09C90C08A6864A862E8597C0FE1F10
:10491000E780C009830604001008B285881997C093
:10492000FE1FE78080138327C40A8C19080882972A
:10493000830604001008D285881997C0FE1FE780FF
:10494000C0118327C40A8C195285829783060400FC
:104950001008DA85881997C0FE1FE78000108327AA
:10496000C40A8C195A858297A6864E86D685080871
:1049700097C0FE1FE780800319E926860C084A8548
:1049800097C0FE1FE780E0E98547630AF5000C0841
:10499000A6864A862E8597C0FE1FE780C004A6869D
:1049A0004E86D685568597C0FE1FE780C00309C98D
:1049B000A6864A86D685568597C0FE1FE78000FFEB
:1049C000A6865286DA85081897C0FE1FE780A001E8
:1049D00009C90C18A6864A862E8597C0FE1FE78057
:1049E000E0FC830604001018CE85881997C0FE1FCE
:1049F000E780A0068327C40A8C194E858297A68675
:104A00005A86D285081897C0FE1FE78020FA19E958
:104A100026860C184A8597C0FE1FE78080E08547F0
:104A2000630AF5000C18A6864A862E8597C0FE1FDD
:104A3000E78060FB830604005686D685881997C0F8
:104A4000FE1FE78080018327C40A8C195A8582974C
:104A5000A6861018DA855A8597C0FE1FE780A0F851
:104A600009C9A6864A86DA855A8597C0FE1FE7805F
:104A7000E0F3A6865A86D285880897C0FE1FE78095
:104A800080F609C98C08A6864A862E8597C0FE1F27
:104A9000E780C0F1830604009008D685881997C086
:104AA000FE1FE78080FB8327C40A8C1956858297F6
:104AB000A6864E86D685568597C0FE1FE780A0F253
:104AC00009C9A6864A86D685568597C0FE1FE78007
:104AD000E0ED830604001008B285881997C0FE1F18
:104AE000E780A0F78327C40A8C19880882978C086E
:104AF000A68610182E8597C0FE1FE780C0EE09C954
:104B00008C08A6864A862E8597C0FE1FE78000EA9D
:104B1000A68652868C08081897C0FE1FE780A0EC76
:104B200009C90C18A6864A862E8597C0FE1FE78005
:104B3000E0E78306040010080C18881997C0FE1FD0
:104B4000E780A0F18327C40A8C1908188297A686EB
:104B50004E860C184E8597C0FE1FE780C0E809C935
:104B6000A6864A86CE854E8597C0FE1FE78000E464
:104B700026868C08528597C0FE1FE78040DCE286BF
:104B800090180C09081897C0FE1FE780C0E509C9F6
:104B90000C18E2864A862E8597C0FE1FE78000E14A
:104BA000830604004E860C18881997C0FE1FE78004
:104BB000C0EA8327C40A8C19081882978306040068
:104BC0006A860C18881997C0FE1FE78000E98327C2
:104BD000C40A8C19081882970C182E85E2864A861A
:104BE000EFF05FA18306040002460C18881997C0F5
:104BF000FE1FE78080E68327C40A8C190818829775
:104C00008306040052860C18881997C0FE1FE7809F
:104C1000C0E48327C40A8C1908188297830404000F
:104C20005A86D285A686880897C0FE1FE780A0DB3B
:104C300009C98C08A6864A862E8597C0FE1FE78084
:104C4000E0D6830604009008B285881997C0FE1F3D
:104C5000E780A0E08327C40A8C198808829783061E
:104C600004009008DA85881997C0FE1FE780E0DE0F
:104C70008327C40A8C195A858297830604009008FA
:104C8000D285881997C0FE1FE78020DD8327C40ADC
:104C90008C1952858297A6865686CE854E8597C0FA
:104CA000FE1FE78040D409C9A6864A86CE854E8578
:104CB00097C0FE1FE78080CF830604004E86CE8516
:104CC000881997C0FE1FE78040D98327C40A8C1932
:104CD000880882978C08A6865A862E8597C0FE1F64
:104CE000E78060D009C98C08A6864A862E8597C0C1
:104CF000FE1FE780A0CB8C08A68652862E8597C023
:104D0000FE1FE78040CE09C98C08A6864A862E85FC
:104D100097C0FE1FE78080C9A6865A86D285528535
:104D200097C0FE1FE78020CC09C9A6864A86D28597
:104D3000528597C0FE1FE78060C783060400528635
:104D4000D685881997C0FE1FE78020D18327C40A23
:104D50008C1956858297A6869008DA85528597C069
:104D6000FE1FE78040C809C9A6864A86D2855285BB
:104D700097C0FE1FE78080C3830604005286CE855D
:104D8000881997C0FE1FE78040CD8327C40A8C197D
:104D90004E858297A6865686CE854E8597C0FE1F85
:104DA000E78060C409C9A6864A86CE854E8597C02D
:104DB000FE1FE780A0BF26868C08528597C0FE1F85
:104DC000E780E0B7830604001018B285881997C001
:104DD000FE1FE78080C88327C40A8C198808829741
:104DE0008306040090088C18881997C0FE1FE7807E
:104DF000C0C68327C40A8C198818829783060400CA
:104E000010188C08881997C0FE1FE78000C58327FB
:104E1000C40A8C19880882978306040090080C192C
:104E2000881997C0FE1FE78040C38327C40A8C19E6
:104E300008198297124562868C1897C0FE1FE7807A
:104E400000B0924722470C1962863385E70097C06D
:104E5000FE1FE780C0AE55616FC0FEBAA685081878
:104E600097C0FE1FE78000A585473ED82DBADE8596
:104E70006E8597C0FE1FE780C0A7133A1500B3895F
:104E80004C4196099C18B38A37011C19160ABE9921
:104E90009C18338B4701A6861C195686DA850808AC
:104EA0003E9A97C0FE1FE78000B409C90C08A68689
:104EB0004A862E8597C0FE1FE78040AF8306040018
:104EC0001008B285881997C0FE1FE78000B98327B4
:104ED000C40A8C1908088297830604001008D68536
:104EE000881997C0FE1FE78040B78327C40A8C1932
:104EF00056858297830604001008DA85881997C0C2
:104F0000FE1FE78080B58327C40A8C195A858297D3
:104F1000A6864E86D285080897C0FE1FE78000A9A6
:104F200011E926860C084A8597C0FE1FE780608F2E
:104F3000630A95010C08A6864A862E8597C0FE1F37
:104F4000E78060AAA6864E86D285528597C0FE1F4E
:104F5000E78060A909C9A6864A86D285528597C08E
:104F6000FE1FE780A0A4A6865686DA85081897C09B
:104F7000FE1FE78040A709C90C18A6864A862E8521
:104F800097C0FE1FE78080A2830604001018CE851C
:104F9000881997C0FE1FE78040AC8327C40A8C198C
:104FA0004E858297A6865A86D685081897C0FE1F1A
:104FB000E780C09F11E926860C184A8597C0FE1F1E
:104FC000E7802086630A95010C18A6864A862E85FE
:104FD00097C0FE1FE78020A1830604005286D28579
:104FE000881997C0FE1FE78040A78327C40A8C1941
:104FF0005A858297A6861018DA855A8597C0FE1FB3
:10500000E780609E09C9A6864A86DA855A8597C0D8
:10501000FE1FE780A099A6865A86D685880897C085
:10502000FE1FE780409C09C98C08A6864A862E850B
:1050300097C0FE1FE7808097830604009008D28502
:10504000881997C0FE1FE78040A18327C40A8C19E6
:1050500052858297A6864E86D285528597C0FE1FBE
:10506000E780609809C9A6864A86D285528597C08E
:10507000FE1FE780A093830604001008B2858819FC
:1050800097C0FE1FE780609D8327C40A8C1988089B
:1050900082978C08A68610182E8597C0FE1FE78081
:1050A000809409C98C08A6864A862E8597C0FE1F63
:1050B000E780C08FA68656868C08081897C0FE1F0A
:1050C000E780609209C90C18A6864A862E8597C08B
:1050D000FE1FE780A08D8306040010080C188819B5
:1050E00097C0FE1FE78060978327C40A8C190818B1
:1050F0008297A6864E860C184E8597C0FE1FE780C5
:10510000808E09C9A6864A86CE854E8597C0FE1F29
:10511000E780C08926868C08568597C0FE1FE780E9
:105120000082830404005A86D685A686880897C024
:10513000FE1FE780408B09C98C08A6864A862E850B
:1051400097C0FE1FE7808086830604009008B28522
:10515000881997C0FE1FE78040908327C40A8C19E6
:1051600088088297830604009008DA85881997C01A
:10517000FE1FE780808E8327C40A8C195A85829788
:10518000830604009008D685881997C0FE1FE78023
:10519000C08C8327C40A8C1956858297A6865286AE
:1051A000CE854E8597C0FE1FE780E08309C9A6869D
:1051B0004A86CE854E8597B0FE1FE780207F830606
:1051C00004004E86CE85881997C0FE1FE780E088D0
:1051D0008327C40A8C19880882978C08A6865A8669
:1051E0002E8597C0FE1FE780008009C98C08A6861F
:1051F0004A862E8597B0FE1FE780407B8C08A686E6
:1052000056862E8597B0FE1FE780E07D09C98C0881
:10521000A6864A862E8597B0FE1FE7802079A6864F
:105220005A86D685568597B0FE1FE780C07B09C990
:10523000A6864A86D685568597B0FE1FE7800077FA
:10524000830604005686D285881997C0FE1FE78022
:10525000C0808327C40A8C1952858297A68690083D
:10526000DA85568597B0FE1FE780E07709C9A686E4
:105270004A86D685568597B0FE1FE7802073830641
:1052800004005686CE85881997B0FE1FE780E07C23
:105290008327C40A8C194E858297A6865286CE85AE
:1052A0004E8597B0FE1FE780007409C9A6864A861E
:1052B000CE854E8597B0FE1FE780406FFD1B26868A
:1052C0008C085685C20B97B0FE1FE780406793DBC2
:1052D0000B416FF0CFDEEFC24EF25D713284AA84D3
:1052E0001018A2862E850C082EC432C6EFE09FCF80
:1052F00003572400133515009C080A053E95032624
:1053000085FB05074207A287418781469305440430
:105310002685EFF02FC48345040026858605E20527
:10532000E18597B0FE1FE780A05A13351500616133
:105330006FC0EEEEEFC2EEE92E8BAA84B2855A85DD
:10534000328497F9FE1F9389E98F97B0FE1FE7809B
:10535000805B83A70900B1C7131A5400931B240074
:105360003305AA401389CBFF7D5A2699335AAA00E8
:10537000930A0004054C83A70900DE8526858297E1
:105380000DC183270900A2852685B3F74701232095
:10539000F90097B0FE1FE780A05319C5FD1AE39CE2
:1053A0000AFC01456FC06EE62286A6855A8597B035
:1053B000FE1FE7804067E31385FF0545E5B7EFC2B1
:1053C0002EE2AA892E89B28413040004130A000273
:1053D000930A460203962400D6854A857D06334605
:1053E000460362066186EFF0FFF409C92686CA8586
:1053F0004E85EFF05FEE11E57D1469FC01456FC04D
:105400006EE10545EDBFEFC2AEDD038916003571D3
:1054100000102A8B130A01042285B2894A86B684B9
:10542000838A060022CC52CEEFE07FB51316190016
:10543000DA858810EFE0BFB4A2852285A686528661
:10544000EFE05FBA97E7FE1F9387C77F9C432A84EC
:105450009DC3931725001811BA9783A687F7568620
:1054600093854400368536C6EFF0DFECB24609E599
:105470000D616FC02EDA814603D724001334140067
:105480001C110A043E94032684F705078C1042077A
:10549000A68741872E85EFF0EFAB4A868C104E85AC
:1054A000EFE0FFAD83C5040088108605E205E185C5
:1054B00097B0FE1FE780C0411335150055BF17C5D3
:1054C000FE1F1305656F828023AC05FE1C4191E72A
:1054D000010001000CC18280BA8703A787FF6DFF1E
:1054E00023ACB7FE8280184183A785FF6319B700FC
:1054F0001CC1FD5723AC05FE238FF5FE8280232CB3
:10550000F6FEC5BF411122C437E400E026C20440C4
:105510003707200006C6F98C2320E4180F1000007E
:1055200009E9232094101545B240224492444101D8
:1055300082800347E5FF9307F00F6306F7002320FF
:1055400094101145D5B797C0FE1FE780802C014508
:1055500023209410D1BF411126C2B7E400E04AC015
:1055600003A90400B707200006C622C43379F90056
:1055700023A0F4180F10000009E923A02411B24061
:10558000224492440249410182809565938505D069
:10559000C98D2A842105C2054205C181418197C078
:1055A000FE1FE780E01701CDFD57232005002312E1
:1055B00085002303F50023A024112105C9B723A0EA
:1055C000241101456DBF0111B7E700E04AC803A9E6
:1055D00007004EC63707200006CE22CC26CAAA896D
:1055E0003379E90023A0E7180F10000097E7FE1FAA
:1055F0009387876580438144014611E491E8A16562
:105600004E8545210DA08347E4FF639A37038DCC77
:10561000A68517E5FE1F13052563EFF0DFEC65D0C7
:10562000A1654E85B52CF2406244B7E700E023A0A7
:10563000271126854249D244B2490561828091E012
:105640002286032484FF55BFA284E5BF41114AC0CE
:1056500037E900E022C4032409003707200006C60A
:1056600026C2798C2320E9180F10000089E5232039
:10567000891015451DA0AA8497E7FE1F83C7175DF3
:105680002E8563F5F400894763EF9700EFF09FE7FD
:10569000B7E700E023A087100D45B24022449244B2
:1056A00002494101828083A785FF99E703C7E5FF8F
:1056B0009307F00F6309F700EFF0DFE4B7E700E0CE
:1056C00023A087107DB7238F95FE17E5FE1F1305D6
:1056D000A557EFF07FDFA1652685D922014523205C
:1056E000891065BF97E7FE1F23A00756828097E7C2
:1056F000FE1F9387E75A9C4399E33E85828003D738
:1057000027006316B70003C70700E308A7FEDC47BE
:10571000E5B7A5C1011106CE22CC26CA8147C146F4
:1057200033D7F540058B29C312053E953147330524
:10573000E50217E7FE1F1307E75A04430544331435
:10574000F4002EC642044180AA949C40C84082972F
:10575000B24523A0040023A20400A18DF2406244BC
:10576000D2442E85056182808507E39BD7FA0144E8
:10577000EDB72E858280C9C1797122D406D626D292
:105780004AD04ECE01444147B3D78540858BA5C34F
:105790001205314722953305E50297E7FE1F9387EF
:1057A000675403A907008544B3948400C204C180F0
:1057B000BE892A990327090011C7032549002EC66F
:1057C0000297B24531473304E40283A709003E94AF
:1057D0001C4489E72320090023220900B2502254E7
:1057E000A58D02599254F2492E85456182800504A7
:1057F000E31CE4F88144DDB72E8582804111B7E7D0
:1058000000E022C480433707200006C626C2798CF8
:1058100023A0E7180F10000097E7FE1F9387874823
:105820009C539384C18099C782979C403E9523A640
:10583000A18039A097E7FE1F938707469C43EDF7A9
:105840008840B74703009387D73F3305F502B7A7D2
:105850002600938737ECB24092443E9523A6A18060
:10586000B7E700E023A0871022444101828097E738
:10587000FE1F9387A7479C43411122C406C617E425
:10588000FE1F1304A43C81CB82975C483E9597E7AA
:10589000FE1F23A7A73C4848B24022444101828012
:1058A000B7E700E09843B706200023A0D718758F0C
:1058B0000F10000097E6FE1F83C656396373D502AA
:1058C00017E6FE1F1306863D93161500084236950F
:1058D00083560500D58D2310B50023A0E7100145A0
:1058E000828023A0E7100D458280B7E700E098434F
:1058F000B706200023A0D718758F0F10000097E679
:10590000FE1F83C6B6346375D50217E6FE1F130665
:10591000E63893161500084293C5F5FF3695835671
:105920000500F58D2310B50023A0E7100145828006
:1059300023A0E7100D45828079714AD037E900E055
:1059400026D283240900B707200006D622D44ECEE3
:1059500052CC56CA5AC85EC6FD8C2320F9180F10C7
:10596000000097E7FE1F83C7772E637AF50097E75D
:10597000FE1F9387673283AB070063970B00B7E77F
:1059800000E023A09710A9A017EBFE1F130B4B36C6
:10599000832A4B00B74736FE938707C82E8A97E5C0
:1059A000FE1F83D56535BE9AB387C5022A84B289A6
:1059B0008146B3B5C50213850732B337F500130628
:1059C0000064BE95EF40705F63F0AA022320991037
:1059D0000145B250225492540259F249624AD24AC5
:1059E000424BB24B45618280829B97E5FE1F83D577
:1059F000A530B38735032A89130600648146B3B501
:105A0000350313850732B337F500BE95EF40F05AE2
:105A1000B30725013E8903274B0063E4A70063E435
:105A2000E7003389E740D2852285EFF05FCC09C9D2
:105A300023242501B7E700E023A09710054551BFB7
:105A4000936504F0C205C181414597C0FE1FE78000
:105A500020CD19E997E7FE1F9387C7249C5B85D368
:105A6000A2851145829721BF97E7FE1F93874723A1
:105A70009C4385E797E7FE1F23A4A722854723269B
:105A80000500232425012311450123008500A300DF
:105A9000F5002322050079BFBA87D84775FFC8C72C
:105AA000F1BF0111B7E700E04AC803A9070022CC03
:105AB0004EC63707200006CE26CAAA892E8433791F
:105AC000E90023A0E7180F100000EFF05FC2AA84DE
:105AD00019C123110500A2854E85EFF01FE197E75C
:105AE000FE1F83C7A716639B370197E7FE1F83D767
:105AF000671A5D8C97E7FE1F239E8718B7E700E0C3
:105B000023A02711014591E01945F2406244D24497
:105B10004249B249056182804111B7E700E026C2DF
:105B2000844306C622C437072000F98C23A0E71857
:105B30000F100000EFF0BFBB19E90145B24022444D
:105B4000B7E700E023A0971092444101828097E7D5
:105B5000FE1F938767149C430045829797E7FE1FBB
:105B6000938707196368A402D843B74636FE938625
:105B700006C83305A4403697E371E5FC13070064BB
:105B8000B335E50203D6870081463305E502EF40D1
:105B9000D0426DB7D8433A94C1BF411122C426C246
:105BA00017E4FE1F1304C41497E4FE1F9384040A31
:105BB0009448584097E7FE1F9387070E06C69C43FC
:105BC0006393E60882975440B74736FE938707C829
:105BD000B6973387A7003A856364F7006364D700FC
:105BE0003305D74097E4FE1F93840425DC5081CF12
:105BF00097E7FE1F9387072C94433707CDFF7D1748
:105C00009C46F98F9CC611E1484097E7FE1F938799
:105C10006709DC53829719E5DC508DC3EF10903390
:105C2000EF10A05ADC5099CB97E7FE1F9387872887
:105C30009843B70633001C47D58F1CC7B240224497
:105C4000924441018280829794485840B387A600CD
:105C50003E8563E4D700E3E7E7F83385E74059B7CB
:105C6000411106C697E7FE1F23A2A7080295B2407E
:105C700097E7FE1F23A8A7FE0145410182809947AF
:105C800063E9B7008A0597E7FE1F9387E7FEBE9595
:105C900088C1828097E7FE1F23A8A70411C5854706
:105CA00017E7FE1F2309F7FE8280411171468145E7
:105CB00017E5FE1F130545FC06C697E7FE1F23A147
:105CC00007FE97E7FE1F23A3070297E7FE1F23A502
:105CD00007FC97E7FE1F238007FC97E7FE1F23A51D
:105CE000070097B0FE1FE780E0F1130680028145B0
:105CF00017E5FE1F130585F597B0FE1FE78080F0BE
:105D0000EF40C03D97E7FE1F9387C7F903C5C70360
:105D100083C7D70385453E958D473305F502390581
:105D20001375F50F97E7FE1F2383A7F299473305F5
:105D3000F5021305052497C0FE1FE780609E17E754
:105D4000FE1F2321A7FA59CD994717E6FE1F0346E8
:105D500006F03306F60281451306062497B0FE1FAF
:105D6000E78040EA97E7FE1F9387C7F79C43938736
:105D7000072417E7FE1F232FF7EE17E7FE1F034741
:105D800007ED0A07BA9717E7FE1F2329F7F0EFF090
:105D90007F95D12E97E7FE1F9387C7ED944397E732
:105DA000FE1F83C7B7EA1397270036971706000030
:105DB0001306A69C10C3138717001377F70F0A0763
:105DC0003697170600001306069510C31387370091
:105DD000890793F7F70F8A0797E5FE1FA388E5E683
:105DE000B69790C3B2404101828097E7FE1F83C7F8
:105DF000F7E517E7FE1F034787E563F3E70217E7B9
:105E0000FE1F130727E718439386170017E6FE1FA8
:105E1000A30ED6E293962700369708C33E8582806C
:105E20009307F00FE5BF1C416385071641777D8F0F
:105E3000B70600208947631FD71403574500630B3B
:105E40000714411122C419462A849305F00F6105F5
:105E500006C697B0FE1FE78060E605478D476305DD
:105E6000E5121C4481CB58589947630F0710185C02
:105E7000630C071013060004814517E5FE1F130588
:105E800065E297B0FE1FE780E0D713060004A28505
:105E900017E5FE1F130505E197B0FE1FE780A0D2AE
:105EA00097E7FE1F83D7C7E017E7FE1F130787DFBB
:105EB00099E79307001097E6FE1F239BF6DE97E70E
:105EC000FE1F83C707DF91E7854797E6FE1F238202
:105ED000F6DE97E7FE1F83D7E7DD91E7ED4797E60C
:105EE000FE1F2399F6DC97E7FE1F83C797DC91E737
:105EF000954797E6FE1FA38EF6DA97E7FE1F83C746
:105F000087DB91E7854797E6FE1F2386F6DA97E75A
:105F1000FE1F83C757DA99E78347F70097E6FE1F0E
:105F2000A38BF6D897E7FE1F83C717D981CF93F6C7
:105F30003700898317E6FE1F2304D6DA97E6FE1F93
:105F4000A380F6DA97E7FE1F83C707D791E7D54707
:105F500097E6FE1F2382F6D68347640199E79307ED
:105F6000C00397E6FE1F238AF6D41C5791C7829779
:105F700097E7FE1F2390A7CEFD5717E7FE1FA30547
:105F8000F7F8EFF09FD28147B24022443E854101AD
:105F9000828089473E85828001114EC697E9FE1FA7
:105FA000938909D583A7090006CE22CC26CA4AC800
:105FB00052C4829713090064B335250303DA8900BC
:105FC0008146528633052503EF40207F97E7FE1F69
:105FD0009387C7C7804FAA8401456306940233851F
:105FE0008440636E940003A5490052868146B33510
:105FF000A9023305A902EF40407C018D269597E761
:10600000FE1F23A197C6F2406244D2444249B249DE
:10601000224A0561828097E7FE1F9387A7C8985799
:1060200039CB411122C426C206C6BE84029717E7A7
:10603000FE1F035727C22A8415CBBA876373A700B4
:10604000AA87C207C183BA866373E400A286C20628
:10605000C182958F5147635BF700DC5491C38297EF
:10606000EF10005897E7FE1F239687BEB2402244E8
:10607000924441018280828097E7FE1F23A407C8D3
:1060800097E7FE1F938707C2DC57011106CEAA854A
:1060900081C72AC68297B245C9C59C410545BDCF77
:1060A000DC41ADCF83D78500B5CB83D7A500BDC775
:1060B000514617E5FE1F1305A5C397B0FE1FE780E5
:1060C00080B097E7FE1F238B07C297E7FE1F9387D9
:1060D00027C29C4317E7FE1F2320F7BC97E7FE1F4C
:1060E00083C7B7BD8DE79307805717E5FE1F03559C
:1060F000A5C03305F50237460F0013060624814676
:106100008145EF40806B97E7FE1FA388A7BA17056C
:1061100000001305A5E8EFF0BFB40145F2400561AA
:10612000828097E7FE1F23A107B497B7FE1F9387CE
:10613000A7F517E7FE1F232DF7BA7D5797E7FE1F38
:1061400023AAE7BAB7873200938727A197E6FE1FF5
:1061500023A4F6BA97E7FE1F238207BAB7C7004009
:1061600023A4E7269DB7011122CC17E4FE1F1304D8
:1061700064B3084406CE26CA4AC801E90545F24080
:106180006244D2444249056182805C58E5DB185C78
:1061900075D77000854582971844B247E300F7FE33
:1061A0009305E00417E5FE1F035585B097B0FE1F69
:1061B000E780005717E7FE1F232AA7AA61D117E639
:1061C000FE1F0356E6AE9305F00F97B0FE1FE78063
:1061D00060A3814417E9FE1F130949A797E7FE1F33
:1061E00083C727AD0326090263C1F402328597B045
:1061F000FE1FE7800062014597E7FE1F23A807A660
:1062000097E7FE1F23A607A69DBF97E5FE1F83D530
:1062100025AAB38795020844185C898185043E95B8
:1062200008C2029765BFC167F9176313F50041A360
:10623000411106C6EF00D00111E15D45B2404101B8
:10624000828039714ED656D25AD006DE22DC26DA4A
:106250004AD852D4AA8A2E8BB28959EB36C6EFF0AF
:106260009FFC9145812BAA844D4925C9B246054A18
:10627000238034010544630A0B00B685138514009E
:10628000029B0505131405014180E20993D9894158
:1062900063D30902C1455685EF00007D65491DE5C0
:1062A00033868400A2852685EF00007F2A8919EDB8
:1062B00031044204418091472C085685231CF1008B
:1062C00026CE231D8100252D2A8901C963070A00D6
:1062D000268597B0FE1FE780C053F25062544A856E
:1062E000D2544259B259225A925A025B2161828099
:1062F000BA84014AB5BF011106CE2EC6112F01C9BD
:10630000B245F2400355250005616F009038F24018
:1063100049450561828097E7FE1F9387E79E884B7A
:10632000828097E7FE1F9387279EDC4B88438280FD
:1063300097E7FE1F9387479DD84B1C4385071CC3D7
:1063400017E5FE1F0345759C9307F00F6305F500E5
:1063500091656FF0EFD48280C1671387E7FF639484
:10636000E5029387C1849C4391EB4945828049456E
:10637000B2402244924402494101828003A30700B3
:10638000E30503FE0283411122C426C24AC006C6A9
:10639000FD172A892E84B2846395F5029387C18400
:1063A0009C4391CB9C4381CB829711E52388218527
:1063B000A388918475BFA6854A85EFF0DFF34DF978
:1063C000F5B72E85752B45D5834705000D45E3911F
:1063D00027FB22852244B2400249A685924441010E
:1063E0006F00302BBD47638CF50663E9B702A54704
:1063F0006387F50663EDB7009947638CF5049D4705
:10640000638FF5049547638CF50401458280B54799
:106410006387F50463E1B704AD47F5B7DD47638EE5
:10642000F50263EAB700C947638BF502D947638673
:10643000F502C547C9BFF5476383F50263E4B700BA
:10644000ED47D1B793072005638BF5009307200D27
:106450005DBF48458280084182800845828048416E
:106460008280011126CA06CEB68422CCDD4663E1C5
:10647000B608D94663FDD50AA5466380D50A63ED03
:10648000B6049546638BD50899466386D50A0544BC
:1064900041687D18631506093AC6EFF0DFD8330668
:1064A0008540324742064182420441803305C400A0
:1064B0004205BA85418132C6F52CAA8749C181C4FB
:1064C00032462390C400B30580406244F240D24477
:1064D0003E8505616F303048C5466380D504C946A6
:1064E0000D44E396D5FAC167FD17E31FF6FA6DB7C1
:1064F000F5466380D50463E4B600ED46D5B7930650
:1065000020056388D5029306200DE392D5F8C16774
:10651000FD170D446319F60041B7094495BF930672
:10652000200DE393D5F8310642064182B5BF1544EC
:106530005DBF0D444DBFC167FD171D447DB7F240DF
:106540006244D24405618280411106C6EFF09FE9A2
:1065500019C5B240410117B3FE1F6700832BB2403B
:106560004101828097E6FE1F83C6568C814763E512
:10657000D70001473A8582802E87910503D6C5FF53
:10658000E30AA6FE8507E5B717E7FE1F0347178A4C
:106590008147FD5663E3E70082802310D500230185
:1065A000050085071105FDB7411106C6EFF09FFBF9
:1065B00011C503452500B240410182800145E5BF78
:1065C000938741859C4399E301458280984703570F
:1065D000A700E319A7FE138547008280411106C674
:1065E000EFF01FFE11C503452500B2404101828036
:1065F0004145E5BF41119387418522C4804306C6CA
:10660000014731C01C4483D6A7001C406397A602F3
:1066100005CB1CC32E8581C921469305440097A054
:10662000FE1FE780405A228597B0FE1FE780601E5C
:106630000145B24022444101828022873E84D1B785
:1066400023AAF184C1BF0545EDB79387C1859C435B
:106650008146B1C703D647009843631CA6020111C7
:1066600006CE22CC26CA8DCA98C2AA843E852E8424
:1066700097B0FE1FE780E0192C002685EFF09FF70A
:1066800001E519C0B2471CC0F2406244D244056122
:106690008280BE86BA8775BF23AEE184F9B705450F
:1066A0008280938781859C4317D7FE1F0347177805
:1066B0002A86050781463E8583D707006388C70081
:1066C000850693076500E3E8E6FE0145828093872F
:1066D0004185984319E3014615A81C4703D8A70034
:1066E000636B050183584700B38608016355D500E5
:1066F0008146639416011843F1BF3E86C10703D358
:10670000A7FF6317A30099C12390050132858280FA
:106710008506C206C182F1BF03C72186854763F2A1
:10672000E706011122CC26CA4AC806CE2A8432893D
:10673000AE84EFF01FF701C9034725009307E00F70
:106740005D456308F700631C0900A6852285EF30CC
:106750003026F2406244D24442490561828003D52A
:1067600004009305E10023170100EFF05FF60355E5
:10677000E100EFF0BFE6AA8505462285252C71D5FC
:10678000C9BF59458280C167FD176315F5002E8585
:106790006FF09FDF411106C6EFF0DFDC11C5FD573A
:1067A0002310F50023010500B2404101828003D58A
:1067B000018682801905956542054111938535C092
:1067C000418106C697B0FE1FE78080F511C5B24033
:1067D000E95541016F303018B2404101828083D7C2
:1067E00005003147F1173387E70297D7FE1F9387DC
:1067F000E75CBA97D84319EBD8412395A700014528
:10680000D8C303D725002394E700828059458280AE
:1068100003D7250061CF83D60186ED4763E9E60CF7
:10682000011122CC2E8426CAAA844840914506CE66
:10683000EF30701283572400AA862300F500835797
:106840002400A183A300F500835704002301F50071
:1068500083570400A183A301F50003562400C167F8
:10686000F9171106420641826396F4042AC43145A1
:1068700032C6EFE05FCEAA85CD471DC5930700F96C
:106880003246A2462300F500F9572311F500894747
:106890002302F5002313C50014C517D5FE1F0345B9
:1068A0002551EFE0BFDA8147F2406244D2443E8591
:1068B0000561828081452685F92BAA8701E903C7F6
:1068C00021867DD37D172381E186F9BF09476302C5
:1068D000E5021D476301E50249476300E5027D4784
:1068E000E314E5FC03C721868147E1BFED473E8500
:1068F0008280D14755BF914745BF894775B783D738
:1069000005000D47F117C207C1836361F706DC413B
:10691000B1CF411122C42E84854526C206C6AA8461
:10692000A12239C526852D22C167F917638FF4008E
:1069300009ED8357240091CB835604001947639FC8
:10694000E60203D7018663FBE70283C72186A2859F
:10695000268599C72244B240924441016FF05FEB13
:106960002244B240924441016FF07FE709458280A2
:106970005145B24022449244410182806D45D5BFC9
:1069800097D7FE1F9387C746984317D6FE1F034627
:10699000E64981476315F600814636858280BA86CE
:1069A0001307C703835567FCE389A5FE850793F7A3
:1069B000F70FCDB7011122CC2EC632C406CE2A84E1
:1069C000EFF01FFC2246B24511E9C167F9176303D6
:1069D000F4005145F240624405618280545583477A
:1069E000450095C213F7270141456314A7001545DB
:1069F00075F2C18B3D45F9DF83C7A6010145E3FB75
:106A0000B7FC3145C1BFC18B0145E9F71545D9B781
:106A100097D7FE1F9387C73DC166984397D5FE1F42
:106A200083C5C5408147FD166395F5000146328553
:106A30008280035827003A866306D800034807007F
:106A4000E307A8FE850793F7F70F1307C703E9BF0E
:106A5000411106C6EFF0DFF211C503554501B24002
:106A6000410182800145E5BFC167F9176304F50262
:106A7000411122C406C62E84EFF09FF0AA8701457B
:106A800091C703C54700698C33358000B24022446A
:106A900041018280054582805D714EDE86C6A2C4BA
:106AA000A6C2CAC052DC56DA5AD85ED689495DC938
:106AB00055CA138B4500420B135B0B01AE8A2A8A21
:106AC000930530055A85B28497B0FE1FE78040C514
:106AD0002A84CD4941C9EFF0DF842A895686D285C0
:106AE000935A8900135A0901937BF90F1305440047
:106AF00093FAFA0F137AFA0F1359890197A0FE1F20
:106B0000E7804018A301740123015401A30044014C
:106B100023002401EFF03F80AA854146080897A092
:106B2000FE1FE7802016214734005A86A2850808F8
:106B30007522AA891DE121462C0023807401A380BF
:106B4000540123814401A38124011385440097A0AB
:106B5000FE1FE7802013EFF0AFFD228597B0FE1FE8
:106B6000E78020CBB64026444E8596440649F2592C
:106B7000625AD25A425BB25B616182808147C146F0
:106B80003307F500B388F5000347070083C8080002
:106B90003308F6008507334717012300E800E39127
:106BA000D7FE82800147BD471308F00F3306F5007A
:106BB00083460600B388F500FD178606558F2380AF
:106BC000E8000347060093F7F70F1D83E39007FFE4
:106BD00082808147930800F8414893F6F70F338786
:106BE000F50063FCC600B306F50083C6060023006B
:106BF000D7008507E39307FF82806395C6002300D3
:106C00001701C5BF23000700EDB701114AC856C2DE
:106C10002E89AA8A93053005414506CE22CC26CA84
:106C20004EC652C4328A97B0FE1FE78060AFAA8476
:106C300093053005414597B0FE1FE78060AE2A847A
:106C4000CD49BDC029CD4146814597A0FE1FE780B3
:106C500060FB2686A2855685352BAA8929E1838784
:106C6000040063D30706A2852685EFF0BFF34A86AA
:106C700097650000938585232285EFF03FF0830719
:106C8000090063D80704A2854A85EFF0BFF1528658
:106C900097650000938585212285EFF03FEE2685DC
:106CA00097B0FE1FE780E0B611C4228597B0FE1FA3
:106CB000E78020B6F24062444E85D2444249B24950
:106CC000224A924A05618280CA852685EFF09FEDAF
:106CD0007DB7D2854A85EFF0FFECD1B739715AD034
:106CE0005ECE2A8BAE8B41459305300506DE26DA53
:106CF00052D456D262CC66CA6AC8368C328DBA8CEF
:106D000022DC4AD84ED697B0FE1FE78060A1AA8A3F
:106D100093053005414597B0FE1FE78060A02A8AA1
:106D2000CD44638E0A0859C52A86D6855A85EFF068
:106D3000DFEDAA8441E193053005414597B0FE1F80
:106D4000E780009E2A8993053005414597B0FE1FD4
:106D5000E780009DAA896308090E6304050E1304E9
:106D6000FD0011841376FD0049C07D14420441806A
:106D700035EE131544004E86D6855E95EFF01FE084
:106D8000414681454A8597A0FE1FE780A0E7014D57
:106D900093170D01C18363F38708BDC04A8597B07F
:106DA000FE1FE78000A7638709004E8597B0FE1F8E
:106DB000E78020A6568597B0FE1FE78080A5630771
:106DC0000A00528597B0FE1FE780A0A4F2506254DB
:106DD00026854259D254B259225A925A025BF24B3A
:106DE000624CD24C424D2161828001441315440013
:106DF0008A855E95EFF0FFDD4E86D2850A85BDBFA0
:106E000093154D000A86DE954A85EFF03FD74A86F6
:106E10008A855A854126AA84050D9DBFC1F00A8640
:106E2000CE854A85EFF09FD54A868A855A859D266C
:106E3000AA846686CA85628597A0FE1FE780A0D8CF
:106E4000B1BFCD44A1BFCD44B9BF011122CC2A842A
:106E5000194506CE2EC6EFE00FF005C9856793876A
:106E600017F92310F500854723018500A301F500DC
:106E7000B2456244F2402312B500AA8517D5FE1F21
:106E8000034545FA05616FE06FFCF240624405611D
:106E900082806F30A00A6F30201117D7FE1F034782
:106EA00017FA9547630BF70097D7FE1F9387C7F82C
:106EB00083C777000D47631FF70097D7FE1F83C76F
:106EC00037F8639D07109307601017D7FE1F23192B
:106ED000F7F68280411197D7FE1F9387A7051945C2
:106EE00022C426C2E05F06C64AC0212597D7FE1FEE
:106EF000938747F4944337C7898E130767ED98C685
:106F00003757550013075755D8C203472402930635
:106F1000F00FBE846307D700FD57A300E4022301EE
:106F2000F4020345140289476303F500014517D9AC
:106F3000FE1F1309E9F20327090001469305F00F2C
:106F40005C4393E717005CC3930710FA2305F40032
:106F5000994717D7FE1FA304F7EE97D7FE1F238D7F
:106F600007EC97D7FE1F238B07ECD12E97D7FE1F78
:106F7000938747F49443DC56F59BDCD69C4003474B
:106F800094001376F7079843137707F8518F98C347
:106F900098431377F7CF98C398431377F7CF1367C6
:106FA000072098C39C4637073300B240D98F032788
:106FB00009009CC6B7070300938787153CCB97D77A
:106FC000FE1FA38D07E697D7FE1FA38707E622447F
:106FD00085471CC39244024941018280828017D7B1
:106FE000FE1F1307E7E41C439306001094C301003F
:106FF0000100010001001C4323A007008346150087
:1070000003482500A2064208C29603480500C2961E
:10701000034835006208C29694D78346550003485A
:107020006500A2064208C29603484500C29603487E
:1070300075006208C296D4D7834695000348A50020
:10704000A2064208C29603488500C2960348B500CE
:107050006208C29694DB8346D5000348E500A20689
:107060004208C2960348C5000345F500C296620572
:10707000AA96D4DB83C6150003C52500A2064205E7
:10708000AA9603C50500AA9603C535006205AA960F
:1070900094CF83C6550003C56500A2064205AA9693
:1070A00003C54500AA9603C575006205AA96D4CF0C
:1070B00083C6950003C5A500A2064205AA9603C58E
:1070C0008500AA9603C5B5006205AA9694D383C627
:1070D000D50003C5E500A2064205AA9603C5C50072
:1070E00083C5F500AA96E205AE96D4D3D443F59AAB
:1070F000D4C3D44393E61600D4C3944393E6160056
:1071000094C3BA879443D842058B59E3984E0145FE
:107110002300E6009843184F2183A300E60098431C
:10712000184F41832301E6009843184F6183A30160
:10713000E6009C43D84F2302E600D84F2183A302E8
:10714000E600D84F41832303E600D84F6183A303B1
:10715000E60098532304E60098532183A304E60035
:10716000985341832305E60098536183A305E60005
:10717000D8532306E600D8532183A306E600D8534C
:1071800041832307E600DC53E183A307F6008280F6
:1071900001008DBF011122CC2A84354506CE2EC6B2
:1071A00032C4812E97D7FE1F938787CB98432285C1
:1071B0003C4B93E707083CCB2246B245EFF03FE259
:1071C000F240624401450561828097D7FE1F938794
:1071D00067C69C43B70680003706008298437D1639
:1071E000558F98C31307F00F98DF13070005D8DBFE
:1071F000D857B7060080558FD8D7D45717D7FE1F5A
:10720000034787AB931587011377F703F18E660762
:10721000558FD8D7E18517D7FE1F1307A7C9930647
:10722000A003184363DEB602744F37060007D18E01
:1072300074CF370702003907D8DF984B137707FC64
:107240001367E70098CB37E700E0D147A309F704BD
:1072500097A7FE1F938787FB93E717007CD7828051
:107260009306200263DAB600744F370600F97D16E4
:10727000F18E3706000565BFB70600F91386F6FFE5
:10728000744F6945F18E37060003E342B5FA3706BD
:10729000000171BF938741869C4399CB944BD04B9F
:1072A0009842518F98C294439C479842D98F9CC270
:1072B00097D7FE1F938707B817D7FE1F034767B8F6
:1072C00017D6FE1F1306C6B905489C431307E709E6
:1072D0001442631E050388431365050888C3C84626
:1072E0008177FD17E98FDCC60F1000001C42B7063E
:1072F0000200AD0594C7930600F817D6FE1F230FB2
:10730000D6B28A05BA958605ECD3C8C78280884371
:107310001375F5F788C3C8468177FD17E98FDCC67A
:107320000F1000001C42B7060200A90594C793067F
:1073300000F817D6FE1F2303D6B08E05E1B793875A
:1073400041869C4389CFD44303A887009842336782
:10735000070198C2D447DC4B9842D98F9CC297D77B
:10736000FE1F938727AD05479C439505631EE502E5
:1073700098438E051367070898C3984F137707C083
:107380001367A71398CF13078007A389E700938596
:10739000C50397D7FE1F23A9B7AA11C6060697D71C
:1073A000FE1F23A3C7AA8280984392051377F7F79D
:1073B00098C3984F137707C01367271398CF130705
:1073C000F007A389E700E1B7411106C617D7FE1FF2
:1073D000034707A7A1476311F70497D7FE1F83C789
:1073E00067A8858B17D6FE1F0346F6A997D6FE1F02
:1073F00083C666A9BDC797D7FE1F9387A7A8C843B2
:107400002DC1834515000905EF00705911C5854749
:1074100017D7FE1FA306F7A217D7FE1F034747A2E1
:107420009947631CF70097D7FE1F9387A7B0FC5FAF
:1074300083C7B70095CBEFF05FA617D7FE1F0347B2
:1074400027A09D476312F70297D7FE1F938787AE49
:1074500083A7070983C7770081CBB24041016F2022
:10746000705F814501454DB7B2404101828017D719
:10747000FE1F1307E79E1C43B44B93F6F68FB4CB65
:10748000944393E6860094C39C438D83858B89C780
:10749000010001000100010097D7FE1F9387879923
:1074A00094439C4293F7F7CF93E707109CC297D77A
:1074B000FE1F938727A09043B706CEFFFD161C46FC
:1074C000F58F1CC61C4337070300B8CB9387418652
:1074D0009C4399CBD44390479842518F98C2944B88
:1074E000DC4B9842D98F9CC297D7FE1FA389079483
:1074F000828097D7FE1F9387A7969C439C438D8BD2
:10750000F9CF411122C426C206C617D7FE1F034772
:1075100017938D47AA8417D4FE1F1304E491631BAD
:10752000F70097D7FE1F9387E7939C4B0146814551
:107530004545829719476396E40497D7FE1F83C792
:10754000379099CB97D7FE1F83C7878F6396970095
:1075500097D7FE1FA386078E8347740021476318C1
:10756000F7009307801017D7FE1F231BF78C2244C8
:10757000B240924497C7FE1F238F077041016FF0FE
:107580001FEF9D47639FF40097D7FE1F83C7578B5C
:10759000E1D717D7FE1F0347A78A8D47E31EF7FAE7
:1075A00045BF83467400630BD700034774006387AD
:1075B000E700834774002147E31BF7FA97D7FE1FC4
:1075C00083C71788CDF78347740017D7FE1F230999
:1075D000F786854717D7FE1FA304F78649BF828029
:1075E00017D7FE1F0347B78591476309F70C97D755
:1075F000FE1F9387E7839843B7C700409387073000
:10760000631EF70A0111354506CE22CC26CA4AC8A8
:107610004EC6EFF01FEE97D9FE1F9389A9811D2A50
:10762000EF10B027EFF07FBA83A7090017D9FE1F2C
:1076300013094988B7063300984397D4FE1F9384F3
:107640002482370403001367070898C3984313770D
:10765000F7CF98C398431377F7CF1367072098C3E2
:10766000032709001C47D58F1CC79C40130784556E
:10767000B8CBEF10B038EF20300BEF10502BEF10DD
:10768000503403A709001C4393F7F7CF93E7071083
:107690001CC3832609003707CEFF7D179C46F240A6
:1076A0004249F98F9CC69C40B249D244A0CB624467
:1076B00097C7FE1FA3850778056182808280B7C7C0
:1076C00000401387073097C6FE1F23A3E676138773
:1076D0000720411197C6FE1F23A4E6789387071061
:1076E00037D7004022C497C6FE1F23A5E67C17C4E7
:1076F000FE1F1304647417C7FE1F232DF7728547FE
:10770000A303F40097C7FE1F9387C7599C4306C67F
:107710005CD0938707111CD097A7FE1F938767AF94
:1077200023A4F186EFF0DFEBB7E700E0A305040048
:1077300003C7574113670708A38AE740B2403707DA
:107740001000224423A0E7103707200023A0E710F1
:107750004101828097C7FE1F938787709C43130760
:10776000C00893066007D8CBD4CFD8D31306E00661
:10777000D0D7D8DBD0DFF8C3F4C713078007239333
:10778000E700F84BB7060080558FF8CB5147F8CB90
:1077900017C7FE1F1307476A5853F8DF7D5798C76E
:1077A00037071F003D07D8C7828097C7FE1F938702
:1077B0006770984317C6FE1F1306C66A97C7FE1F59
:1077C0009387476794438347160013F8F707D9C593
:1077D00088425C42137505F83365050188C213F5CC
:1077E000150001C993F5050341456386A5069387F6
:1077F00087C14C574168130808A093E525004CD772
:10780000B3D50703B70810FEFD18B3F70703FD89CA
:10781000139545016C43B3F51501C98D6CC39305F0
:10782000A00F3705FCFFAA07B3D7B7026C43E98D59
:10783000BA07B983CD8F7CC383470600898B99CB68
:107840009C4293F7F70713E707049C4293F707F866
:10785000D98F9CC282809387078361BF5C57F59B59
:107860005CD79C4293F707F8B3E707019CC2E9B7DE
:10787000411106C697C7FE1F238D0760EFF03FBF7B
:10788000B240014541018280411197C7FE1F83C765
:10789000D75A06C6858B9DC7EFF09FFD97C7FE1F81
:1078A000A38D075897C7FE1F238A075897C7FE1F47
:1078B0009387475B03A30701014681450545B24015
:1078C0004101028397C7FE1F938787599C43FC534E
:1078D0008DE3EFF0FFF997C7FE1F2381075697C787
:1078E000FE1F9387275803A307010146814545459D
:1078F000F9B797C7FE1F9387275483C777000D47B3
:107900006317F700854717C7FE1F2306F738B240F5
:1079100041018280411197C7FE1F83C7075226C2CB
:1079200006C622C4858B97C4FE1F93846453F5CB8F
:1079300097C7FE1F2383075097C7FE1F938787575C
:10794000984317C5FE1F0345E55117C4FE1F1304D6
:1079500064515C578583858BB1CB5040937605038A
:10796000C145930786C16394B60093070683C1653A
:10797000938505A0B3D6B702370810FE7D18B3F77C
:10798000B702FD8A139646017443B3F60601D18E01
:1079900074C39306A00F3706FCFFAA07B3D7D7021C
:1079A0007443F18EBA07B983D58F7CC31185014624
:1079B00097C5FE1F83C5C54C0D89EFF05F9817056D
:1079C00000001305050BEFE0EFAC98408177FD1741
:1079D0005447F58F5CC70F1000009840B7070200AE
:1079E0001CC7930700F817C6FE1F2309F64497C764
:1079F000FE1F938727449C439C439D83858B99CF8F
:107A000093076019032304017CD354C701468145C1
:107A100005452244B2409244410102839307E01B92
:107A2000D5B79C40FC538DE3EFF09FE497C7FE1F52
:107A30002386074097C7FE1F9387C74203A307010A
:107A4000014681454545F1B797C7FE1F9387C73E5D
:107A500083C777000D476317F700854717C7FE1FD9
:107A6000230BF722B240224492444101828001114B
:107A700097C7FE1F83C7773C06CE22CC858B17C7DE
:107A8000FE1F1307673BC9CF3A84EFF07FDE4850F3
:107A900097C7FE1FA383073A814581461306F1006D
:107AA00097C7FE1F238C073897A0FE1FE780209101
:107AB00093158501E1858DE15C509306F00F03C7B6
:107AC0000700630BD70097C7FE1F83C7B73B6385CB
:107AD000D7006303F700894597C7FE1F9387873850
:107AE000038707006347070058508346F1002300CF
:107AF000D7009C4B505093F5F50F0945829797C7D7
:107B0000FE1F83C7E738898B81CB854517C5FE1FCC
:107B100003454538EFD0DFD8F240624405618280EA
:107B200097C7FE1F9387C7339C43FC538DE3EFF049
:107B30003FD497C7FE1F2383073097C7FE1F938745
:107B400067329C4B0146814549458297F1B783478F
:107B500077000D47E312F7FC854717C7FE1F230C7C
:107B6000F7125DBF797122D452CC56CA06D626D2FE
:107B70004AD04ECE5AC893070008AA8A2E84328A69
:107B80006319F602BD4497A0FE1FE78040ABE3FCFB
:107B9000A4FE97C7FE1F83C7872E9607C117E3E48D
:107BA000A7FE97C7FE1F9387A72B9C431307800749
:107BB000F8D317C9FE1F1309E927032709008145D8
:107BC00097C4FE1F9384C4295C5797C9FE1F9389ED
:107BD000692917CBFE1F130B2B26F19B93E7170088
:107BE0005CD717C5FE1F0345F527EFF01FBC8327A1
:107BF00009003706330098431377F7CF98C39843AB
:107C00001377F7CF1367072098C317C7FE1F130713
:107C1000672A14439846518F98C69840B7060300C8
:107C20009386862534CB83A6890094C783A6C90092
:107C300097C9FE1F93890925D4C35C4393E71700B6
:107C40005CC383C7E90093E7270017C7FE1F230221
:107C5000F7249307FAFF93F7F70F05476369F70CCB
:107C600003250B022286D68523004501A30085004B
:107C700009059790FE1FE78000F503270B029C4043
:107C800093150401C181B8DF17C7FE1F2307071A28
:107C900017C7FE1FA303071A17C7FE1F2300071AE3
:107CA0000D4797C6FE1FA38CE61813070008631E36
:107CB000EA08F8537DFF97C7FE1F9387E7FD9C43B3
:107CC0002EC6829703A78900B2456368E506198D21
:107CD00083270B02370480000D811307F42F620500
:107CE000598D88C317C5FE1F0345C51711850D891A
:107CF000EFF04FDA832709009843418F98C3D85794
:107D0000719BD8D797C7FE1FA38A071297C7FE1F7C
:107D1000A38407129C40094798C3B250225492543E
:107D20000259F249624AD24A424B45618280930726
:107D30000008E314FAF4094489B797C7FE1F938734
:107D400027FBDC43998F3E9561B717C5FE1F03459E
:107D5000651111850D89EFF0EFD383270900B70670
:107D60008000171500001305450D9843558F98C3E3
:107D7000D857719BD8D7EFD0FFF197C7FE1F238943
:107D8000071097C7FE1FA38B070A97C7FE1FA3857F
:107D9000070A9C40094798C383C7C90093F7F70FA8
:107DA000E5DFA5BF1C49638D0718411122C406C633
:107DB00026C2834705002A8493F7070489C75C41DC
:107DC0000945638E071013060002814517C5FE1F83
:107DD000130545099790FE1FE780C0E213060002D5
:107DE000A28517C5FE1F1305E5079790FE1FE780C4
:107DF00080DD97C7FE1F83C7770897C4FE1F938453
:107E0000640699E79307800217C7FE1FA308F706C9
:107E100097C7FE1F83C7A70691E7A14717C7FE1F95
:107E2000230FF70497C7FE1F83C7770591E7C54760
:107E300017C7FE1FA305F70497C7FE1F83C7470494
:107E400091E7ED5717C7FE1F230CF70297C7FE1FD8
:107E500083C7170391E7ED5717C7FE1FA302F70269
:107E60008347040093F7070491CFDC4037B7240021
:107E70001307F7E9636AF7069307500217C7FE1F57
:107E8000A302F7FE97C7FE1F9387C7FFC84309C524
:107E900097A0FE1FE780E09797C7FE1F23A607FE67
:107EA00083C70400858B85C317C5FE1F034555FD99
:107EB00093059004090597A0FE1FE780608697C789
:107EC000FE1F23A3A7FC83C71400014517C7FE1F8D
:107ED000A301F7FC9C4417C7FE1F232FF7FAB240FB
:107EE0002244924441018280370725009306F748D7
:107EF00063EDF6003767DBFF13070793BA971307A5
:107F0000007DB3D7E702FD1795BF130707496395B7
:107F1000E700930760029DB737D725001307F7776F
:107F2000636DF7003767DBFF13070793BA971307F3
:107F3000007DB3D7E702F91791B7930770023DBFF1
:107F400005458280797126D297C4FE1F938484F1FF
:107F50009C4406D622D44AD04ECE52CC56CA5AC8D9
:107F60005EC662C4638B072217C7FE1F034737ED47
:107F70009547AA8B97CAFE1F938A0AEC09456303AB
:107F8000F71E0D452E84328B368CEFF08FD697C7B7
:107F9000FE1F83C7E7EF898B17CAFE1F130A8AEEFD
:107FA00085CB3D499790FE1FE7806069E37CA9FE81
:107FB00097C7FE1F83C7A7EC9607C117E3E4A7FE88
:107FC00097C7FE1F9387C7E99C4313078007F8D321
:107FD00097C9FE1F938909E603A709005C57F19B27
:107FE00093E717005CD78347CA00898B99E783C75B
:107FF000040093F7070463930718814517C5FE1F14
:10800000034555E6EFF06FFA83A709003706330002
:1080100017C9FE1F1309C9E498431377F7CF98C314
:1080200098431377F7CF1367072098C317C7FE1F2E
:10803000130747E814439846518F98C60327090051
:10804000B70603009386862534CB944494C7D44462
:10805000D4C383C7040093F617005C43F99BD58F04
:108060005CC38347EA0003A50A0293E7270017C70A
:10807000FE1F2300F7E297C7FE1F238567E197C71E
:10808000FE1FA38187E1638E0B0E23006501A30011
:1080900085002286DE8509059790FE1FE780A0B245
:1080A00083A70A02032709003CDF97C7FE1F238628
:1080B00007D897C7FE1FA38207D897C7FE1F238F35
:1080C00007D68D4797C6FE1FA38BF6D68347CA00F7
:1080D000898B9DCB7C53FDFF97C7FE1F9387C7BB42
:1080E0009C43829703278A006361E50A198D83A761
:1080F0000A0209041374F40FA38087000D81A2976C
:1081000023800700A380A70017C5FE1F034585D560
:1081100011850D89A285EFF0EF9783C7040017F54D
:10812000FFFF1305657F858B89E717F5FFFF1305B3
:10813000E575EFD03FB683A70900B706800001457B
:108140009843558F98C3D857719BD8D797C7FE1FB0
:10815000A38607CE97C7FE1FA38007CE83270900FB
:10816000094798C3B250225492540259F249624AC4
:10817000D24A424BB24B224C456182808945C8406D
:1081800051B523206501014421BF97C7FE1F938786
:1081900027B6DC43998F3E9599BF0545E1B77971C4
:1081A000B7E700E026D284433707200006D622D462
:1081B0004AD04ECE52CC56CAF98C23A0E7180F10E5
:1081C000000017C4FE1F1304E4C9184409EF23A0DC
:1081D00097100545B250225492540259F249624A0E
:1081E000D24A4561828017C7FE1F1307A7D4032711
:1081F000470A09C723A097100945E9BF8347040030
:10820000328AB689858B2E86AA8ABDC717C9FE1FFA
:10821000130949C78327490095E317C5FE1F034586
:1082200035C62EC60905930590049790FE1FE7807A
:10823000204F324697C7FE1F23A8A7C483274900B3
:1082400099E7B7E700E023A097100D4561B717C77E
:10825000FE1F034747C32380E70083274900638F3E
:108260000A0429CEA380C70003254900D685090545
:108270009790FE1FE780209517C7FE1F034737BC66
:108280009547630CF70097C7FE1F83C767BB194765
:108290006385E7000D476396E70297C7FE1F83C714
:1082A00037BA99E79307801017C7FE1F231AF7B84C
:1082B000B7E700E023A09710014529BFA38007007E
:1082C00065BF17C9FE1F1309A9B983270900984381
:1082D0000D8B0DC717C7FE1F230F079AB84B1377D7
:1082E000F78FB8CB98431367870098C39C438D835F
:1082F000858B89C701000100010001008327090067
:108300003707020097CAFE1F938ACAB723A207063F
:1083100098C797C7FE1F238307B297C7FE1F83C75F
:1083200027B7918B89EB97C5FE1F83C5A5B393F73C
:10833000050463910712814517C5FE1F034595B2D9
:10834000EFF0AFC617C5FE1F0345C5B11185014645
:1083500097C5FE1F83C5C5B20D89EFE05FFE17C745
:10836000FE1F130727AD14441C4394C75444D4C3C1
:1083700083260900834704003A8413F61700DC4281
:10838000F99BD18FDCC283A74A00BCDE97C7FE1FD2
:10839000A38B47AF97C7FE1F238737AF83C7EA007A
:1083A00093E7470097C6FE1F2385F6AE93070004A8
:1083B00097C6FE1F2382F6A897C7FE1F238007A833
:1083C000A14797C6FE1FA38CF6A697C7FE1F9387EB
:1083D000678D9C5791CB13060064C14517C5FE1FDE
:1083E000034545ABEFD04FD58327090017050000A3
:1083F0001305C531DC43858B89E71705000013059C
:108400006506EFD03F891840B70633001C4393F749
:10841000F7CF1CC31C4393F7F7CF93E707201CC388
:1084200097C7FE1F938707A998431C47D58F1CC782
:1084300003270900B7070300938787153CCB97C72D
:10844000FE1FA38D079E97C7FE1FA387079E854724
:108450001CC3B9BD93F5050393E515004840CDB5A0
:10846000011197C7FE1F83C7379D06CE22CC26CAAF
:108470004AC8858B17C7FE1F1307079C638607240E
:1084800097C7FE1FA38A079A3A84A30701004453A3
:10849000EFF00FBE97C7FE1F83C7879F918B97C6CC
:1084A000FE1F9386269E17C9FE1F1309A99B638A88
:1084B000071A83C71400A69703C70700930700088D
:1084C000631AF7008347090093E7870017C7FE1F69
:1084D000230AF7985C4C0D47637FF710F11717C715
:1084E000FE1F2329F7965C4C984663EDE71033870F
:1084F000E74083C7140003C6C600A69783C71700CA
:10850000620661868E076350061263F4E7101D8FC2
:108510009306000263EBE600584C636FF70EB30757
:10852000F74017C7FE1F2323F796894517C5FE1F7F
:1085300003454596EFD0CFB683470900A18B638DE5
:10854000071097C7FE1F9387A79194439307800C4A
:108550001307F00FFCD21C5037063300014598C3B7
:1085600097C7FE1F238B078C97C7FE1FA387078C17
:1085700097C7FE1F2384078C97C7FE1FA380078C15
:1085800097C7FE1F9387078B98431C4393F7F7CF3A
:108590001CC31C4393F7F7CF93E707201CC397C76F
:1085A000FE1F93872791984397C5FE1F83C5858B30
:1085B00091851C478D89D18F1CC7B707030093870E
:1085C0008725BCCA05469790FE1FE78060E8834771
:1085D0000900DD9B17C7FE1F2306F78897C6FE1FFD
:1085E00083C6668A17C6FE1F0346F6898145014584
:1085F000EFF0FFBAE1A017B7FE1F1307676F5843EC
:10860000BA97E9BD17B6FE1F1306866E5042B297A1
:10861000F9BD3387E740EDBD97B6FE1F9386466DE3
:10862000D4423697EDBD584C6361F702B307F7406B
:1086300017C7FE1F232CF78483C7C60093E70708DC
:1086400017C7FE1F2306F784CDB517B6FE1F130606
:10865000266A50423297D9BF83C71400F917A38006
:10866000F4004850814681451306F1009790FE1FA3
:10867000E780E0D45C50931585019306F00F03C7A3
:108680000700E185630CD70097B7FE1F83C7B77F4C
:108690006386D7006304F70093E52500830709008C
:1086A00063C7070089E58347F1002380F40083272F
:1086B0000901505093F5F50F0D458297F240624441
:1086C000D24442490561828097B7FE1F938747795C
:1086D0009C43FC5399EFEFF0AF9997B7FE1F938738
:1086E000675C9C5BE38C07EE854513051008829759
:1086F000F5B5834777002147E312F7FC854717B7A5
:10870000FE1F230AF7585DBF797197B7FE1F83C715
:10871000A77206D622D426D24AD04ECE52CC858B12
:1087200017B7FE1F13074771638407260329470203
:1087300081461306F10081454A853A84A30701006A
:1087400097B7FE1F238A076E9790FE1FE78020C70A
:10875000131A8501135A8A4163120A0297B7FE1F42
:1087600083C777729306F00F638AD7005850034788
:1087700007006305D7006303F700094A97B4FE1F9B
:108780009384446E8387040097B9FE1F9389896F91
:1087900063C6071463160A148347F1002300F90027
:1087A00083C7C900918BD1CB5C4C0D47637DF71615
:1087B000F11717B7FE1F232FF7685C4C03A789003A
:1087C00063EAE7163387E7408347190083C6C90089
:1087D000CA9783C71700E206E1868E0763DD061697
:1087E00063F1E7161D8F9306000263EBE600584C19
:1087F000636CF714B307F74017B7FE1F2328F76819
:10880000894517B5FE1F0345E568EFD06F8983479B
:1088100019003307F9008346070013070008639522
:10882000E6161C501307F00F98C383C7040093E7A4
:10883000870017B7FE1F2307F76297B7FE1F9387BE
:10884000676798435C578583858BA1C3DC40C1650E
:10885000938505A0B3D6B702370510FE7D15B3F793
:10886000B702FD8A139646017443E98ED18E74C314
:108870009306A00F3706FCFFAA07B3D7D7027443AD
:10888000F18EBA07B983D58F7CC383A7490017B58A
:10889000FE1F0345255D118583C517000D89EFE097
:1088A0007F9F1705000013056513EFD0AFBE97B784
:1088B000FE1F938727589C43B70680009843558F27
:1088C00098C3D857719BD8D783C70400A18BA1E761
:1088D0009C48505081450D45829735A8E3020AEC2B
:1088E000EFE0FFB89C4850500D459375FA0F829702
:1088F00003A5490017B6FE1F0346F65897B6FE1F9C
:1089000083C6665809C583451500090519A0814528
:108910000145EFF0DF88B250225492540259F249D7
:10892000624A4561828017B7FE1F1307673C5843B0
:10893000BA97BDBD97B6FE1F9386863BD442B697C5
:1089400051B53387E74045B597B6FE1F9386463A43
:10895000D442369745B5584C6361F702B307F740E8
:1089600017B7FE1F2324F75283C7C90093E70708F0
:1089700017B7FE1F230EF75061B597B6FE1F9386FB
:108980002637D4423697D9BFF917A300F90075B539
:1089900097B7FE1F9387C74C9C43FC539DE3EFE0C2
:1089A0003FED97B7FE1F9387E72F9C5B89C78945EB
:1089B00013051008829797B7FE1F9387A74CC843EB
:1089C00015BF834777002147E317F7F4854717B7AB
:1089D000FE1F2302F72C81B7411197B7FE1F83C7F3
:1089E000B74506C622C4858B8DCB97B7FE1FA385DE
:1089F0000744EFE0FFE797B7FE1F9387A74603C73B
:108A000007003E84218B21E703A30701014681452E
:108A100011452244B2404101028397B7FE1F93875C
:108A200027449C43FC53ADE797B7FE1F23880740BC
:108A300097B7FE1F9387074303C707003E84218B28
:108A400019E703A30701014681455145D9B797B7F7
:108A5000FE1F93872743C84317B6FE1F0346B6423F
:108A600097B6FE1F83C626420DC183451500090532
:108A7000EFF0EFF283470400DD9B17B7FE1F2303DF
:108A8000F73EB24022444101828081450145CDB785
:108A9000854717B7FE1F2300F720E5B74111B7E759
:108AA00000E022C480433707200006C6798C23A04B
:108AB000E7180F10000097B7FE1F238C073C97B7ED
:108AC000FE1F9387273CC84309C59790FE1FE78088
:108AD00040D497B7FE1F23A9073A17B7FE1F0347D5
:108AE000373697B7FE1F9387273501CF97B6FE1FFE
:108AF00083C6063521476396E60017B7FE1FA3011C
:108B0000073403C7770099466387E60003C77700F9
:108B10009D46639DE60083C7770017B7FE1F2301BC
:108B2000F732854717B7FE1FA30CF730EFE03F94ED
:108B3000C14517B5FE1F0345E53597B7FE1F238CCA
:108B40000714EFC01FF6B7E700E023A08710B2407C
:108B50002244014541018280411106C622C426C239
:108B600017B4FE1F13040432EFF05FF38347F400E1
:108B7000A14517B5FE1F0345E53117B7FE1FA30337
:108B8000F72E5C4897B4FE1F9384C42D17B7FE1FC1
:108B9000232EF72CEFC0FFF0914517B5FE1F0345BC
:108BA000652FEFC01FF08347C400898B9DC39C488D
:108BB000014681451305200282972244B240924427
:108BC00097B7FE1F2386072C8945014541016FD0C9
:108BD0000F8B8347C400918BEDD39C4801468145A0
:108BE00013054002D1BF97B7FE1F83C7672A898B41
:108BF000638C0712011152C406CE22CC26CA4AC881
:108C00004EC656C25AC017B7FE1F034757238D479B
:108C100017BAFE1F130A4A2291456300F70C354527
:108C200001798569EFE0FF8CA14417B4FE1F13049E
:108C300024237D19938929F91306000881450145EC
:108C4000EFE05FF2B70A0200130B00F883472A0037
:108C5000858B8DE31C40FC53F5FBFD14F1FC624455
:108C6000F240D2444249B249224A924A024B05613B
:108C70006FF09FEE17B5FE1F0345C51E1185014617
:108C80009305F00F0D8997B7FE1F2388071AEFE0B1
:108C90000FEB97B5FE1F83C5E51C91851306F00FFA
:108CA0008D8905459780FE1FE780807A83473A00CB
:108CB000858BB9C397B7FE1FA3810718EFE05FBB91
:108CC00097B7FE1F9387071C83C7C700854593E7A7
:108CD000070817B7FE1F230DF71A6244F240D2446B
:108CE0004249B249224A924A024B17B5FE1F034538
:108CF000651A05616FC0DFBAEFE09FB71C40D84727
:108D0000B3762701D4C70F1000001C4023A45701DD
:108D100097B6FE1F2384661323A23707D8C71C40CB
:108D2000FC538DDB0100E5BF8280411122C406C6E1
:108D300093F715002E84A1CB97B7FE1F83C7471565
:108D4000898B85CF97B7FE1F9387C71383C7C7004B
:108D500017B5FE1F0345051413060005E207E1875A
:108D600063DA070017B6FE1F034656119307000A81
:108D70003306F6029145EFC03FBC13451400B240E4
:108D800022444101828093F72500B9C797B7FE1F9F
:108D900083C70710918B95CF97B7FE1F9387870ED8
:108DA00083C7C70017B5FE1F0345C50E1306000A8B
:108DB000E207E18763DC070017B6FE1F0346160CC7
:108DC0009307000A3306F60213068602A145EFC098
:108DD000BFB61345240065B793F7450091C7EFF080
:108DE0009FE01345440061BF93F7850081CF97B79B
:108DF000FE1F83C7E709918B99C3EFF0FFD5134599
:108E00008400B5BF93F705010145B5DBEFD0AFA0F6
:108E100017B7FE1F0347B702A147631BF7001306EE
:108E20000064C14517B5FE1F0345C506EFC0DFB09E
:108E300013450401A9B7411197B7FE1F83C7E7FF88
:108E400006C622C426C24AC0858B6388071E17B592
:108E5000FE1F0345250111850146930500020D897A
:108E600097B7FE1F238B07FCEFE06FCD97B5FE1F72
:108E700083C545FF91851306F00F8D89054517B908
:108E8000FE1F130969FB9780FE1FE780605C834724
:108E90003900858B6383071A0325490297B7FE1FA4
:108EA000A38D07F881460146814597B7FE1F2386AB
:108EB00007F89780FE1FE7808050AA84631F05167D
:108EC000032449029547034724006318F7161946FF
:108ED00097B5FE1F938585DE130594009780FE1FCE
:108EE000E78060D58547631AF5148327090219477F
:108EF000814598C317B5FE1F0345C5F611850D8939
:108F0000EFE04FB997B5FE1F83C5C5F591850146C2
:108F10008D890D459780FE1FE78080538347290088
:108F2000858B638C071097B7FE1F238807F097B7D0
:108F3000FE1F938767D69C43829797B7FE1F23A790
:108F4000A7F4EFF0BFB597B7FE1FA38D07F097B753
:108F5000FE1FA38F07F283473401014693050002E9
:108F600017B7FE1FA30CF7F08347440117B7FE1F86
:108F70002307F7F08347540117B7FE1FA301F7F04B
:108F8000034704018347F40022075D8F83471401E0
:108F9000C2075D8F83472401E207D98F17B7FE1FF1
:108FA0002326F7EC034774018347640122075D8F92
:108FB00083478401C2075D8F83479401E207D98FFD
:108FC00017B7FE1F232AF7EA17B7FE1FA30407EC03
:108FD0000147B3D6E700858A89C6850493F4F40F68
:108FE00005460507E317B7FE09C697B7FE1FA3831B
:108FF00097EA8347A40193053400194617B7FE1F6B
:10900000230EF7E617B5FE1F130585E9894717B745
:10901000FE1F230FF7E69780FE1FE780C0BA2244A9
:10902000B2409244024917B5FE1F0345A5E6130658
:109030008002914541016FC03F90EFE04FC3B240C5
:109040002244FD5717B7FE1F2304F7E49244024958
:1090500041018280411106C622C4EFE04FE61306AB
:109060004002814517B5FE1F1305C5E19780FE1F1D
:10907000E78040B917B4FE1F1304C4E0FD5717057D
:1090800000001305C5CA1CC0EFC03FD62308A400CA
:10909000B240224401454101828097B7FE1F938769
:1090A00067E19C4313070048B70600F998D7D85FDB
:1090B000FD16758FB7060002558FD8DFD85FB7064B
:1090C00000400E070D83558FD8DFF84BC576FD168F
:1090D000419B13679700F8CBD85F758F9566558FC6
:1090E000D8DF985B9D661367077098DB985B558F98
:1090F00098DB985BB7060700558F98DB985BB7063F
:109100000090FD16758FB7060010558F98DBF84755
:10911000B706F9FFFD16619BF8C7F84F758FF8CFBA
:10912000F84FB70690FFFD16758FF8CF828017B7FE
:10913000FE1F130727D81C4341767D16B44BF18ED2
:10914000B4CB944737062000D18E94C7D44793E61A
:109150000601D4C7D447BD9AD4C70100010001005D
:10916000010014430566DC4693E70701DCC6DC42D8
:10917000D18FDCC297B7FE1F938787CE90439307AA
:1091800040067CD27C5291C783A7C609A183858BF8
:10919000F5DB01000100010001001C43416603A74B
:1091A000C709B44BD18EB4CB9376F701B84B019B72
:1091B000558FB8CB9847B706E0FFFD16758F98C757
:1091C000828097B7FE1F9387E7CE9C4341777D1738
:1091D000B44F4166F98EB4CF9447D18E94C7D4472B
:1091E00093F6F6EFD4C7D443758FD8C3D44793E62C
:1091F0000610D4C7D843518FD8C38280397122DC7E
:1092000017B4FE1F130404CB1C4006DE26DA4AD82E
:109210004ED652D456D25AD05ECE62CC66CA6AC8F6
:109220006EC6D843FD76FD161377F7EFD8C398576F
:10923000758F98D7D857B70602003D9BD8D7984767
:10924000558F98C7D84313670701D8C317B7FE1FB8
:109250001307C7C514433757341213078767E38FC3
:10926000E64AD84381749384F40F799BD8C3985FFE
:10927000B166938606F0658F558F98DFD8431367E4
:109280001700D8C39780FE1FE780E0451C4003A766
:1092900007091377F7032386E18603A74709298384
:1092A0001377F707A386E186D843B96693860670DD
:1092B000799BD8C3985F658F558F98DFD843136724
:1092C0001700D8C39780FE1FE780E0411C4003A72A
:1092D00007091377F70397B6FE1FA38FE6BC03A712
:1092E000470929831377F70797B6FE1F2382E6BC49
:1092F000D843B56693860630799BD8C3985F658F4F
:10930000558F98DFD84313671700D8C39780FE1F87
:10931000E780603D18408327070993F7F70397B666
:10932000FE1F238BF6B883274709A98393F7F70716
:1093300017B7FE1F230AF7B61C4017BCFE1F034CCD
:10934000ACB783C6C18603A7070AB386864113F666
:10935000F600419B518F23A0E70A13076002338771
:10936000E6021306700283A5070A7D7E130EFE0F28
:1093700093F5F5F01305400245737D131304300295
:109380003347C702B708F1FFFD1813082002930EF8
:1093900010027D4FF94FF542F1436D4DD14B454BD6
:1093A000BD443949314AAD4AB5493D8B12074D8F0D
:1093B0009305500223A0E70A3387B60283A5070A64
:1093C000B3F5C5013347C7023D8B22074D8F23A05C
:1093D000E70A3387A60283A5070A370500F17D1542
:1093E000B3F565003347C7023D8B32074D8F23A08D
:1093F000E70A3387860283A5070A6144B3F515019E
:109400003347C7023D8B42074D8F23A0E70A3387BE
:10941000060383A5070A370810FF7D18B3F5050179
:109420003347C7023D8B52074D8F23A0E70A33878E
:10943000D60383A5070AB70E0010FD1EE98D33473A
:10944000C7023D8B62074D8F23A0E70A1397560092
:109450003347C7029315C70103A7070A3377D7011C
:109460004D8F23A0E70A3387E6035D4F3347C702DA
:109470009375F70003A7470A419B4D8F23A2E70A84
:109480003387F60383A5470AD94F93F5F5F03347A1
:10949000C7023D8B12074D8F23A2E70A338756027E
:1094A00083A5470AD542B3F5C5013347C7023D8BB3
:1094B00022074D8F23A2E70A3387760283A5470A46
:1094C000CD43B3F565003347C7023D8B32074D8F5F
:1094D00023A2E70A3387A60383A5470A494DB3F5BC
:1094E00015013347C7023D8B42074D8F23A2E70A80
:1094F00069473387E60283A5470AB3F50501334779
:10950000C7023D8B52074D8FE54523A2E70A3387FB
:10951000B60283A5470AE98D3347C7023D8B620730
:109520004D8F23A2E70A338786020D443347C702D3
:109530009315C70103A7470A3377D7014D8F23A29D
:10954000E70A3387E603254F3347C7029375F700D1
:1095500003A7870A419B4D8F23A4E70A3387F603AD
:1095600083A5870A9D4F93F5F5F03347C7023D8BDE
:1095700012074D8F23A4E70A3387560283A5870A73
:109580009942B3F5C5013347C7023D8B22074D8F82
:1095900023A4E70A3387760383A5870AB3F565001A
:1095A0003347C7023D8B32074D8F23A4E70A338729
:1095B000760283A5870A9543B3F515013347C702A1
:1095C0003D8B42074D8F23A4E70A3387A60383A56B
:1095D000870A294DB3F505013347C7023D8B520772
:1095E0004D8F23A4E70A3387660383A5870AE98D95
:1095F0003347C7023D8B62074D8F93954600B3C535
:10960000C50223A4E70A03A7870A3377D701F20527
:109610004D8FB385960223A4E70A03A7C70A419B8F
:10962000B3C5C502BD894D8F23A6E70A338726033C
:1096300083A5C70A93F5F5F03347C7023D8B1207A0
:109640004D8FB3C5860223A6E70A03A7C70A33775F
:10965000C701BD89A2054D8F23A6E70A33874603BC
:1096600083A5C70AB3F565003347C7023D8B3207B0
:109670004D8F23A6E70A3387560383A5C70AB3F5A0
:1096800015013347C7023D8B42074D8F23A6E70ADA
:109690003387A60383A5C70AB3F505013347C7027D
:1096A0003D8B52074D8F23A6E70A3387E60383A538
:1096B000C70AE98D3347C7023D8B62074D8F9395EB
:1096C0003600B3C5C50223A6E70A03A7C70A337746
:1096D000D701F2054D8FB385F60323A6E70A03A74A
:1096E000070B419BB3C5C502BD894D8F23A8E70A6F
:1096F0003387560283A5070B93F5F5F03347C7026E
:109700003D8B12074D8F23A8E70A3387760283A586
:10971000070BB3F5C5013347C7023D8B22074D8FB9
:1097200023A8E70A139726003347C70283A5070B30
:10973000B3F565003D8B32074D8FB3C5360323A8C3
:10974000E70A03A7070B33771701BD89C2054D8FC1
:1097500023A8E70A139716003347C70283A5070B10
:10976000B3F505013D8B52074D8FB3C5C60223A843
:10977000E70A03A7070B698FBD89E2054D8F23A870
:10978000E70A03A7070B930580023377D70123A8C5
:10979000E70A17A7FE1F034737723307EC40B34DA4
:1097A000B70283AC470B93FC0CFFB34B770393FDDD
:1097B000FD00B3ECBC0123AA970B83AC470BCD4D46
:1097C00093FCFCF093FBFB00920BB3EB7C0123AA10
:1097D000770BB30B870283AC470BB3FCCC01B3CB45
:1097E000BB0293FBFB00A20BB3EB7C01B34CA703C2
:1097F00023AA770B83AB470BB3FB6B0093FCFC00F6
:10980000B20CB3EB9B0123AA770BA14BB34B7703AD
:1098100083AC470BB3FC1C0193FBFB00C20BB3EB07
:109820007C0123AA770BB30B570283AC470BB3FC25
:109830000C01B3CBBB0293FBFB00D20BB3EB7C015F
:1098400023AA770BB30BF70383AC470BB3FCAC0035
:10985000B3CBBB0293FBFB00E20BB3EB7C01B34C3D
:10986000770223AA770B83AB470BB3FBDB01F20C28
:10987000B3EB9B01B30CE70323AA770B83AB870BF6
:1098800093FB0BFFB3CCBC02B30A570393FCFC0061
:10989000B3EB9B0123AC770B914B83AC870B93FC11
:1098A000FCF0B34B7703330A470393FBFB00920BA7
:1098B000B3EB7C0123AC770B83AB870BD54CB3FBAD
:1098C000CB01B3CABA02B309370393FAFA00A20A6A
:1098D000B3EA5B0123AC570B83AA870BD94BB3FACE
:1098E0006A00334ABA0233092703137AFA00320AAC
:1098F00033EA4A0123AC470B03AA870BE14A337AC8
:109900001A01B3C9B902B304970293F9F900C20965
:10991000B3693A0123AC370B83A9870B654AB3F9C6
:1099200009013349B902B3C4B4021379F9005209E9
:1099300033E9290123AC270B03A9870BE9493379C4
:10994000A900330B6703BD88E204B36499001319BF
:10995000470023AC970A83A4870BB3F4D40133499F
:10996000B902334BBB027209B3E4240123AC970A5A
:1099700083A4C70BC198137BFB0033EB6401C9447C
:10998000B304970223AE670B03A9C70B5D4B137992
:10999000F9F0B3C4B402BD889204B364990023AE55
:1099A000970AB304B70303A9C70BF54D3379C9016F
:1099B000B3C4B402BD88A204B364990023AE970A6D
:1099C0008944B344970203A9C70B33796900BD8862
:1099D000B204B364990023AE970AB304970303A9B2
:1099E000C70BF94C33791901B3C4B402BD88C20462
:1099F000B364990023AE970AB304770303A9C70B96
:109A0000FD4B33790901B3C4B402BD88D204B364F9
:109A1000990023AE970AB304670303A9C70B130B7E
:109A200010023379A900B3C4B402BD88E204B36460
:109A3000990023AE970AB304570303A9C70B930AEF
:109A400020023379D901B3C4B402F204B36499009B
:109A500023AE970AB304470303A9070C130A300285
:109A6000137909FFB3C4B402BD88B364990023A07D
:109A7000970CB304370303A9070C93094002137929
:109A8000F9F0B3C4B402BD889204B36499006D497F
:109A900023A0970CB304270303A9070C3379C9014A
:109AA000B3C4B402BD88A204B364990023A0970C88
:109AB000F144B304970203A9070C33796900B3C4D6
:109AC000B402BD88B204B364990023A0970CB30418
:109AD000B70303A9070C33791901B3C4B402BD88D5
:109AE000C204B364990023A0970CB304970303A99D
:109AF000070C33790901B3C4B402BD88D204B3643E
:109B0000990023A0970CB304770303A9070C3379BA
:109B1000A900B3C4B402BD88E204B364990023A0D1
:109B2000970C93145700B3C4B4021399C40183A4CF
:109B3000070C3306C702B3F4D401B3E4240123A015
:109B4000970C03A9470C137909FFB3046703B3C447
:109B5000B402BD88B364990023A2970CB3045703E1
:109B600003A9470C1379F9F0B3C4B402BD88920479
:109B7000B364990023A2970CB304470303A9470CCD
:109B80003379C901B3C4B402BD88A204B364990097
:109B900023A2970CB304370303A9470C3379690058
:109BA000B3C4B402BD88B204B3649900130950026F
:109BB00023A2970CB304270303A9470C3379190197
:109BC000B3C4B402BD88C204B364990023A2970C45
:109BD00093046002B304970203A9470C3379090187
:109BE000B3C4B4023346B602BD88D204B36499004C
:109BF00023A2970C83A4470CE98C3D8A6206458E0C
:109C000023A2C70C03A6470C9314C7013376D601D1
:109C1000458E23A2C70C130690023306C70283A405
:109C2000870CC1983346B6023D8A458E23A4C70CE3
:109C30001306A0023306C702B345B60203A6870C7B
:109C40001376F6F0BD899205D18D23A4B70C97A5A4
:109C5000FE1F83C5652517A6FE1F034666253386AE
:109C6000C540B304A60303A9870C3379C901B3C463
:109C7000E40293E48400BD88A204B364990023A4A1
:109C8000970CB304E60303A9870C33796900B3C4C6
:109C9000E40293E48400BD88B204B364990023A471
:109CA000970C93143600B3C4E40203A9870C3379EC
:109CB000190193E48400BD88C204B364990023A40D
:109CC000970CB304F60303A9870C33790901B3C4D5
:109CD000E40293E48400BD88D204B364990023A411
:109CE000970CB304560203A9870C3379A900B3C4B7
:109CF000E40293E48400BD88E204B364990023A4E1
:109D0000970CB304760203A9870C3379D901B3C445
:109D1000E40293E48400F204B364990023A4970C52
:109D200093142600B3C4E40203A9C70C137909FFF6
:109D300093E48400BD88B364990023A6970CB30410
:109D4000860203A9C70C1379F9F0B3C4E40293E4C3
:109D50008400BD889204B364990023A6970C9314E1
:109D60001600B3C4E40203A9C70C3379C901334711
:109D7000E60293E48400BD88A204B364990023A69C
:109D8000970C03A6C70C33766600136787003D8BDC
:109D90003207518F23A6E70C03A7C70C33771701AF
:109DA00023A6E70C03C7D1860D8F3346D70293F560
:109DB000F507E2053D8A9314460103A6C70C330458
:109DC000870233760601458E23A6C70C13161700AB
:109DD00083A4C70CE98C3346D6023D8A6206458EC1
:109DE00023A6C70C03A6C70C3344D402B37ED60106
:109DF00013162700B3037702720433E48E0023A600
:109E0000870C3346D602B3025702937EF60003A6B0
:109E1000070D419A3366D60123A8C70C03A6070D88
:109E2000B3C3D3021376F6F0B3C2D20293F3F300B6
:109E30009203B363760023A8770C03A6070D337E45
:109E4000C601B30FF70393F2F200A202B3625E0001
:109E500023A8570C03A6070D3373660013163700AB
:109E6000B3CFDF02330FE70393FFFF00B20FB36FEF
:109E7000F30123A8F70D03A3070DB37813013346AD
:109E8000D602330DA7033D8A420633E6C80023A855
:109E9000C70C03A6070D33780601334FDF02B34624
:109EA000DD02137FFF00520F336FE80123A8E70D97
:109EB00003A7070D798DBD8AE206C98E23A8D70CAA
:109EC000D84385663D9BD8C3D843799BD8C3985760
:109ED000558F98D7D857B7060081FD16136707012D
:109EE000D8D71377FC0303AC8703137C0CFC336CCB
:109EF000EC0023AC8703985F758FD98D8CDF62549B
:109F0000F250D2544259B259225A925A025BF24B41
:109F1000624CD24C424DB24D2161828097A7FE1F08
:109F200023A607F86FF04FC197A7FE1F938787F806
:109F300098435C4393E707105CC38280411106C6D7
:109F40000128930560408922B24001454101828089
:109F5000011106CE9317450163D30702592489479F
:109F600019C9834605001147B1476396E600954736
:109F70002300F500C947F2403E85056182802EC668
:109F80004924C9476DD90347A500418B6DD7B24518
:109F90008347B500230AB50491E7E9472308F50094
:109FA0008147D1BFED47DDBF01114AC84EC652C43B
:109FB00006CE22CC26CAAE89328A3689992479C146
:109FC000631E0A0085472387F1860145F2406244FB
:109FD000D2444249B249224A0561828003C7E186E0
:109FE00085472A846315F700238701868949B7E7E7
:109FF00000E084433707200023A0E718F98C0F10F6
:10A0000000004165130545F5212C21CD8347A500AE
:10A010002315F50083278411A9E3232CA410232EF4
:10A02000A410930710F87919232005002316450181
:10A03000A304F5002304350123222501834794025C
:10A0400085450145B395F500C205C181EFB05F8537
:10A05000B7E700E023A097108DBF8327C41188C302
:10A060007DBF97A7FE1F9387E7C39C5B91C795654C
:10A070009385555505458297B7E700E023A09710D3
:10A080001D45A9B7094599B76FC03FDC011106CE40
:10A090002AC6EFC0FF8E09C9B245F240034505004C
:10A0A0004D4605616FC04FABF24049450561828066
:10A0B00097A7FE1F9387C7E717A7FE1F1307C7E6DB
:10A0C0009C43184301456313F700828083D66700E1
:10A0D00081E683D6470036959C43F5B797A7FE1FC8
:10A0E000938747BC8C4317A7FE1F0357E7BB41115B
:10A0F0001386052297A7FE1F23ACC7E2938785FF2F
:10A10000BA97056597A6FE1F23A0F6E206C61D05B1
:10A11000935637006374E500930600203307D6009A
:10A1200017A5FE1F2324E5E023A0E522E116231254
:10A13000D600231306001CC3998FE1172312F700E2
:10A1400023130700EFF0DFF6B24097A7FE1F23921C
:10A15000A7B04101828097A7FE1F938767DD97A66E
:10A16000FE1F938666DC9C4390422A87B305B54068
:10A170006314F6003A8529A8938687009C43E36917
:10A18000D7FEE377F7FE2E85E3E4D5FEE3F2F5FE96
:10A19000828083D705002300F50083D70500A183C3
:10A1A000A300F50003D52500090542054181828001
:10A1B000011122CC2A84C84106CEAE86014719C5BA
:10A1C0002EC68D45EFF03FF9B2462A8722856244BC
:10A1D000F2406D46970500009385E5FB05616FC071
:10A1E0004F8697A7FE1F9387E7D4BC4B9C5799E3F4
:10A1F0003E85828003D78701E30CA7FE93878705FE
:10A20000FDB797A7FE1F9387E7D283A7870999E336
:10A210003E85828003D78700E30CA7FE9C43C5BF21
:10A2200097A7FE1F938707D183A7870AC16697A5C3
:10A23000FE1F83C515A80147FD1603D6A7006309B5
:10A24000A6006307D6000507C107E3D8E5FE8147EE
:10A250003E85828017A7FE1F034777BE9547630B95
:10A26000F70097A7FE1F938727BD83C777000D4789
:10A27000631FF70097A7FE1F83C797BC639C071255
:10A280009307701017A7FE1F231CF7BA8280411195
:10A2900097A7FE1F938707CA0D4522C426C206C68C
:10A2A00083A407094AC017A4FE1F1304A4B8EFD063
:10A2B0004FA41840B7C7898E938767ED1CC7B7575F
:10A2C0005500938757555CC303C7A4039307F00F4A
:10A2D0006305F700FD57238DF40217A9FE1F13092C
:10A2E00029B8032709008547A38CF4025C43014683
:10A2F000014593E717005CC3930720FB2383F40019
:10A300009D4717A7FE1FA30CF7B297A7FE1F238533
:10A3100007B29305500297A7FE1F238107B2EFD023
:10A320000F8217A7FE1F1307E7B814430145DC5639
:10A33000F59BDCD683C754001040CA8493F6F70718
:10A340001C423A8993F707F8D58F1CC297A7FE1FC6
:10A3500083C7C79A91C797A7FE1F938727D08843C3
:10A36000EFB05F931840B70633001C4393F7F7CF65
:10A370001CC31C4393F7F7CF93E707201CC30327A5
:10A380000900B24022441C470249D58F1CC798409F
:10A39000B7070300938787153CCB97A7FE1FA38FB2
:10A3A00007A897A7FE1FA38907A885471CC3924447
:10A3B00041018280828011CE93070002918F635BFE
:10A3C000F000B395C500B357F5003316C500DD8D19
:10A3D00032858280930506FE0146B315B5003285AD
:10A3E000CDBF014863C6050E63DB06003306C040DF
:10A3F000B337C000B306D0401348F8FF9D8EB68730
:10A400003283AA8EAE886391061863FCC50C41673F
:10A410006361E61EB70700016365F6369356860151
:10A42000E147173700001307A7AA3697034707002D
:10A43000BA97130700021D8F19CBB395E500B357E8
:10A44000F5003313E600B3E8B700B31EE50013567A
:10A450000301B3D7C80293160301C18213D70E01BB
:10A46000B3F5C8023385F602C205B3E8E50063FA26
:10A47000A8009A981387F7FF63E4680063E9A8329D
:10A48000BA87B388A840B3D5C802C20E93DE0E01C6
:10A49000B3F8C802B386B602C208B3E8D80163FBBA
:10A4A000D8009A981387F5FF63E56800F91563E310
:10A4B000D800BA85139507014D8D814563090800C1
:10A4C0003305A040B337A000B305B0409D8D828016
:10A4D0003305A040B337A000B305B0409D8D7D5833
:10A4E00021B701E605433353D3024167636AE30EA4
:10A4F000B7070001636BF32893568301E1471737D1
:10A5000000001307E79C369703470700BA97130725
:10A5100000021D8F65EB93180301B3866540135F3E
:10A52000030193D80801854513D70E01B3D7E6037D
:10A53000B3F6E60333861703C206558F637AC70066
:10A540001A979386F7FF636467006365C726B6872B
:10A55000118FB356E703C20E93DE0E013377E70384
:10A56000B388160342073367D701637B17011A9735
:10A570001386F6FF63656700F91663631701B286F9
:10A5800013950701558D1DBF63E1D504C16763E1D4
:10A59000F604B707000163E2F61E93D8860161470F
:10A5A000973700009387C792C69703C307009307A6
:10A5B00000023A93B3876740E9EB63ECB61C33358E
:10A5C000C500134515008145D5BD81450145FDB543
:10A5D0009307F00F63F2D71C93D886002147C9B7C1
:10A5E0001307F00F9A86E37C67F093568300A14728
:10A5F00039B71307F00FB286E375C7E293568600AA
:10A60000A14705B53313E30033D6F500135F03010B
:10A61000335EE603B396E500B357F500DD8E93187D
:10A62000030193D80801B31EE50093D50601B37763
:10A63000E6033387C803C207CD8F63FBE7009A9711
:10A640001306FEFF63E3671663F1E716791E9A9718
:10A65000998F33D6E703139706014183B3F7E703D6
:10A660003385C80293960701D98E63FBA6009A969C
:10A670009307F6FF63E7661263F5A61279169A96BA
:10A6800093150E01898ED18D45B533576600B3966B
:10A69000F600D98EB3D8650013DF0601B3DEE803F8
:10A6A000139E060133536500135E0E01B395F5004A
:10A6B000B365B30013D705013316F600B3F8E8030A
:10A6C0003303DE03C20833E7E800637B6700369795
:10A6D0009388FEFF6369D70C6377670CF91E369782
:10A6E000330767403353E703C205C1813377E7037C
:10A6F000B3086E024207D98D63FB1501B6951307A7
:10A70000F3FF63EED50863FC15097913B695C20E05
:10A71000416FB3EE6E001307FFFFB3F6EE0013D3E5
:10A720000E01718F4182338EE602B3851541B386E7
:10A73000C60293580E013307E302BA96C696330653
:10A74000C30263F3E6007A9613D306011A9663E216
:10A75000C5026385C500768581458DB341677D1748
:10A76000F98EC206337EEE00B317F500F296E3F4DD
:10A77000D7FE1385FEFF814591B393D8060141476B
:10A7800005B593560601C14769B993560301C14700
:10A79000BDB3814505451DB3B688014711B53A8360
:10A7A000BDB73E86F1BDC68E25BF328E55B5F917B1
:10A7B0009A98C1B9F9171A9761BBB687B2882A83EC
:10A7C0002E88639D061463F9C50A4167636EE61A15
:10A7D000B70700016363F63493568601E1471727F4
:10A7E00000001307E76E369703470700BA97130771
:10A7F00000021D8F19CB3398E500B357F500B3184D
:10A80000E60033E807013313E50013D6080133559A
:10A81000C80293960801C182935703013377C80297
:10A82000B385A60242073368F700637AB8004698FA
:10A830009307F5FF636418016367B8303E853308FA
:10A84000B8403357C8024203135303013378C80298
:10A85000B386E602420833686800637BD8004698F6
:10A860009307F7FF6365180179176363D8003E8784
:10A870004205598D8145828001E60547B358C702DC
:10A88000416763EAE80EB707000163ECF82893D646
:10A890008801E1471727000013078763369783462F
:10A8A0000700BE9693070002958FE5EB939E080183
:10A8B0003387154113DF080193DE0E018545935759
:10A8C00003013355E7033377E703B306D5034207A4
:10A8D000D98F63FAD700C6971307F5FF63E4170112
:10A8E00063E6D7263A85958F33D7E70342031353A0
:10A8F0000301B3F7E703B30ED703C207B3E767005B
:10A9000063FBD701C6979306F7FF63E51701791735
:10A9100063E3D70136874205598D828063E2D5040F
:10A92000C16763E2F604B707000163E4F61E13D7BC
:10A93000860161489727000093878759BA9703C714
:10A940000700130E00024297330EEE40631A0E0CFE
:10A9500063EDB61C3335C500134515008145828073
:10A960008145014582809307F00F63F3D71C13D70D
:10A9700086002148C1B71307F00FC686E37C17F1A4
:10A9800093D68800A14739B71307F00FB286E37852
:10A99000C7E493568600A14799B5B398F80033D61B
:10A9A000D50013DF0801335EE6033397F500B35695
:10A9B000D500558F939E080193DE0E013313F500E9
:10A9C00093550701B376E603B387CE03C206CD8E57
:10A9D00063FBF600C6961306FEFF63E4161763F2E8
:10A9E000F616791EC6969D8E33D6E6039317070199
:10A9F000C183B3F6E6033385CE02139706015D8F5C
:10AA0000637BA70046979307F6FF63681713637687
:10AA1000A7127916469793150E01098FD18D45B56A
:10AA2000B357E600B396C601DD8E33D3E50013DFDE
:10AA30000601B357E303939E060193DE0E0133989C
:10AA4000C5013357E50033680701935808013316F1
:10AA5000C6013373E303B385FE024203B3681301F7
:10AA600063FBB800B6981387F7FF63EAD80C63F866
:10AA7000B80CF917B698B388B84033D7E803420842
:10AA800013580801B3F8E8033383EE02C208B3E5B4
:10AA9000080163FB6500B6951308F7FF63EDD50861
:10AAA00063FB65087917B695C207416FD98F130705
:10AAB000FFFFB3F6E70093D80701718F4182B38E91
:10AAC000E602B3856540B386C60213D80E0133870C
:10AAD000E802BA96C2963386C80263F3E6007A9615
:10AAE00093D80601469663E2C5026385C5003E859C
:10AAF0008145828041677D17F98EC206B3FEEE0064
:10AB00003315C501F696E374D5FE1385F7FF81452D
:10AB1000828013D70601414831BD93560601C147D3
:10AB20007DB993D60801C147B5B3814505458280FB
:10AB30003687014801B5428785BF3E86E9BDBA87A1
:10AB40001DBF328E4DB579154698D5B97915C69782
:10AB500059BB01476314E60001458280B307E50055
:10AB60000507B386E50083C7070083C6F6FFE383C6
:10AB7000D7FE3385D7408280B3C7A5008D8B3307BE
:10AB8000C50081E78D4763EEC700AA876370E50AB9
:10AB900083C6050085078505A38FD7FEE3EAE7FE98
:10ABA000828093763500AA8791CA83C605008507FF
:10ABB0008505A38FD7FE93F63700FDB79376C7FFC1
:10ABC000138606FE63F0C70683A3050083A2450033
:10ABD00083AF850003AFC50083AE050103AE450119
:10ABE00003A3850183A8C5019385450223A07700AF
:10ABF00003A8C5FF23A2570023A4F70123A6E7015A
:10AC000023A8D70123AAC70123AC670023AE1701ED
:10AC10009387470223AE07FF75B7904191079105CF
:10AC200023AEC7FEE3EBD7FEE3E4E7F6828039719B
:10AC30003EDA2ED232D436D63AD842DC46DE93877C
:10AC4000018122CC804326CA06CEAA8409C41C4CAA
:10AC500099E32285412B0C4454102686228536C662
:10AC6000EF00D01EF2406244D24421618280011183
:10AC70009387018122CC804306CEAA8519C41C4C3F
:10AC800089E72AC62285B92BB24510442285624441
:10AC9000F24005616F10C000011126CA4AC806CEF5
:10ACA00022CC4EC652C4AA842E8901C51C4D91E304
:10ACB000152B9C4C804499E326852D239727000073
:10ACC00093870733631CF402C0408357C400A18BF1
:10ACD000B1C71C48A1C7FD59294A1C448345090036
:10ACE000FD17B1E91CC463DE07062286A945268547
:10ACF000F120FD576308F502294535A0972700008C
:10AD0000938707316314F4008044C1B7972700008C
:10AD10009387072CE31BF4FAC04445BFA285268520
:10AD2000B12A55D97D55F2406244D2444249B249D4
:10AD3000224A056182801CC4050963D70700184CAC
:10AD400063CBE700638945011C401387170018C0D7
:10AD50002380B70059B7228626858D20E31F35F75B
:10AD6000D1B71C401387170018C029472380E7007C
:10AD700061B793870181AA8588436FF0FFF1AA87A5
:10AD8000850703C7F7FF6DFF3385A7407D158280D8
:10AD900005C67D160147B307E500B386E50083C706
:10ADA000070083C606006396D7006304C700050743
:10ADB000FDF33385D740828001458280011122CC8A
:10ADC00026CA4AC806CE4EC6AA842E89328401C538
:10ADD0001C4D91E301299727000093876721631990
:10ADE000F406C0401C4C1CC48357C400A18BC9C3CB
:10ADF0001C48BDCF1C4808409379F90F1379F90F0F
:10AE00001D8D5C486346F500A2852685652C2DE5E1
:10AE10001C440505FD171CC41C401387170018C0EF
:10AE2000238037015C486389A7008357C400858B62
:10AE300081CBA9476316F900A285268561240DED13
:10AE4000F24062444A85D2444249B2490561828057
:10AE5000972700009387C71B6314F400804459B7F9
:10AE6000972700009387C716E31EF4F6C0449DBFE2
:10AE7000A285268521203DDD7D59D9B741119387D3
:10AE8000018126C2844322C44AC006C62A892E8470
:10AE900089C49C4C99E32685B126972700009387A7
:10AEA0002715631CF402C0400317C4009317070161
:10AEB000C18393F68700B5EE93F607019DEEA54793
:10AEC0002320F900136707042316E4007D55B240E0
:10AED00022449244024941018280972700009387CF
:10AEE00027136314F4008044C1B7972700009387A9
:10AEF000270EE31BF4FAC04445BF918B8DC74C5815
:10AF000089C9930744046384F5004A85892B232A61
:10AF100004028357C4002322040093F7B7FD2316CD
:10AF2000F4001C481CC08357C40093E78700231615
:10AF3000F4001C4881EF8357C4001307002093F7E7
:10AF400007286385E700A2854A8595298357C400B1
:10AF500013F7170005C75C4823240400B307F0402B
:10AF60001CCC1C480145A5F78317C40013F707083C
:10AF700039DF93E707042316F40089BF898B014763
:10AF800091E3584818C4F1BF83D7C500011122CC02
:10AF900026CA06CE4AC84EC613F78700AA842E8456
:10AFA00071EFD841634DE000B841634AE0000145CC
:10AFB000F2406244D2444249B24905618280585409
:10AFC0007DD703A904009396370123A0040063DD15
:10AFD000060670488357C400918B99C75C401D8E4C
:10AFE0005C5899C33C401D8E5C540C5081462685AC
:10AFF0008297FD570357C400631DF5009440F54741
:10B0000063E8D706B70740208507B3D7D700858BFD
:10B01000A5C31C48232204001CC09317370163D822
:10B020000700FD576314F5009C4091E368C84C5835
:10B0300023A02401ADDD930744046384F500268535
:10B040003929232A0402A5B70C50014685462685D6
:10B050000297FD572A86E31FF5F69C40A5DF75474A
:10B060006385E70059476394E70423A0240181B76F
:10B07000136707042316E4007D551DBF83A905014E
:10B08000E38709F203A905008D8B23A0350133095D
:10B090003941014791E3D84918C4E35A20F11C54BF
:10B0A0000C50CA864E86268582976349A000835736
:10B0B000C40093E707042316F4007DBFAA9933095F
:10B0C000A940E1BF9C49A5C3011122CC06CE2A8428
:10B0D00011C51C4D81E72EC63122B24597270000CD
:10B0E000938707F1639CF5004C408397C5009DC78B
:10B0F00022856244F24005616FF01FE99727000046
:10B10000938707F16394F5000C44C5B797270000B7
:10B11000938707ECE39BF5FC4C44C1BFF2406244CB
:10B1200001450561828001458280411122C406C625
:10B130002A842316B5002317C500232005002322E7
:10B140000500232405002322050623280500232AC1
:10B150000500232C0500214681451305C505EF6038
:10B16000DE8C97170000938747BF5CD097170000CD
:10B170009387A7C11CD4971700009387E7C55CD4B9
:10B18000971700009387A7C800D01CD8B24022446C
:10B190004101828097050000938505F3B1AA411112
:10B1A00026C2130680069384F5FFB384C4024AC006
:10B1B0002E8922C406C693854407B1262A8401CD70
:10B1C0002320050023222501310508C413868406A7
:10B1D0008145EF609E852285B24022449244024917
:10B1E000410182801C4DB5E7411106C622C4970774
:10B1F0000000938767FA1CD597270000938747E8DC
:10B200009C432324050423260504232805046314F2
:10B21000F50085471CCD2A84352848C022851D2885
:10B2200008C42285052848C4484001469145EFF0EE
:10B23000DFEF08440546A545EFF03FEF48440946D7
:10B24000C945EFF09FEE85471CCCB2402244410136
:10B2500082808280411197270000938767E226C28F
:10B2600084434AC006C69C4C22C42A8981E72685AD
:10B27000EFF05FF7938484048044DC40FD1763D6CD
:10B2800007009C40B9CF8440C5BF0317C40039E70D
:10B29000C17785072322040623200400232204000B
:10B2A000232404005CC423280400232A0400232C44
:10B2B0000400214681451305C405EF600EF7232ADB
:10B2C0000402232C040223240404232604042285DC
:10B2D000B240224492440249410182801304840610
:10B2E00071BF91454A85EFF09FEB88C049FDB1479A
:10B2F0002320F9000144E1BF797122D44AD052CC15
:10B3000056CA5AC85EC606D626D24ECE2A8AAE8AFB
:10B31000130485040149054BFD5B09ECB25022542E
:10B320004A8592540259F249624AD24A424BB24B80
:10B3300045618280044483294400FD1963D40900D7
:10B340000040E1BF83D7C400637BFB008397E40028
:10B3500063877701A6855285829A3369A900938411
:10B360008406E1BF1971A6DAAE848395E500A2DCFC
:10B3700086DE328463DC050083D7C40023A0060088
:10B3800093F7070885E7930700401DA0300836C6ED
:10B39000EF00702EB246E34105FE7247BD67F98F9C
:10B3A0007977BA9793B717009CC2F1BF930700044F
:10B3B0001CC0F6506654D65401450961828083D77B
:10B3C000C500011122CC06CE26CA4AC8898B2E841C
:10B3D00089CF930774041CC01CC885475CC8F24021
:10B3E0006244D24442490561828074003000AA84DC
:10B3F000EFF05FF7A2452A892685312201ED8317F8
:10B40000C40013F7072061FFF19B93E72700231681
:10B41000F400C1B797070000938707D89CD48357DF
:10B42000C40008C008C893E707082316F400A24721
:10B430005CC8B24791CF8315E4002685EF00D02683
:10B4400001C98357C400F19B93E717002316F4004A
:10B450008357C4003369F9002316240149B7DDC1BD
:10B4600083A7C5FF411122C406C626C21384C5FFA7
:10B4700063D307003E94AA84EF00F02A93870187E4
:10B480009C4381EF2322040023A881862244B240FA
:10B490002685924441016F003029637EF4001440F8
:10B4A0003307D4006396E7009843DC43369718C00F
:10B4B0005CC0D9BFBA87D84319C3E37DE4FE944387
:10B4C0003386D700631F86001040B29694C333863C
:10B4D000D700E31DC7FA10435843B29694C3D8C3AC
:10B4E00075B76375C400B1479CC04DB71040B30633
:10B4F000C4006316D70014435843B29614C058C012
:10B50000C0C369B78280011126CA93843500F198BF
:10B5100006CE22CC4AC84EC6A104B14763F5F40456
:10B52000B14463E4B4042A89EF00F01F93870187D4
:10B5300098433A8429E4938741879C4399E781455E
:10B540004A85EF00407E23AAA186A6854A85EF00A2
:10B55000807DFD5963193507B1472320F9004A85DD
:10B56000EF00901C29A0E3DE04FAB1471CC101459D
:10B57000F2406244D2444249B249056182801C4093
:10B58000858F63CF0702AD4663F6F6001CC03E947C
:10B5900004C031A05C406313870223A8F1864A856A
:10B5A000EF0090181305B400930744006199330726
:10B5B000F5405DDF3A94898F1CC05DBF5CC3C5B7A1
:10B5C0002287404085BF130435007198E30285FC53
:10B5D000B305A4404A85812FE31C35FBB5BF1C464B
:10B5E000FD171CC663DA0700184E63C5E700A947BC
:10B5F0006394F5006FF08FFC1C422E8513871700B3
:10B6000018C22380B7008280011122CC26CA4AC802
:10B610004EC652C406CE2A89AE893284B304D600FF
:10B620007D5A63149400014511A8834504004E8699
:10B630004A85EFF0DFFA0504E31545FFF240624466
:10B64000D2444249B249224A05618280357122CDF5
:10B6500026CB4AC94EC706CF52C556C35AC1DEDEF5
:10B66000E2DCE6DAAA89AE843289368409C51C4D4B
:10B6700099E3EFF03FB79727000093876797639DA3
:10B68000F40C83A4490083D7C400A18BE5CB9C486C
:10B69000F5C793070002A304F1029307000302D247
:10B6A0002305F10222C6930B5002972A0000938AC9
:10B6B0002A98054C294B4A848347040099C3639216
:10B6C000770FB30C2441638E0C00E6864A86A6856C
:10B6D0004E85EFF07FF3FD576307F51E9256E69611
:10B6E00036D2834704006380071EFD5713091400F8
:10B6F00002C802CE3ECA02CCA309010482D483450B
:10B70000090015465685EF00700013041900C24762
:10B7100059E913F7070109C713070002A309E10458
:10B7200013F7870009C71307B002A309E104834692
:10B7300009001307A0026380E608F2474A848146A5
:10B7400025460347040093051400130707FD63799A
:10B75000E60AB5CA3ECE85A8972700009387478B97
:10B760006395F40083A4890039BF9727000093876D
:10B770002786E39AF4F083A4C90031B7A6854E85E5
:10B78000EFF0CFEF19D57D55FA406A44DA444A49C3
:10B79000BA492A4A9A4A0A4BF65B665CD65C0D6146
:10B7A0008280050411BF330555413315AC00C98FA4
:10B7B0003EC82289A9B7324793064700184336C6C8
:10B7C000634907023ACE034704009307E002631F70
:10B7D000F704034714009307A002631BF702B24764
:10B7E0000904138747009C433AC663C107023ECA57
:10B7F00035A83307E04093E727003ACE3EC8E1B7CB
:10B80000B387670385462E84BA9725BFFD57C5B712
:10B81000050402CA81468147254603470400930573
:10B820001400130707FD6376E606F1F28345040072
:10B830000D461725000013052580C92D11CD97173A
:10B8400000009387677F1D8D93070004B397A700BF
:10B85000424505045D8D2AC8834504001946171525
:10B8600000001305A57D130914002304B102792DEE
:10B870003DC19747FEFF9387E77895E74247B24778
:10B880001377071009CF91073EC69257D2973ED241
:10B890001DB5B387670385462E84BA97BDBF9D0744
:10B8A000E19BA107D5B7780097060000938606D6DE
:10B8B00026860C084E8597000000E7000000FD5723
:10B8C0002A8AE314F5FC83D7C40093F70704E39CAA
:10B8D00007EA125555BD780097060000938606D3F7
:10B8E00026860C084E85012AD9BF797156CA9C4913
:10B8F000BA8A984522D426D24ECE52CC06D64AD009
:10B900005AC85EC6AA892E84B284368A63D3E700F9
:10B91000BA879CC00347340419C385079CC01C40E8
:10B9200093F7070281C79C4089079CC00329040044
:10B9300013796900631A0900130B9401FD5B5C44E1
:10B940009840998F634CF9041C408346340493F764
:10B950000702B336D000A5EB13063404D2854E851A
:10B96000829AFD576303F5041C4011469840998B59
:10B97000544481446397C700B384E64063D3040012
:10B9800081441C4418486354F700998FBE940149C0
:10B9900069047D5B63982405014509A885465A869C
:10B9A000D2854E85829A631E75017D55B250225410
:10B9B00092540259F249624AD24A424BB24B456113
:10B9C00082800509ADBF3307D40013060003A3012D
:10B9D000C7040347540493871600A2978906A381DE
:10B9E000E7049DBF85462286D2854E85829AE30E66
:10B9F00065FB050945B7797122D426D24AD04ECECF
:10BA000006D652CC56CA5AC8B68983C68501930752
:10BA100090063289AA842E8413863504638DF6023B
:10BA200063E2D706930780056388F61863EDD700B5
:10BA30006381062293073004638EF60A930A240476
:10BA40002301D404C9A0930730066385F60A93073F
:10BA50004006E395F6FE1C40084393F6070893055D
:10BA60004500C5C61C410CC363D807001307D002AC
:10BA7000B307F040A301E404971600009386865CA8
:10BA800029476DA8930700076384F61663E5D7027C
:10BA90009307E006638BF6189307F006E390F6FA37
:10BAA0000C401C4313F8050813854700630708067C
:10BAB00008C39C438DA893075007E383F6FE9307C2
:10BAC0008007638BF61293073007E399F6F61C4361
:10BAD000D04181459386470014C383AA0700568549
:10BAE000352101C53305554148C05C401CC8A30140
:10BAF000040471A81C43930A2404938647009C43C2
:10BB000014C32301F4048547D5B793F607041C41F9
:10BB10000CC3B9DAC207C18781BF93F5050408C316
:10BB2000C9D983D707001307F0066388E60E971676
:10BB30000000938626512947A30104044C400CC4FD
:10BB400063C5050008406D9908C099E3B28A91CD9C
:10BB5000B28AB3F5E702FD1AB69583C505002380C6
:10BB6000BA00B3D5E70263F0E70CA147631EF70004
:10BB70001C40858B91CB58401C4863C7E700930756
:10BB80000003A38FFAFEFD1A3306564110C84E87F4
:10BB9000CA867000A2852685EFF03FD57D5A631EC8
:10BBA000450B7D55B250225492540259F249624AD3
:10BBB000D24A424B45618280A382D5049716000089
:10BBC000938646480C40084313F805081C411105AC
:10BBD000630D080208C313F7150001C793E50502BA
:10BBE0000CC04147B1FB0C4093F5F5FD0CC0A9B763
:10BBF0009C4193E707029CC193078007A302F404CA
:10BC0000971600009386464575BF13F8050408C3D0
:10BC1000E30308FCC207C1837DBF9716000093862B
:10BC20006642214711BFAE872DB794411C43CC49D2
:10BC300013F80608138547006306080008C39C43F1
:10BC40008CC301A808C393F606049C43F5DA23903D
:10BC5000B70023280400B28A1DBF14485686CA853F
:10BC600026858299E30F45F31C40898B8DE7B24707
:10BC70004844E359F5F23E8535B785465686CA8570
:10BC800026858299E30F65F1050A5C443247998F56
:10BC9000E345FAFEE9BF014A930A94017D5BF5B7DB
:10BCA000011122CC06CE2A8409C91C4D99E732C65F
:10BCB0002EC4EFF02FD33246A2459717000093878A
:10BCC00027336316F60250401C46FD171CC663D08E
:10BCD0000704184E63C7E70093F7F50F29476398E9
:10BCE000E70222856244F24005616FF02F8D9717BD
:10BCF00000009387E7316314F6001044F1B79717FB
:10BD000000009387E72CE311F6FC504475BF1C42FA
:10BD100013F5F50F1387170018C22380B700F24000
:10BD2000624405618280411122C42A842E8597874E
:10BD3000FE1F23A7073206C69D2CFD576319F50089
:10BD40009787FE1F9387C7319C4391C31CC0B240A5
:10BD5000224441018280411122C42E848395E50052
:10BD600006C6E122634905007C48AA977CC8B24018
:10BD70002244410182808357C4007D777D17F98F6B
:10BD80002316F400EDB783D7C500011122CC26CAD3
:10BD90004AC84EC606CE93F70710AA842E8432896D
:10BDA000B68991C78395E5008946014635228357B8
:10BDB000C4007D777D17F98F2316F4008315E40006
:10BDC0006244F240CE864A86B24942492685D24430
:10BDD00005613DA8411122C42E848395E50006C665
:10BDE000E528FD570357C400631BF500FD77FD17D9
:10BDF000F98F2316F400B240224441018280856706
:10BE0000D98F2316F40068C8FDB78395E50025A8EF
:10BE1000411122C42A842E85B28536869787FE1F5B
:10BE200023A0072406C6EF607E9DFD576319F50029
:10BE30009787FE1F9387C7229C4391C31CC0B240C3
:10BE4000224441018280411122C42A842E85978791
:10BE5000FE1F23A7072006C61922FD576319F50008
:10BE60009787FE1F9387C71F9C4391C31CC0B24096
:10BE7000224441018280411122C42A842E85B28548
:10BE80009787FE1F23AE071C06C6D520FD576319F2
:10BE9000F5009787FE1F9387A71C9C4391C31CC086
:10BEA000B240224441018280411122C42A842E855D
:10BEB0009787FE1F23A6071A06C6D120FD576319D0
:10BEC000F5009787FE1F9387A7199C4391C31CC059
:10BED000B240224441018280411122C42A842E852D
:10BEE000B28536869787FE1F23AC071606C6452007
:10BEF000FD576319F5009787FE1F938767169C43CC
:10BF000091C31CC0B24022444101828093F5F50FD9
:10BF10002A966314C5000145828083470500E38D9E
:10BF2000B7FE0505FDB782808280411122C42A84B4
:10BF30002E85B28536869787FE1F23A3071206C675
:10BF4000B928FD576319F5009787FE1F938747119E
:10BF50009C4391C31CC0B24022444101828093079C
:10BF600080051787FE1F232DF70E7D5582809307CE
:10BF700080051787FE1F2325F70E7D5582809307C6
:10BF800080051787FE1F232DF70C0145828093073C
:10BF900080051787FE1F2325F70C7D5582809307A8
:10BFA00080051787FE1F232DF70A7D558280938712
:10BFB00081879C4391C73E9523ACA1863E858280B4
:10BFC0009787FE1F9387070A3E9523ACA1863E857F
:10BFD0008280000069643634010000006964360123
:10BFE0001467FEFF3C67FEFF6467FEFF7C67FEFF91
:10BFF0009667FEFF43483539785F424C455F4C49B0
:10C00000425F56312E330000686561642066696CBA
:10C0100065206572726F722E2E2E00004C494220F0
:10C02000696E6974206572726F7220636F64653A1D
:10C03000202578202E2E2E0A000000002A20000045
:10C0400044656C657465206C6F63616C206E6F6411
:10C050006500000044656C6574652073746F7265DB
:10C0600064206E6F646520696E666F20636F6D700B
:10C070006C657465000000006170705F70726F76AF
:10C080005F6174746E5F6F6E000000006170705FBE
:10C0900070726F765F6174746E5F6F666600000029
:10C0A0006C696E6B5F6F70656E0000006C696E6B23
:10C0B0005F636C6F7365000070726F765F636F6DA6
:10C0C000706C65746500000070726F765F726573E6
:10C0D000657400006366675F7372765F7273705F8A
:10C0E00068616E646C65720076656E646F725F6D18
:10C0F0006F64656C5F7372765F7273705F68616E98
:10C10000646C6572000000006B6579507265737332
:10C1100000000000626C656D6573685F6F6E5F7331
:10C12000796E63004170705F50726F636573734521
:10C1300076656E7400000000D70700000000000064
:10C140000100000078190020642500200000000094
:10C1500000000000000000000000000000000000DF
:10C1600000000000000000000000000000000000CF
:10C17000000000000000000000000000A82D0000EA
:10C180002A32000084320000000000000632000065
:10C190006170705F70726F765F6174746E5F6F66EE
:10C1A000660000004150505F4442472025733E2006
:10C1B000000000006170705F70726F765F61747470
:10C1C0006E5F6F6E000000004D4553485F4C494262
:10C1D0005F56312E37000000556E61626C6520732A
:10C1E000657420636F6E66696775726174696F6EDE
:10C1F00020286572723A256429000000496E69742E
:10C2000069616C697A696E67206D65736820666123
:10C21000696C65642028657272202564290000001D
:10C22000426C7565746F6F746820696E69746961BA
:10C230006C697A65640000004D657368206E6574F2
:10C24000776F726B20726573746F726564206672AB
:10C250006F6D20666C617368000000004D65736847
:10C2600020696E697469616C697A65640000000018
:10C270007761726E696E67206F70636F64652030DE
:10C280007825303278000000417070204B657920AD
:10C29000416464656400000056656E646F72204DF1
:10C2A0006F64656C2042696E6465640056656E64F7
:10C2B0006F72204D6F64656C205375627363726991
:10C2C0007074696F6E2053657400000000000000F8
:10C2D0000000000000000000000000004C2D0000E5
:10C2E0007A2D000073656E64206661696C65642058
:10C2F00025640000726561736F6E20257800000070
:10C300006E65745F6964782025782C20616464729E
:10C310002025780054696D656F7574206F70636FA8
:10C320006465203078253032780000006C656E201E
:10C3300025642C20646174612030782530327820A7
:10C3400066726F6D203078253034780044656C65F6
:10C350007465206E6F64652064617461206572721B
:10C3600021000000726563656976652064656C650F
:10C37000746520636D642C2073656E642061636B4B
:10C3800020616E642073746172742064656C6574DE
:10C3900065206E6F64652064656C61790000000043
:10C3A00073656E642061636B206661696C656420EF
:10C3B0002564000073656E6420746F20616C6C20CE
:10C3C0006E6F646520746F206C6574207468656D91
:10C3D0002064656C6574652073746F726564206990
:10C3E0006E666F200000000044656C657465206E09
:10C3F0006F646520696E666F206461746120657288
:10C4000072210000556E6B6E6F77206F70636F64E2
:10C410006520307825303278000000006D65736843
:10C4200020686561642066696C65206572726F7250
:10C430002E2E2E0018360000443600003436000040
:10C440001436000003040010000000000A1400600D
:10C4500000010605140103DD08020200C00002000D
:10C460003C003C000200020401041E000200000027
:10C47000500000002C01000064000A0000000000D1
:10C48000D6BE898E2526270076656E646F725F6D35
:10C490006F64656C5F7372765F72657365740000BC
:10C4A00076656E646F725F6D6573736167655F73E8
:10C4B00072765F636F6E6669726D000076656E649A
:10C4C0006F725F6D6573736167655F7372765F61CD
:10C4D000636B000076656E646F725F6D6573736188
:10C4E00067655F7372765F73656E645F7472616EA9
:10C4F00073000000696E645F737461727400000001
:10C500006164765F696E645F73656E64000000004D
:10C510006164765F7372765F7472616E735F736568
:10C520006E6400004E554C4C2062756600000000A1
:10C53000556E61626C652073656E64206D6F646515
:10C540006C206D65737361676520286572723A258A
:10C5500064290000556E61626C652073656E64200D
:10C56000696E64696361746520286572723A256436
:10C57000290000007372633A203078253034782027
:10C580006473743A203078253034782074696420DC
:10C5900030782530327820727373693A2025640030
:10C5A000746964203078253032782000236D6573FB
:10C5B000682D6F6E6F6666205354415455533A2070
:10C5C00073656E6420737461747573206661696C41
:10C5D00065643A20256400004E6F20656E6F7567B4
:10C5E0006820737061636521000000004E6F206158
:10C5F0007661696C61626C6520436F6E6669677510
:10C60000726174696F6E20436C69656E7420636F2C
:10C610006E74657874210000416E6F7468657220D5
:10C6200073796E6368726F6E6F7573206F70657269
:10C630006174696F6E2070656E64696E67000000DA
:10C64000D707CF000000000078360000D707CC00E5
:10C65000000000008C370000D707CD00000000006C
:10C66000943B0000000000000000000000000000FB
:10C670008C3E00001E430000DB2A0000DC2A000084
:10C680000200000088C6010027180000DD2A000013
:10C69000DE2A0000020000009CC6010028180000ED
:10C6A000292A2B244D4553485F4C49425F56312E71
:10C6B0003736000000000000DA530000C2530000CB
:10C6C00000000000CCC6010000000000445900003A
:10C6D0001459000022590000000000000000000072
:10C6E000645D000000000000020000000F00000078
:10C6F000926500000B800000010000006E650000E4
:10C700000E800000010000004A650000118000005A
:10C7100001000000266500001480000001000000F8
:10C72000026500002880000002000000AA640000EA
:10C7300044800000030000006E64000003800000DD
:10C7400004000000C26500003E80000007000000F9
:10C7500048640000198000000C000000D463000051
:10C760001F80000007000000B06300003C80000054
:10C770000900000000630000060000000A0000003D
:10C78000926200002E800000050000004062000060
:10C7900025800000010000000A6200004A800000BD
:10C7A00000000000DE61000048800000040000007E
:10C7B0009461000017800000040000004C6100003C
:10C7C0004C80000005000000986000004E800000D2
:10C7D00007000000E05F000002800000030000008E
:10C7E0003E5F00002A800000050000008A5E000015
:10C7F0002C80000007000000D25D00000000000057
:10C800000000000000000000000000000000000028
:10C81000C47000000000000008800000010000005B
:10C82000487800000000000013000000769000002F
:10C830000100000013000000EE8F000000800000E7
:10C84000030000004E910000018000000200000083
:10C85000E68D000009800000000000002E8300002B
:10C860000A80000001000000A28200000C8000008D
:10C8700000000000008500000D80000001000000A5
:10C880007A8400001280000000000000D2830000C3
:10C890001380000001000000EA83000023800000F4
:10C8A00000000000F880000024800000010000006B
:10C8B0008880000026800000000000003282000016
:10C8C0002780000002000000848100001880000022
:10C8D00004000000C8770000030000000B00000007
:10C8E000EA8800001A80000018000000EC870000B1
:10C8F0001B80000006000000FA7500002080000088
:10C9000014000000367B00001C80000006000000C0
:10C91000227500002180000014000000F67900005C
:10C920001E80000006000000DC8B0000228000005A
:10C9300014000000EC8A00001D80000004000000CC
:10C940003E8A00002980000004000000AC6F000057
:10C950002B80000006000000726E00004080000086
:10C9600012000000846D00004580000012000000ED
:10C97000A46C0000418000000200000090920000C2
:10C980004280000000000000428D00004680000050
:10C99000020000006A6700004780000003000000FA
:10C9A000D86B00003D8000000600000018740000F5
:10C9B0003F80000006000000008700004B80000060
:10C9C00004000000E47200004D800000060000003A
:10C9D000E47200004980000000000000E26A0000EC
:10C9E0000F80000000000000BC6600001080000006
:10C9F000010000001C7200002D80000002000000F9
:10CA0000306A00001580000002000000246700006A
:10CA1000168000000300000052690000388000000A
:10CA200000000000A8680000398000000900000034
:10CA3000AA7C00003A80000000000000B47E0000E4
:10CA40003B80000005000000CC7E000000000000DC
:10CA50000000000000000000627C000000000000F8
:10CA60006964313238010000736D6B3200000000E0
:10CA7000736D6B3300000000736D6B3400000000B9
:10CA80007072636B00000000767461640000000047
:10CA90000091E3720796E4750E9FED7C0998EA7B9E
:10CAA0001C8DFF6E1B8AF8691283F1601584F6678E
:10CAB00038A9DB4A3FAEDC4D36A7D54431A0D2437E
:10CAC00024B5C75623B2C0512ABBC9582DBCCE5F6E
:10CAD00070E1930277E694057EEF9D0C79E89A0B5E
:10CAE0006CFD8F1E6BFA881962F3811065F486174E
:10CAF00048D9AB3A4FDEAC3D46D7A53441D0A2333E
:10CB000054C5B72653C2B0215ACBB9285DCCBE2F2D
:10CB1000E0710392E7760495EE7F0D9CE9780A9B1D
:10CB2000FC6D1F8EFB6A1889F2631180F56416870D
:10CB3000D8493BAADF4E3CADD64735A4D14032A3FD
:10CB4000C45527B6C35220B1CA5B29B8CD5C2EBFED
:10CB5000900173E2970674E59E0F7DEC99087AEBDD
:10CB60008C1D6FFE8B1A68F9821361F0851466F7CD
:10CB7000A8394BDAAF3E4CDDA63745D4A13042D3BD
:10CB8000B42557C6B32250C1BA2B59C8BD2C5ECFAD
:10CB90000000000000000000F4B2000000000000EF
:10CBA0000500000003000000B6B300000400000010
:10CBB00003000000B8B20000378000000100000050
:10CBC00080B3000007800000010000004CB30000AB
:10CBD0000000000000000000000000000000000055
:10CBE00000000000BCB60000000000003180000022
:10CBF000020000007AB600002F8000000200000052
:10CC00002AB6000030800000020000004AB5000093
:10CC10003280000003000000E2B500003380000015
:10CC20000300000012B50000348000000000000086
:10CC300006B500003580000001000000EEB40000E1
:10CC400036800000010000001EB4000004800000D7
:10CC5000000000009CB400000580000001000000FE
:10CC60003CB80000068000000100000024B800006D
:10CC700000000000000000000000000000000000B4
:10CC8000ACBC000038BC0000000000006E6B626BA2
:10CC9000000000006E6B696B000000002F4E6F6497
:10CCA000652F25780000000000070E091C1B1215D7
:10CCB000383F363124232A2D2F566E642F25782FA6
:10CCC000257300002F5369672F25782F25730000E7
:10CCD0006461746100000000A4CD0100B0D80000C0
:10CCE000A8CD010014D90000ACCD0100E2D70000AE
:10CCF000B0CD01009ADE0000B4CD0100DADD000005
:10CD0000BCCD01002ADD0000C4CD010060D50000CB
:10CD1000CCCD010096D70000D0CD0100F6EB00008D
:10CD2000D4CD0100E0EB0000D8CD0100A8DC00006C
:10CD3000DCCD010034DC000032F600000000000011
:10CD400012F50000000000002F4170704B65792F34
:10CD5000257800002F4E65744B65792F25780000EB
:10CD60002F4E6574000000002F4956002F53657147
:10CD7000000000002F484250756200002F43666794
:10CD8000000000002F56612F2578000062696E6454
:10CD90000000000073756200707562002F52504CE5
:10CDA0002F2578004E6574004956000053657100C8
:10CDB00052504C004E65744B657900004170704BC9
:10CDC00065790000484250756200000043666700C4
:10CDD00053696700566E6400566100004E6F6465CB
:10CDE0000000000001020408100000000102040815
:10CDF0002AFD0000000000000A000000640000009E
:10CE0000E803000010270000A086010040420F0048
:10CE10008096980000E1F5059C15010001030000D3
:10CE2000BC11010001000000700A010001000000B7
:10CE30000A070100000000007072736B0000000020
:10CE40007072736E000000007072646B000000006E
:10CE500074010100010000000A1301000B00000032
:10CE600080120100050000007E0F0100400000005C
:10CE7000500F0100000000001C0F01001000000016
:10CE8000B00C010010000000520B01002100000056
:10CE90007C170100000000009C160100010000004A
:10CEA0009E25010090250100000000000000000008
:10CEB000000000000000008743483539785F424C8D
:10CEC000455F4C49425F56312E334100000102025A
:10CED0000303030304040404040404040505050512
:10CEE00005050505050505050505050506060606EE
:10CEF00006060606060606060606060606060606D2
:10CF000006060606060606060606060607070707BD
:10CF100007070707070707070707070707070707A1
:10CF20000707070707070707070707070707070791
:10CF30000707070707070707070707070707070781
:10CF4000070707070707070707070707080808086D
:10CF50000808080808080808080808080808080851
:10CF60000808080808080808080808080808080841
:10CF70000808080808080808080808080808080831
:10CF80000808080808080808080808080808080821
:10CF90000808080808080808080808080808080811
:10CFA0000808080808080808080808080808080801
:10CFB00008080808080808080808080808080808F1
:10CFC0000808080808080808080808080000000001
:10CFD0000000000000000000000000000000000051
:10CFE0000000000000000000000000000000000041
:10CFF0000000000000000000000000000000000031
:10D000000000000000000000000000000000000020
:10D010000000000000000000000000000000000010
:10D02000000000000000000000000000232D302B55
:10D0300020000000686C4C006566674546470000AC
:10D04000303132333435363738394142434445463E
:10D050000000000030313233343536373839616200
:10D0600063646566000000004A390000363900003C
:10D07000032800000229000000280000641C002092
:10D080008025002000000C0080250020000000000A
:10D0900000000000FA300000070107010000030053
:10D0A0000000000000000000000000000000000080
:10D0B0000000000000000000000000000000000070
:10D0C0000000000000000000000000000000000060
:10D0D0000000000000000000000000000000000050
:10D0E0000000000002010000E0190020441A0020A6
:10D0F0000000000000000000000000000000000030
:10D1000018190020000000000000000000000000CE
:10D11000000000000000000000000000000000000F
:10D120000000000000000000CCC201000000000070
:10D1300000000000000000000000000000000000EF
:10D1400000000000000000000000000000000000DF
:10D1500000000000C81C00205825002018C801004D
:10D1600008C801002819002002000000000000008B
:10D1700088190020CC1C002074250020ECCB010075
:10D18000DCCB0100BC1900208C25002000004100F0
:10D190008C250020000000000000000000000000BE
:10D1A000FF000000000000002A2E00000000D7074A
:10D1B0000000000000000000D01C0020D02500204E
:10D1C00040C60100000000002C1A002000000000F2
:10D1D000000000000000000000000000000000004F
:10D1E0000000000000000000DC350020000000000E
:10D1F000000000000000000000000000000000002F
:10D200000000000000000000F835002004100410A9
:10D210000200000078D001000100000080C601007B
:10D220000200000070D0010001000000A41A0020DC
:10D230000200000078C601000200000000000000AB
:10D240000200000070D0010001000000A51A0020BB
:10D25000020000007CC60100000000000000000089
:10D260000200000074D001000300000020360020FE
:10D270000200000078D001000100000094C6010007
:10D280000200000070D0010001000000A61A00207A
:10D29000020000008CC60100020000000000000037
:10D2A0000200000070D0010001000000A71A002059
:10D2B0000200000090C60100000000000000000015
:10D2C0000200000074D0010003000000303600208E
:10D2D000000000000000000000000000555555004F
:10D2E0006CAC000000000000000000000000000026
:10D2F00038C001000000000000EA0000D6D50000A0
:10D300000000000000000000000000004EFE0000D1
:10D31000FF000000AC1B0020AC1B00200820000117
:10D32000FFFFFFFFFFFFFFFFFFFFFFFF0000000009
:10D33000000000000000000001000000FFFFFFFFF0
:10D34000512563FCC2CAB9F3849E17A7ADFAE6BCA7
:10D35000FFFFFFFFFFFFFFFF00000000FFFFFFFFD9
:10D3600096C298D84539A1F4A033EB2D817D03777F
:10D37000F240A463E5E6BCF847422CE1F2D1176B1A
:10D38000F551BF376840B6CBCE5E316B5733CE2BED
:10D39000169E0F7C4AEBE78E9B7F1AFEE242E34F1C
:10D3A0004B60D2273E3CCE3BF6B053CCB0061D6559
:10D3B000BC86987655BDEBB3E7933AAAD835C65AE2
:10D3C000F042010038420100484001000000000026
:10D3D000ECCF01000CD00100CCCF01000000000018
:10D3E000000000000000000000000000000000003D
:10D3F000000000000000000000000000000000002D
:10D40000000000000000000000000000000000001C
:10D41000000000000000000000000000000000000C
:10D4200000000000000000000000000000000000FC
:10D43000FFFF0000FFFF0000FFFF8000C3812F01FE
:10D44000641C002000000000000102030405060720
:00000001FF
