:040000006F109011DC
:10000400000000000000000090000020900000208C
:10001400A9BDF9F5C00000200000000000000000A8
:10002400C00000209000002000000000000000003C
:10003400900000200000000090000020000000005C
:1000440090000020900000209000002090000020EC
:1000540090000020380B00209000002000000000D9
:1000640090000020900000209000002090000020CC
:10007400AA000020900000209000002090000020A2
:1000840090000020900000209000002090000020AC
:1000940001A04111B7170040985F3AC6945F3247F8
:1000A400E39CE6FE324541018280B7170040130706
:1000B40000032388E702854723A8F18273002030D8
:1000C4009305000273A045808245739015349240D5
:1000D4002242B2424243D2436244F2440255925510
:1000E4002256B2564257D2576258F2580649964998
:1000F400264AB64A464BD64B664CF64C065D965D90
:10010400265EB65E465FD65F09617300203001113A
:1001140013078008F337078093F787083EC201006E
:100124000100B7170040930570052380B704130638
:1001340080FA2380C7040100010083C6B70493F644
:10014400F60DA385D704238007049246F3A6068000
:100154000100010093760502D5CEF336078093F6AD
:10016400860836C4010001002380B7042380C70435
:1001740001000100B70614007D89558D88C7010070
:1001840001000100010023800704A246F3A60680B3
:100194000100010073370780137787083AC601000E
:1001A40001002380B7042380C7040100010001007B
:1001B40001003727004093061005A303D78023804E
:1001C4000704B247F3A707800100010093078008E2
:1001D400F3B7078093F787083ECE01000100B717F5
:1001E4000040130770052380E704130780FA238077
:1001F400E7040100010003C7B70413670708A385D8
:10020400E70423800704F247F3A7078001000100F5
:100214000561828093760504BDC6F336078093F6A4
:10022400860836C8010001002380B7042380C70470
:1002340001000100B7061400938606047D89558DDC
:1002440088C7010001000100010023800704C246A1
:10025400F3A606800100010073370780137787082F
:100264003ACA010001002380B7042380C7040100B7
:1002740001003727004093062005A303D78023807D
:100284000704D24781B773370780137787083ACCBE
:10029400010001002380B7042380C704010001008A
:1002A40098471367070C98C723800704E24719BFD0
:1002B4000111814601468145114506CEE12293078D
:1002C4008008F3B7078093F787083EC60100010052
:1002D400B7170040130770052380E704130780FA5B
:1002E4002380E7040100010003C7670413671700B4
:1002F4002383E70423800704B247F3A707800100A0
:100304000100F24005618280411181460146814528
:1003140011458D2A13078008F337078093F7870860
:100324003EC401000100B717004013067005238086
:10033400C704930680FA2380D70401000100FD5509
:100344002396B70223800704A245F3A50580010084
:10035400010073370780137787083AC6010001004C
:100364002380C7042380D7040100010003C7670466
:10037400136717002383E70423800704B247F3A716
:1003840007800100010001A0BD473305F50201000B
:100394007D1575FD8280411122C426C206C6AA8439
:1003A400014463179400B240224492444101828084
:1003B40005041305803E4204C13F4180DDB741116D
:1003C40006C6EF00902BF5BF2303048015472303D3
:1003D400E48001002302A480828083076480E3CE4A
:1003E40007FE23030480828083076480E3CE07FE34
:1003F40003454480828083076480E3CE07FE2302A2
:10040400A4808280411126C44AC24EC006C6137716
:10041400F50BAD47AA892E8995446306F700194563
:100424006537653F8D444E854537FD59FD14639806
:100434003401B240A24412498249410182801355D9
:1004440009011375F50F453F2209CDB7011126CCDB
:1004540006CEB704080051371545BD3771376937E3
:100464002AC6A53F32459377150089EB136515001D
:100474001375F50FF240E24405618280FD14E9FC36
:100484000145CDBF397126DC4ADA4ED852D656D44E
:100494005AD25ED006DE62CE66CCB7E700E07D5766
:1004A40083AA070022C603AA470023A0E71823A2B1
:1004B400E718B7170040130770052380E7041307F4
:1004C40080FA2380E70483C74704930B75FFB6843F
:1004D400E20793FBFB0F8546AA892E8B32893724CA
:1004E4000040E187015763FA76016308D500894625
:1004F400130700026313D5000157D98F93F7F70F41
:10050400B71C00402382FC0411472303E480130535
:10051400F00F5D3D094CD135636D7C11B7050700C3
:10052400DA9537870700795563F2E504B3879500B8
:10053400636EF702370B0800A94733EB6501639933
:10054400F90689E48144513D26850DA0DA850945E3
:10055400553D05090345F9FFFD14050B693D81C4AB
:100564009377FB0FFDF7DD3569FD7D55B717004027
:10057400130770052380E704130780FA2380E70438
:1005840003C74704418B2382E704F250B7E700E036
:1005940023A0571123A24711E25432445259C2599D
:1005A400325AA25A125B825B724CE24C2161828005
:1005B400A5476395F90685691309F00FB3069900F9
:1005C400B3742B01B6941349F9FFB3749900856B86
:1005D40033796901416B9387F9FFB3F7270199E3F5
:1005E40063FC340193D94900C147E3E637FF99BF5F
:1005F4000569C1697D19D9B71305800D638869013F
:10060400130500026384790113051008CA85DD3BD4
:10061400353D21DD4E99B3843441D9B7DA852D4572
:10062400D533CA94E30099F205097D3BA30FA9FED3
:10063400D5BF9387F9FF93F7F70F6361FC0C83C76A
:100644001C0413073008631FF70437070800636BA3
:10065400EB04B3079B00B706100063F5D704334BD4
:10066400EB0089476393F9068980D549E38C04EC50
:10067400DA850945413B11090327C9FF9147232026
:10068400E48003076480E34E07FE23033481FD17EF
:10069400EDFBFD14110B81C49377FB0FE9FF7D3350
:1006A40071F5E1B5B717004003C75704B707080051
:1006B4001377070219E3B78707007955E378FBEA54
:1006C40033079B00E3FFE7F855B58547E382F9F26A
:1006D400DA852D45053B9389F4FFE38504E6293348
:1006E40093F7390091EB83260480032709009307CD
:1006F4004900E39AE6E43E89CE84F1BFB5476396A8
:10070400F9001305900BC93135BDB1471305B00A83
:10071400E38BF9FE99476391F904B7050800B365C3
:10072400BB002D45C53181448D4BA1497539639674
:100734007401832704802320F9008504E39834FF9F
:100744008327048013172B01635507002312F90034
:10075400D5BB2322F900FDB39D476399F902814576
:100764001305B0044531BD442320090023220900A8
:10077400FD599D3993F77400CA9703C70700FD1408
:10078400398D2380A700E39634FF6DBBA1476392A4
:10079400F9046D398144630D0B008D479304C00344
:1007A4006308FB009304000563048B019304400475
:1007B4001375C507E30895D8194539313939054505
:1007C400213126850D3909453D314931E31C05D6D2
:1007D40069BB91476399F90013056006F536F53E48
:1007E400130590090DB7E38F09D4F154A9BBBD6675
:1007F400014717460000130666B1938606A6854591
:100804008347060093F7F70F91C382800507E3F946
:10081400E6FE97470000238BB7AEDDB77D16620670
:10082400618693178601E18763D4070001458280BE
:10083400931726003307F500AE9718439C4363E7EC
:10084400E7007D16E37FF7FC7D55828005458280B5
:10085400FD15E205E18513978501618793F7F50F8F
:1008640063480700FD15139725002A97584365D759
:10087400138517006205618582803308B5021C4226
:1008840083A80600B335B502C29733B50701AE9805
:10089400469585486367B5006394A50063E3070143
:1008A40081480C43C6950CC388C21CC28280814710
:1008B4001397870161876343B700828013972700EA
:1008C4002A97232007008507E5B7814701479396B8
:1008D4008701E18663C5B6001335170082809396BD
:1008E4002700AA9694428507558FD5B793D75540CC
:1008F4008A07AA979C4305453315B5007D8D8280F0
:10090400171300E0E702630F2A84993705C593178C
:1009140025003E940327C4FF814711EB7D1516057E
:100924003E9542054185171300E06700430F058398
:100934008507E5B70145C5BF8147139787016187DF
:100944006343C700828013972700B386E50094426F
:100954002A97850714C3D5B77D16620661860147B9
:1009640093178601E18763D507001335170082804A
:1009740093172600B306F500AE9794429C437D1668
:10098400B58F5D8FF1BF8A05AA9501476363B500F2
:10099400828083A6C5FFF11593D71600D98F9CC119
:1009A4001397F601E5B72A830148014701456343DC
:1009B400D7008280B387050183A80700B307060127
:1009C4009C43C697AA976384F80033B517010507BB
:1009D400B3080301620723A0F80061871108C1BFAF
:1009E4002A8301478147014563C3D7008280338846
:1009F400E50083280800330EE600032E0E0033883A
:100A0400A8403308C8416384080133B50801850749
:100A1400B308E300E20723A00801E1871107E9B75F
:100A2400171300E0E70263FD0111B286B2842E863B
:100A3400AA850A8575372A84A6850A8579353334CB
:100A44008000060413351500018D0561171300E0BD
:100A54006700E3FC171300E0E702A3F74111AA893A
:100A6400AE8A328BB68402C202C402C60144131C8D
:100A74008401135C8C4163499C02939B1400FD1B0D
:100A84000549138CF4FFF15C330489016204618429
:100A9400634D740592478E04CE9423AEF4FE410157
:100AA400171300E0670063F613192400B30B2B013E
:100AB400014A93172A00D69783A50B008843780030
:100AC400340050005D3B050A93178A01E187F11B4E
:100AD400E351FCFE92474E9905042320F900A247F6
:100AE4003EC2B24702C63EC459B7131A8901135A0B
:100AF4008A41131D240093178A01E18763CF97006D
:100B040092470A044E941CC0A24705091379F90FB1
:100B14003EC2B24702C63EC485BFB3079A0313154B
:100B24002A0056950841780034005000050AEA97D7
:100B3400DA978C439933C1B7197106C212C416C629
:100B44001AC81ECA22CC26CE2AD02ED232D436D6E9
:100B54003AD83EDA42DC46DECAC0CEC2D2C4D6C6D9
:100B6400DAC8DECAE2CCE6CEEAD0EED2F2D4F6D6C9
:100B7400FAD8FEDA938581828841E7000500924025
:100B84002242B2424243D2436244F2440255925555
:100B94002256B2564257D2576258F25806499649DD
:100BA400264AB64A464BD64B664CF64C065D965DD5
:100BB400265EB65E465FD65F096173002030B7E7F4
:100BC40000E09843B706200023A0D718758F0F10B4
:100BD400000001C599C1814711E6B7E700E023A0F1
:100BE400E7108280B386F50003C80600B306F5005B
:100BF400850723800601E317F6FEC5B737E700E053
:100C04001C43B70620002320D718F58F0F100000CF
:100C140001C53307C50011E637E700E02320F710CC
:100C240082800505A30FB5FEE31DE5FEF5B737E7A2
:100C340000E01C43B70620002320D718F58F0F10BF
:100C4400000001C599C1014711EA37E700E02320FC
:100C5400F710054582800507E309E6FE3308E50041
:100C6400B386E5000348080083C60600E305D8FE02
:100C740037E700E02320F7100145828037E700E0E2
:100C84001C43B70620002320D718F58F0F1000004F
:100C94001307F6FFBA952A966317C50037E700E0F5
:100CA4002320F7108280FD1503C715000505A30F47
:100CB400E5FEDDB737E700E01C43B706200023203C
:100CC400D718F58F0F10000001C53307C50019E6CA
:100CD40037E700E02320F7100145828005058346AD
:100CE400F5FFE397B6FEE31BE5FE37E700E02320BC
:100CF400F71005458280797197470000938747B2C2
:100D040022D4804306D626D24AD04ECE52CC56CADE
:100D14005AC85EC679C0B7C4C901014B97490000DF
:100D2400938989AF9384F437174A0000130A8AAF72
:100D3400974A0000938A8AA917490000130949B306
:100D44008357240095E35C44631D0B0017470000A0
:100D54002328F7AC832BC4002285EF00102B5E847C
:100D6400B9A82326FB00FDB783A7090082971C447A
:100D74003307F5406376F500032749001D8F2A9752
:100D840063E2E4089747000023AA07A483552400DC
:100D940003450400975001E0E78080E05C4058443C
:100DA400A1CB0C4403264900AE97BE8663E4B7008A
:100DB40063E4C700B386C74014C4228B3A8449F065
:100DC40097470000938787A09C4B09476372F706F7
:100DD400F917174700002323F7A0B2502254925466
:100DE4000259F249624AD24A424BB24B456182806F
:100DF40063170B009747000023A4E7A2A1BF232693
:100E0400EB0089BF03274A0209CF63EFA7003385AC
:100E1400A74083A70A016376F5009747000023AF34
:100E2400A79A228B404461BF03274900BA97C5B7EC
:100E34009747000023A4079A4DB79747000093876C
:100E4400A7A29C4385C3411106C682979747000019
:100E540083C7679C89E79747000023A707A0B24090
:100E6400410182809747000083C7E79A91E797473B
:100E7400000023AB079E82808280411122C4174464
:100E84000000130464971C4006C626C24AC091C7DA
:100E940082979747000023A107969747000083C7CE
:100EA400F7B1858B17490000130909B189CF83472E
:100EB400790019476312F71097470000A38007B021
:100EC40065295C4482971C4491C38297974400002F
:100ED4009384C4949840174600000346368F97477E
:100EE400000083C7A78E93961700BA9683D6060090
:100EF400E5C29747000083C7678D63E5C70E974730
:100F040000002385078C1C40639E0714974700004C
:100F1400938787909C4363870714974700009387C0
:100F24002795DC4317470000232AF78AE9339747BC
:100F3400000083C717A9639707129747000083C768
:100F440037A891CF8347790093F7F70F89EB974739
:100F54000000A38707A6976001E0E780E076974743
:100F640000009387278CDC53638E070E974700009D
:100F74009387C7859C4BFDC78347790015476363F7
:100F8400F70E9747000083C7A7A8918BE1EF974717
:100F9400000083C74788F9E790409746000083C65E
:100FA400F68263C7D70C2244B240924402494101FD
:100FB400175301E0670063EE834779001D47E3148C
:100FC400F7F097470000A38B079E7D261C48DDBDE4
:100FD400850793F7F70F973600002389F67EE3E041
:100FE400C7F001BF86073E9783550700231007000B
:100FF4009747000023900782973700009387877FE5
:101004009C43173500000345657C13172500BA97E8
:101014009C4382979737000083D7C77F1737000018
:101024000347C77A93C7F7FF7D8D9317170098403E
:101034003E97835707005D8D2310A7009737000064
:1010440083C7C77891C78507173700002300F7784F
:1010540017370000034787779737000083C7177750
:10106400E37FF7E8B240224492440249410182807E
:10107400139717003297035707006DF7850715B7C5
:1010840037C700408326C720B707FCFFFD17F58F3D
:101094002326F72001000100973700009387077388
:1010A400C84F832787262326D7206A0593C7F7FFCF
:1010B40099835D8D82800000EFF03FD873000000BB
:1010C40000000000973200009382E2740383020060
:1010D40023800200630F0300F32510342EC097050C
:1010E40000009385A5FD73901534EF00A04B7300A9
:1010F400203086DCEF00004BE6508280000017476A
:1011040000001307278B1443411122C49C5E4AC07C
:1011140006C6998326C2858B3A84174900001309B1
:101124002989D1CB930700069CDE174700000347AB
:10113400078993070008974400009384E487631B9E
:10114400F700832709009C4393F70704174700001F
:101154002307F78683C7040093F707049DC39737D3
:1011640000009387676B9C4382979747000023A3F3
:10117400A78683C7040093F7F70B17470000230DD6
:10118400F78283C7440093F7070495E78547174719
:101194000000A305F78297470000938767849C4368
:1011A4003707020098C7130700FC974600002387FF
:1011B400E6809848F8D318401C5F9183858B8DC3D3
:1011C4001C5F93E707011CDF974700009387478163
:1011D4009C4323A207068547173700002300F77EA8
:1011E40083270900D8430583058B19C7D843759B0A
:1011F400D8C3D843799BD8C3B2402244924402490D
:1012040041018280ED3D730020309317D50063D3F4
:101214000702973700009387A77C9C437D57B8D774
:10122400973700009387875ADC4F850717370000EC
:10123400232CF75A937785008DC39737000083C713
:10124400C77793E71700173700002308F77693074B
:1012540000F8173700002303F7769377150099CB2E
:101264009737000083C7577593E7170017370000B7
:10127400A304F7749377650095CB937745001737EC
:10128400000013076773CDCB8347070093E717006C
:10129400173700002302F77297370000938787718E
:1012A40098435C57F19B93E717005CD79317F500BD
:1012B40063D407021747000003474787418B9737DA
:1012C40000009387277F51C383C7870793E70702EB
:1012D40017470000230CF7849317E50063D7070230
:1012E4009737000083C7876DE207E18763D707005C
:1012F4008547173700002303F76C9737000093875F
:10130400276E9C433707020098C79317C50063D420
:1013140007021747000003477781058B97370000C2
:101324009387477929C383C7970793E7270017371C
:101334000000A30DF77E82808347370093E71700F0
:1013440017370000A30BF76681BF03C787078946D9
:101354003D8B6308D70083C787070D47BD8BE39D8B
:10136400E7F69147B5B703C79707118B69D783C7CA
:10137400970793E7870065BF973700009387476611
:101384009443973700009387276303C70700058BAF
:1013940011CB973700002383076297370000A38F90
:1013A4000760828003C71700058B65F7F85271FF49
:1013B40083C75700DDB7173700001307A75F03285B
:1013C4000700832788039583858BADEF11C6832798
:1013D4000803BD832300F6009DC61C43985B4607A3
:1013E400935767016356070093E707C0C207C18399
:1013F40003970600C207C18709C7BA970947B3C74D
:10140400E7022390F6008DCD8345150095C99737E3
:10141400000083C7C75A93F70704138795008945CB
:1014240085C33A95834705000547994593F6F70622
:101434006398E600E207E187814563D30700B94575
:101444002E8582808545EDBF411126C206C622C481
:10145400973400009384C4583DED9440AE87F8520D
:101464007DFF37F400E03E8597370000238707545B
:10147400832704D1B285ED9B2328F4D0832704D19C
:1014840093E787022328F4D073005010976001E09B
:10149400E7804010973700009387C7519C43B706F5
:1014A40080009843558F98C3D857719BD8D79737E6
:1014B4000000A385075097370000A38F074E9C4078
:1014C400094798C3832704D193E787002328F4D0DE
:1014D400730050100DA08D476315F5049737000075
:1014E4009387474D9C43B70680009843558F98C314
:1014F400D857719BD8D79440173700001307C74BB0
:1015040083472700858B89EB83473700858BC1CBC5
:10151400973700002384074AB24022449244410191
:1015240082808547E319F5FCB7F700E003A707D1EC
:101534006D9B23A8E7D003A707D11367870223A8CD
:10154400E7D07300501098408177FD175447F58F0A
:101554005CC70F1000009840B70702001CC7930730
:1015640000F817360000230BF644973700009387E2
:1015740067449C439C439D83858B639FA70093078B
:1015840060197CD354C737F700E0832707D193E76A
:1015940087002328F7D02DBF9307E01BDDB7FC524B
:1015A400A5F39DBF97370000938787439C438847E3
:1015B400D847798D09C988C79387018703A3070092
:1015C40063030300028382801737000013078741F7
:1015D4008346B7019737000083C797434C4BB697B0
:1015E400FD8B33D7F50097360000A38DF63E973672
:1015F4000000A38FF640058B15EF17370000034753
:101604007741B3F7E702814601471305000233D659
:10161400E500058A1378F70F19CA6397D70097373F
:101624000000A381073D8280850693F6F60F050727
:10163400E31FA7FC8280973700009387E71D9C4334
:10164400011122CC4AC806CE26CA4EC682979737C5
:1016540000009387273B804701496301A406BE84A9
:1016640063668506018D135455009737000083C7C0
:1016740007391379F5016360F404973900009389FD
:10168400291F993703A884009736000083C626379C
:10169400139756004297158C3A8683A549006364D4
:1016A40007016364B7003306B7409737000023AFE0
:1016B400C734E378D4FC160433692401F24062444D
:1016C4004A85D2444249B249056182809737000075
:1016D4009387071ADC4333848740229569B7973789
:1016E40000009387E72F98438967938707F47CD397
:1016F40097370000938707349C4383A60709139602
:1017040056006358060083A60709139666006344CF
:1017140006007453FDF282804111B7E700E022C451
:1017240080433707200006C6798C23A0E7180F10E2
:10173400000011C199E5B7E700E023A08710014537
:101744007DA893073500C207C183F19BC207C183FB
:10175400130740036369F70217370000130747357F
:101764000843173700001307273414436392A60273
:10177400173700001307070B185B55DFC207DD8D11
:10178400054502974DBF1737000013072732C9BF1D
:10179400035765002DEB035745006366F706B30650
:1017A400F7402146637CD602032805009386870010
:1017B4001D8FAA96611717360000035686012392DF
:1017C400E60023A006012393060014C12312F500AA
:1017D400130786FF97360000239DE6FE2313B5000A
:1017E4009735000083D5E5FEB387F5401737000031
:1017F4002311F7FEB7E700E023A087102105B240CC
:10180400224441018280084195B7B7E700E08C4348
:101814003707200023A0E718F98D0F10000001E519
:1018240023A0B7108280973700009387672803A30B
:101834000700973700009387272783A8070081466E
:101844009A8763F2170D03A807006361F50C636FB1
:10185400A80A138787006368E50A03D6670021672F
:1018640005076317E60003C7B1860507A385E1866C
:1018740017350000130585F503D6470003576500A7
:1018840023930700329742074183173E0000231237
:10189400EEF4638C67021733000013032321032340
:1018A40003006304F30203D366006310030283D7C7
:1018B400460023A0060121073E9621062392C60076
:1018C400973700002397E7F0B6879843630D170313
:1018D400973600009386861D94426306D70283568A
:1018E400670095E283D64700035647001843A106D4
:1018F400B2962392D70098C383576500A107173780
:1019040000002318F7ECB7E700E019BFBE86C287D2
:041914000DBF000003
:1019180097110020938101BB17510020130101EE9C
:101928001305400097E5FF1F9385456D17060020B6
:10193800130606FE63FAC5008322050023A055009E
:1019480011059105E3EAC5FE17C501001305459C7D
:1019580097050020938505FC1386018263FAC5006C
:101968008322050023A0550011059105E3EAC5FE71
:101978001385018297350020938545266377B50046
:10198800232005001105E36DB5FEFD42739002BCEE
:101998008D4273904280930280087390023097E2E0
:1019A800FF1F9382A26593E2320073905230972210
:1019B80000009382A2B373901234730020303971FF
:1019C80001436EC619A0397141536AC866CA62CC10
:1019D8005ECE19A0397101535AD056D252D44ED680
:1019E8004AD826DA22DC06DE3301614082824111C0
:1019F8004AC026C222C406C68282B24D4101024DA7
:101A0800924C224CB24B4101024B924A224AB249B3
:101A18004101024992442244B240410182803D433F
:101A28002A876373C3029377F700BDEFADE593761A
:101A380006FF3D8ABA960CC34CC30CC74CC7410776
:101A4800E36BD7FE11E28280B306C3408A06970291
:101A5800000096966780A6002307B700A306B70084
:101A68002306B700A305B7002305B700A304B700F2
:101A78002304B700A303B7002303B700A302B700EA
:101A88002302B700A301B7002301B700A300B700E2
:101A98002300B700828093F5F50F93968500D58DC6
:101AA80093960501D58D61B793962700970200009C
:101AB80096968682E78086FA9680C1171D8F3E9695
:101AC800E374C3F8A5B73367B500FD530D8B79E709
:101AD800B7877F7F9387F7F710419441B372F60079
:101AE8003363F600BE92B3E262006397720C631828
:101AF800D6065041D441B372F6003363F600BE9265
:101B0800B3E262006398720A631BD60410459445D9
:101B1800B372F6003363F600BE92B3E262006391DB
:101B2800720A631ED6025045D445B372F600336379
:101B3800F600BE92B3E26200639A72086311D6029D
:101B480010499449B372F6003363F600BE92B3E2CB
:101B58006200639372085105D105E30FD6F6131797
:101B6800060193970601631CF7001357060193D7E4
:101B780006013305F7409375F50F91E9828041839B
:101B8800C1833305F7409375F50F91E18280137790
:101B9800F70F93F7F70F3305F740828003460500E8
:101BA80083C60500050585056313D60065FA330568
:101BB800D640828011059105E312D6FE0145828048
:101BC8002105A105E31CD6FC014582803105B1053C
:101BD800E316D6FC014582804105C105E310D6FC19
:101BE800014582802380018223A20182B717004029
:101BF80003A7070CB706C0FFFD16758F23A0E70CD7
:101C080003A7070DB7064000558F23A8E70C03A7C5
:101C1800070C3D9B23A0E70C03A7070D13670701DB
:101C280023A8E70C828023A2A182130640068945D7
:101C380003C5C1826F30917FB717004003A5470CD9
:101C480083A7470C598113451500C18B058999E372
:101C58001365250083C70182638CA7002380A182B6
:101C680001C99387418203A307006303030002832A
:101C78008280114561AD411193962500AA852D45B5
:101C880006C697E0FF1FE780A07FB24001454101EB
:101C98008280011122CC06CE3714004026CA4AC8D9
:101CA8004EC652C483447405034AB4058349840567
:101CB80003499405FD268347A40593F4F40F137A8A
:101CC800FA0F93E71700230DF40493F9F90F13792A
:101CD800F90FB717004003C7A705058B6DFF03D59C
:101CE800C705A38D4705238C3705A38C2705A38B30
:101CF8009704F2406244D2444249B249224A0561FB
:101D0800828041119397050122C406C6C1872E849B
:101D180063DA0700EF30713A19C1EF30F12D216510
:101D2800218D1DA093F7150013C5150091EF93F7AA
:101D3800250099CF11371306000A894503C5C182CA
:101D4800EF30D16E13452400B24022444101828015
:101D58009397250163D00702EF50D137193F37F623
:101D68000200130606E0896503C5C182EF30116CD5
:101D780009657DB7939715010145E3D707FC17A5BA
:101D8800010013052553EF90013013060064916597
:101D980003C5C182EF309169116559B72D71232AA6
:101DA8009110FD74E98C232C8110232821112326FE
:101DB80031112A84AE893289930600100A86A685D5
:101DC8002D45232E111097E0FF1FE780606B131538
:101DD800440151810A0513962900CA850A9597F08E
:101DE800FF1FE78080DDA68585660146254597E0CB
:101DF800FF1FE780E0680A86A6859306001029453C
:101E080097E0FF1FE780C0678320C1110324811179
:101E180083244111032901118329C110156182808E
:101E2800B7F7070003C70701411106C622C426C237
:101E38004AC0A547631AF7009537B2402244924436
:101E4800024901454101828013942500AA84328900
:101E5800A286AA850146254597E0FF1FE7804062D4
:101E6800A2864A86A685294597E0FF1FE78040613C
:101E7800E9B71D71494697A501009385253F17B518
:101E880001001305652C86CEA2CC97F0FF1FE780D2
:101E9800C0D901E917A501001305853EEF90A11EE1
:101EA80001A037F700E0795610CBFD5654CBB7E7C1
:101EB80000E0056423A087109306F00214C323A052
:101EC80087180100010017F7FF1F1307671F23A4D6
:101ED800E1824157A38AE7401306000481450808B8
:101EE80097F0FF1FE78040D1970700209387076E80
:101EF8003EC89D673ECCB7070105938707103ECEC5
:101F0800ED472310F10285472301F10297070000EE
:101F18009387A7D6BEC2970700009387A7F0BEC4D1
:101F28008567938757D12312F1029717000093878B
:101F3800A7D73ED8B7F50700970700009387A7D51E
:101F48003EDC8146970700009387E7D23000E10521
:101F580019453EDE231A810097E0FF1FE7804052B3
:101F680018088147994630003E96034606008507C3
:101F78000507A30BC700E398D7FEC24791C70357CD
:101F8800410185676373F70001A00808EF40E11875
:101F9800AA8501C917A501001305C52FEF80117D7A
:101FA80001A0F640664425618280411117050000B2
:101FB800130565D506C622C4EF4061121384C18299
:101FC8002300A40021283939034504002244B240E3
:101FD80013060032896541016F305145797106D683
:101FE80013078008F337078093F787083EC201007C
:101FF8000100B7170040930570052380B704130646
:1020080080FA2380C7040100010083C6F70293F613
:10201800A60FA387D702238007049246F3A606805B
:102028000100010073370780137787083AC401005D
:1020380001002380B7042380C7040100010003C7FF
:10204800F70213672700A387E70223800704A24744
:10205800F3A70780010001000545B5281939814714
:1020680001478146054685451305407E6528680079
:102078005146814597F0FF1FE78000B8B707C0A811
:102088003EC8B787E803938707D03ECA680097E73A
:10209800FF1F9387C7FF3EC6EF40412DB2504561F1
:1020A8008280B717004003C777051377E70FA38B24
:1020B800E704130700F8A38DE7043D47238CE704E2
:1020C80013075003A38CE70403C7A7051377D70F9B
:1020D800238DE7048280B717004003C7E7020D8904
:1020E80041111377C70F498F93068008F3B606800E
:1020F80093F6860836C60100010093067005238012
:10210800D704930680FA2380D704010001002387AF
:10211800E70223800704B247F3A707800100010004
:102128004101828041112A83014E930E407E130F94
:102138000019930F400663E56E1293080019130304
:102148004006B3781503854E0D4FA14F33736502D2
:102158000D891335150063EFBE121308F6FF794693
:1021680072984208135808013307C70213D617009C
:10217800BE0732976146B3F6C60213068070B3866F
:10218800C6023697A166F58F42075D8FB7160040E5
:1021980083C7F60293F70708A303F100034671000B
:1021A80083C7F60293F70708E394C7FE83477100D5
:1021B800B716004093F7F70F638807129307800854
:1021C800F3B7078093F787083EC401000100B717EB
:1021D8000040930670052380D704930680FA238075
:1021E800D7040100010023AA070383C6170393E657
:1021F8000608A388D70223800704A247F3A707800D
:10220800010001001166B71700407D16D45BC85F56
:1022180093854703A98EF18EF5FA93068008F3B6E5
:10222800068093F6860836C60100010093067005FD
:102238002380D704930680FA2380D7040100010085
:1022480098C103C7170313670704A388E70223800D
:102258000704B247F3A7078001000100410182800B
:102268007D133368E3039308E016630E08003368B0
:10227800F3039308D016630808009378330093B8E3
:1022880018009388D81633081E01131E0801135E20
:102298000E0155B56393E5030548638608000148B8
:1022A800630303002A8871087298FD15131E08013C
:1022B800C205135E0E01C18179BD13F8150063F4E0
:1022C800BF007908D5B713381800E5BF83C7F602F1
:1022D80093F70708A303F1000346710083C7F602CA
:1022E80093F70708E394C7FE8347710093F7F70F46
:1022F800F1DFE9B54111B7170040985F3AC6945F1E
:102308003247E39CE6FE32454101828031714AD969
:1023180066CB06DF22DD26DB4ED752D556D35AD1FF
:102328005ECF62CD6AC96EC7AA8C02D8EF00901042
:102338002A8993078008F3B7078093F787083EDA5E
:1023480001000100B7170040130770052380E70458
:10235800130780FA2380E7040100010003C7F7028E
:102368001377770FA387E70203C7F702136787007E
:10237800A387E70223800704D257F3A70780010049
:1023880001000545893B130780C13347E902116AFB
:1023980093070AE893065002BD69930BA004814A8B
:1023A800014B13048008930470057D1AB347F902A2
:1023B8003307D7023EC0FD873ECC938709A6930911
:1023C800803E3347F7023AC27D873AC43347390320
:1023D8008549B399990193D93940B306D702B30B0C
:1023E8007703B3C6F602B3CBFB0236C6FD8636C802
:1023F80093D6FB4136CEB7460F0093860624334961
:10240800D9028566938606FAB3969601B389E902DE
:10241800130760553309D90293060010B389E902FE
:102428003349D902B3C9F9029316390036CA3719A4
:102438000040FD8636D0930D090493D7F9413ED26A
:10244800F336048093F6860836DC01000100930712
:1024580070052380FD00930680FA2380DD000100CB
:1024680001008346390593F6860FA309D9048346EC
:10247800390593E61600A309D90423800D00E25616
:10248800F3A6068001000100130C80FA116DF336E3
:10249800048093F6860836DE010001009307700574
:1024A8002380FD0023808D0101000100834639054A
:1024B800216693E60602A309D90483560905B3E603
:1024C800A6012318D90483560905D18E2318D904E7
:1024D80023800D00F256F3A6068001000100834612
:1024E800390593F606026383061803463905218ADF
:1024F8006DDE081841277336048013768608B2C249
:102508000100010023809D0023808D01010001004E
:10251800B717004003C637051376F60DA389C7041D
:1025280003C6370513660602A389C704835609053F
:102538002166B3E6A6012318D90483560905D18E6E
:102548002318D90423800D009646F3A606800100BF
:1025580001008346390593F6060263800614834614
:102568003905A18AEDFE7933AA8636D46133A2569D
:10257800E30DD5FE835609054255B3E6A601231897
:10258800D904392783463905A18AEDDE03560905A2
:102598008346290582473376CA00B306DA0293D503
:1025A800F641B296B388F640E24733B8C6002E9893
:1025B8003308F840A247B3B616013308D84063C7BA
:1025C8000701631DF800924763FA1701C247634D7C
:1025D800F80E63950701B24763E8F80E894663E78A
:1025E800660FF2469315180013D3F8015E8613950B
:1025F8001800B365B30042D646D4EF80C10D3258F7
:10260800050B137BFB0F63470001631C0836A258B8
:102618006389083613081500B336A800B69513D693
:10262800F5013298B336C800AE9613581800FE0666
:10263800B3E606017336048013768608B2C6010035
:10264800010023809D0023808D01010001000356B5
:10265800C902B296C206C1822316D90223800D0090
:10266800B646F3A606800100010015B5F3360480CE
:1026780093F68608B6C00100010023809D002380E0
:102688008D01010001008346390593E60602A3097E
:10269800D90423800D0086463DBDF336048093F6A9
:1026A8008608B6C40100010023809D0023808D01A7
:1026B800010001008346390593E60602A309D904FF
:1026C80023800D00A64651B5E30D0BF0F3360480C8
:1026D80093F68608B6C801000100930680FA2380A5
:1026E8009D002380DD00010001008346390593F534
:1026F800FC0F93F6860FA309D90483463905CD8EBE
:10270800A309D90423800D00C646F3A6068001005C
:102718000100130580FA03463905930639051D8A19
:10272800631E96277336048013768608B2CC0100A0
:102738000100130680FA23809D002380CD0001004C
:10274800010003C606001376F60D2380C60003C6F3
:102758000600136606022380C60083560905116623
:10276800D18E2318D904835609052166D18E2318E2
:10277800D90423800D00E646F3A606800100010077
:10278800130680FA8346390593F606026382062407
:1027980083463905130C3905A18AFDDA0818D929A9
:1027A800F336048093F68608B6D00100010093063C
:1027B80080FA23809D002380DD000100010083460C
:1027C8000C00116693F6F60D2300DC0083460C001E
:1027D80093E606022300DC0083560905D18E2318F0
:1027E800D904835609052166D18E2318D90423807C
:1027F8000D008656F3A6068001000100130680FA34
:102808008346390593F60602638F061E834639050B
:10281800A18AEDFEC5342A8CF13CE30F85FF83566F
:10282800090511664255D18E2318D904952183468E
:10283800390513063905A18AFDDAF336048093F6C3
:102848008608B6D401000100930680FA23809D0013
:102858002380DD00010001008346060093F6F60D93
:102868002300D60023800D00A656F3A6068001009B
:1028780001008356090503462905D247B376DA00D5
:102888003306CA021305800C9355F6413696330D6C
:10289800F6408257333CD6002E9C3336A601330CC3
:1028A800FC40330CCC403308850392564E86B33532
:1028B800A5033305A503C295EF70F1616346800156
:1028C800631E0C16630C0D16130615003335A6008F
:1028D8002E959356F5013696B335D600AA9593965C
:1028E800F50105828585D18E6346B000639D051A82
:1028F800638B061A0356C90215823305D600333690
:10290800C500B2956348B000639105241306F00F23
:10291800637DA622894663F3561593078008F3B7AB
:10292800078093F78708BED60100010037170040DB
:10293800930770052300F704930780FA2300F70430
:10294800010001008356C70289678117D58FC20726
:10295800C1832316F70223000704B657F3A707809D
:1029680001000100FA506A54DA544A59BA592A5AED
:102978009A5A0A5BFA4B6A4CDA4C4A4DBA4D2961AD
:1029880082801308F5FF3335A800FD152E951356E0
:10299800F5013298B336C800AA9641B9F3360480D7
:1029A80093F68608B6CA0100010023809D002380A3
:1029B800AD000100010083463905CD8EA309D90475
:1029C80023800D00D646F3A6068001000100A1B3BE
:1029D800F336048093F68608B6CE01000100238002
:1029E8009D002380CD00010001008346390593E650
:1029F8000602A309D90423800D00F646F3A6068033
:102A08000100010041B3F336048093F68608B6D27C
:102A18000100010023809D002380CD0001000100FA
:102A28008346390593E60602A309D90423800D00DD
:102A38009656F3A6068001000100D9B39306F5FF68
:102A480033B5A600FD152E959355F501AE96B3B591
:102A5800B600AA951396F501858269B5F336048008
:102A680093F68608B6D801000100930680FA238001
:102A78009D002380DD00010001008356C902056620
:102A8800011693F6F60FD18EC206C1822316D9021B
:102A980023800D00C656F3A6068001000100850AB2
:102AA80093FAFA0F71BA33E6B60045C20356C90263
:102AB8003305D0403338A000B305B040B385054195
:102AC80015826345B000D1E16371A608894663F0B9
:102AD800560593078008F3B7078093F78708BEDA8F
:102AE80001000100B7170040130770052380E704B1
:102AF800130780FA2380E7040100010003D7C70207
:102B08007D8B2396E70223800704D65781BDF336D1
:102B1800048093F68608B6DC01000100930680FA6B
:102B280023809D002380DD00010001008356C90237
:102B38000566011693F6F60FD18EC206C1822316DA
:102B4800D90223800D00E656B9B793078008F3B77A
:102B5800078093F78708BEDE0100010037170040A1
:102B6800930770052300F704930780FA2300F704FE
:102B7800010001000356C70293975600B297C20797
:102B8800C1832316F70223000704F657C1BB9147F8
:102B980063EEB70217970100130707728A05BA9503
:102BA8009C41BA978287B717004003A7470B134584
:102BB800F5FF698F23AAE70A03A7070B698F23A8E4
:102BC800E70A03A7070A798D23A0A70A8280B71707
:102BD800004083A6470B1347F5FFF98E23AAD70AAF
:102BE80083A6070B558D23A8A70A83A6070A758F06
:102BF80023A0E70A8280B717004003A7470B498F35
:102C080023AAE70A03A7070B1345F5FF45BFB71724
:102C1800004083A6470B1347F5FF758F23AAE70AE1
:102C280003A7070A598D4DB7B717004003A7470BED
:102C3800498FEDB7B7170040884742054181937720
:102C4800050491EB9377F5013755E80113050580E5
:102C58003345F50282809377050C130700046397C8
:102C6800E7009377F50137459C1CCDB7216513051F
:102C780005D0828037E700E01C435443A183E20675
:102C8800D58F1CC1FD572320F7182322F7188280FF
:102C980013178500B7E700E023A0E710618123A29E
:102CA800A7108280B7F700E08847CC478280814729
:102CB80037370040A14663C4C70032858280034588
:102CC800B740E38EA6FE3385F5000345050085076A
:102CD8002304A740CDB7411122C406C62A84993FD0
:102CE8002947B307E502B2408D83B3D78702224450
:102CF8009507B3D7E70237370040C207C1832316C9
:102D0800F74041018280716541111305052006C60F
:102D1800D937B7370040130770F82381E7400D47CC
:102D2800A381E74013070004A380E74005472387F2
:102D3800E740B24041018280411197950100938597
:102D4800655C179501001305A56E06C6EF80012284
:102D5800179501001305C56EEF804121B24017A5F4
:102D680001001305658D41016F80E131411197958F
:102D780001009385655A179501001305656B06C612
:102D8800EF80C11E1795010013054569EF80011EEC
:102D9800B24017A501001305258A41016F80A12EB5
:102DA8004111979501009385655817950100130502
:102DB800256806C6EF80811BB24017A501001305E0
:102DC800A58741016F80212C1971A2DC86DE83471B
:102DD80005002A849DC3979501009385A5591795E9
:102DE80001001305E564EF8061184C401795010058
:102DF8001305057BEF808117E9A05841B707CF007D
:102E08009387777D6316F7061306400681456800A9
:102E1800EFE0FFC00356C4000C44680097E0FF1FB2
:102E2800E780A0D9979501009385C55417950100AF
:102E380013050560EF8081138355E4008356C400B1
:102E480070001795010013052577EF80211217955B
:102E580001001305657EEF8001230356C400035566
:102E6800E4006C00EF003071F6506654096182800E
:102E7800B707CC009387777D631CF70413064006D9
:102E880081456800EFE0BFB90356C4000C446800F0
:102E980097E0FF1FE78060D2979501009385854DE5
:102EA800179501001305C558EF80410C8356C400DF
:102EB8008355E4007000179501001305A571EF8094
:102EC800E10A1795010013052577EF80C11B69BF3B
:102ED800B707CE009387777DE308F7F89795010049
:102EE800938545491795010013058554EF8001081E
:102EF8004C401795010013052570EDBD411122C402
:102F080006C6834705002A849DCB979501009385C3
:102F18002545179501001305A551EF8021054C4063
:102F2800179501001305855DEF8041042244B240E6
:102F3800179501001305457041016F80C114584170
:102F480031E3979501009385A54117950100130575
:102F5800254EEF80A101179501001305A55BEF80B1
:102F6800E100179501001305256DEF80C11122447A
:102F7800B240116603C54183130606E8894541013D
:102F88006F20D14AA1679386D7036311D70297951B
:102F980001009385E53C1795010013056549EF701D
:102FA800F17C179501001305E55755BFED07979577
:102FB80001009385E53A17950100130565476318E5
:102FC800F702EF70B17A179501001305E556EF7017
:102FD800F1791795010013052566EF80C10A22448F
:102FE800B24003C54183894541016F20D15AEF7032
:102FF800F1774C40179501001305056035B741116D
:1030080006C6EF90A05919E5EF10B07CB240410117
:103018006F205036B24041018280411197950100DE
:1030280093854533179501001305854006C6EF7053
:10303800F1731795010013052560EF80C104B240B4
:10304800410175BF411122C4179501001305453E82
:103058002E84979501009385252E06C6EF70117171
:10306800179501001305455DEF80E1011DC897958F
:1030780001009385652C179501001305653BEF70DA
:10308800F16EA285179501001305854FEF70116E3B
:103098002244B240179501001305055A41016F708B
:1030A800917EB240224441018280011122CC2EC679
:1030B8002A84979501009385E52817950100130543
:1030C800253706CEEF70916A3246A2851795010022
:1030D8001305C54BEF709169179501001305C55588
:1030E800EF70717A83C7018481EF97F7FF1F938789
:1030F8002795DC4703D70700C167FD17631DF70055
:103108006244F240116603C54183130606E8894507
:1031180005616F20B131F24062440561828041113E
:1031280022C406C693F785002E8485C3EF00905904
:1031380013064006A14503C54183EF20312F1345EF
:103148008400B24022444101828093F7250085CF54
:10315800979501009385C525179501001305452D01
:10316800EF70D1601795010013054516EF701160D7
:10317800179501001305454CEF70F170EF20A0433F
:10318800134524007DBF93F745000145DDDB8545E8
:1031980003D5E183EFE0D0009795010093854521A1
:1031A800179501001305C528EF70515C17950100AC
:1031B80013050513EF70915B179501001305C547BB
:1031C800EF70716C13454400ADBF797122D426D2DB
:1031D8004AD02E842A89B28481457146480006D691
:1031E800EFE0FF8397F7FF1F93878785DC4783D737
:1031F8000700231421012313F100EF0040748547D1
:10320800A305F100930700192305A1003EC62686F1
:10321800FD57A2854800230AF100EF00A074B250C0
:1032280022549254025945618280011122CC97950B
:103238000100938525162A84179501001305451F5B
:1032480006CEEF70B152A285179501001305855A75
:10325800EF70D151179501001305053EEF70B1626B
:10326800938781819843DC4321462C0005453AC465
:103278003EC6A13F0DC92A84979501009385851103
:10328800179501001305C51AEF70514EA2851795C1
:1032980001001305E52DEF70714D17950100130519
:1032A800A539EF70515EF2406244056182800111D8
:1032B8003546979501009385E51917950100130583
:1032C800656706CE22CC97E0FF1FE780009601E9EC
:1032D800179501001305C5FAEF70F15A01A097F789
:1032E800FF1F938767A63EC4B7F5070085679387D6
:1032F8000780814613868183E10519453EC697D02C
:10330800FF1FE780E017194693858183138501091C
:1033180097E0FF1FE780608A3400138681839795C2
:1033280001009385A531179501001305A532EF100B
:1033380090742A8405CD97950100938565061795A5
:1033480001001305E50EEF707142A2851795010083
:1033580013054511EF709141179501001305C52D0F
:10336800EF707152F240624405618280EF80000084
:103378001795010013050505EF104015EF40D076AD
:10338800EFE0D00A17E5FF1F13054569EFE0A077C6
:103398001795010013050504EFE0100B2A84EF10C0
:1033A800E06EEFA02030EF001129EF203004EF107D
:1033B8007049EFC0100D97950100938565FE17952C
:1033C80001001305E50609C8EF70513AA285179563
:1033D80001001305650BBDBFEF705139179501004A
:1033E8001305C50CEF709138179501001305C52416
:1033F800EF707149EFC0406F85472380F184EF90EB
:10340800E01921C997950100938585F91795010061
:1034180013050502EF709135179501001305850A0C
:10342800EF70D1341795010013050521EF70B145F0
:10343800979501009385C5F617950100130545FF7B
:10344800EF70D132179501001305050AEF7011329C
:1034580021B77536F1BF411117050000130565CC7A
:1034680006C6EF20D147238AA18217E5FF1F13055F
:10347800255DEF009008253DEFE0CFF61705000029
:103488001305E5DAEFE02FFAB240971500009385AF
:10349800A5BA171500001305A5B541016F00100D59
:1034A80001113546979501009385C5FA17950100D6
:1034B8001305454806CE97D0FF1FE780007701E93E
:1034C800179501001305C514EF70F13B01A0EF50EB
:1034D800B1672AC6EF003158EF007137EF70C0238B
:1034E800F24032450561828041111305800406C609
:1034F80022C497D0FF1FE78040C1371400408327BC
:10350800840A8D451305002093E707202324F40A35
:10351800EFF0EFE7EFF02FFF97A501009385C5C205
:103528001795010013054510EF7051249795010078
:1035380093854540179501001305050FEF7011237A
:10354800EFE03F93EFE07FA6A13F31378327440C9C
:10355800C18B89EBEF202006179501001305450D57
:10356800EF70713297D0FF1FE78020E50145828018
:103578004111B2862E86AA852D4506C697D0FF1F13
:10358800E78000F0B240014541018280AE860146E5
:10359800AA85254517D3FF1F670083EE930700040C
:1035A80063E6C7021D71A2CC2A84080886CE32C6FB
:1035B800EF70D10BB2461008A285294597D0FF1F9E
:1035C800E78000ECF64066442561828039558280A8
:1035D8009387418418429C4383D6450003450700DE
:1035E80083C5C700035646006396A50083D5E70048
:1035F800638DD502011106CE2386A7002397D70035
:10360800B705CF00DC4B9385757D05077D162EC267
:10361800230001003AC42316C1002317D10099C31F
:103628000A858297F2400561828082806D713C082C
:103638003EC6B707E500232291103EC8AA843C087D
:103648003285232611103ECA2324811023202111FC
:103658002E89EF2040792A84979501009385C50427
:10366800179501001305C5DCEF705110A285179559
:10367800010013056513EF70710F1795010013050D
:10368800A5FBEF705120B705CB009385757D6800C9
:10369800EF00705DA2856800EF20806A01478146CF
:1036A8007000CA852685EF00507C0DC92A8497953D
:1036B8000100938565FF17950100130565D7EF7025
:1036C800F10AA2851795010013054510EF70110A3C
:1036D80017950100130545F6EF70F11A8320C11004
:1036E8000324811083244110032901105161828031
:1036F8009387418418429C43797122D406D60348A3
:10370800070083C807012A8483D64500035546006D
:103718006396080183D82701638DD802238807019F
:1037280005072399D7003708CC00DC4B1308787DB0
:103738003ACC1307F5FF42CA23080100231EE10013
:10374800231FD10099C7080832C62EC48297324673
:10375800A2452285E13DB2502254456182806D71B7
:103768003C083EC0B707E5003EC23C083EC42326DD
:1037780011102324811023229110231701002318EC
:10378800010023190100231A0100231B010097E7F8
:10379800FF1F83D7E72E99E3C167FD172316F100B2
:1037A80097E7FF1F83D7E72D81EB938741849C43DD
:1037B8009C43DC4783D7070017E4FF1F1304442CFE
:1037C800584C2317F10083574400484B2318F10045
:1037D8001DED97950100938525F4179501001305B4
:1037E80025C5EF70A17817950100130525F4EF7032
:1037F800E17717950100130525E4EF70D1088320C0
:10380800C11003248110832441105161828097E7FD
:10381800FF1F83C7572799E7EF10117E5C4C23AA37
:103828000700F1BFFD1797E6FF1FA38EF624035686
:103838000701834704014C470A85230BF100EF2059
:10384800404E938741849C430147814688430A86BA
:103858006C00EF009061AA841DC9979501009385BB
:10386800A5EB179501001305A5BCEF702170A6857F
:1038780017950100130545ECEF70416F179501008E
:10388800130585DBEF7031005C4CC84B71B797E7C7
:10389800FF1F83C7571FEDDB1044854503C581848F
:1038A800EF20C138A9BFDC4DDC4B99C7904503C553
:1038B800818491456F20813782805C4EDC4BB9C78B
:1038C800B1C5411122C417950100130565B62E84B0
:1038D80097950100938585E206C6EF702169A28558
:1038E80017950100130585E7EF70416817950100EA
:1038F800130585D4EF7021792244B24003C5818431
:1039080013064006914541016F20413282804111E2
:1039180022C417E4FF1F1304A4141C4C06C689C74D
:10392800DC4399C34C4882975C4CC84BEF10D16C70
:103938005C4CB240224423AA0700410182801387CD
:10394800A180834707009306F00B850793F7F70FCD
:1039580063E7F6002385F18003450700828093071B
:1039680000F8CDBF835745006380070E01114AC890
:1039780017E9FF1F1309C91052C4032AC90106CE4B
:1039880022CC03274A0126CA4EC6F15721EF130756
:10399800D00DFD576368C7042A84130586004205C5
:1039A8004181B284AE89EF10516A232AAA00032507
:1039B800C9015C49A9E397950100938525D217951C
:1039C80001001305E5A6EF70615A1795010013056C
:1039D800A5E2EF70A159179501001305E5C5EF7031
:1039E800816ADD57F2406244D2444249B249224AD0
:1039F8003E850561828093874400B705CF0023196F
:103A0800F5009385757D3105EF00F0250325C90183
:103A1800834564003105EF20A0320325C9012686BD
:103A2800CE853105EF20E02F7146A2854A85EF70DB
:103A3800E143504401CA854503C58184EF20011F35
:103A480081474DB7293BEDBFFD573E858280411127
:103A580022C417E4FF1F1304A4025C4C06C6C84B1B
:103A6800EF1091595C4C2244B24023AA070003C5C9
:103A78008184854541016F200132411126C293841A
:103A880041849C4006C622C4D1C3DC43C1C35CC187
:103A98002300B5002A8497950100938565BF179583
:103AA80001001305E598EF70614C179501001305A7
:103AB800A5B8EF70415D9C4023A4070023A207002E
:103AC80097E7FF1F9387C7F9DC4FDC4B99C329554C
:103AD8003D3D97E7FF1F9387A7FADC4FDC4B91C367
:103AE800BD37894503C58184EF20E12A914503C587
:103AF8008184EF20412A9C4003A347016308030007
:103B080022852244B240924441010283B2402244B9
:103B18009244410182800111328506CE22CC26CA08
:103B28002E84EF20402CAA8497950100938585B9AF
:103B3800179501001305C58FEF70414303078400F3
:103B48000356640083554400A686179501001305A3
:103B5800E5C2EF70A141179501001305E5ADEF70BF
:103B6800815297E7FF1F83C707F0639797000145C6
:103B7800793B81450A851137F2406244D244056198
:103B880082806D7123248110232611102322911025
:103B980093F745002E84638607123C083EC0B7079A
:103BA800E5003EC23C083EC423170100231801006B
:103BB80023190100231A0100231B010097E7FF1FA7
:103BC80083D707EA99E3C167FD172316F10097E742
:103BD800FF1F83D707E981EB938741849C439C436C
:103BE800DC4783D7070017E7FF1F130767E723178B
:103BF800F100544F835747002318F100DC4AA9E32A
:103C080097950100938545B01795010013054582E6
:103C1800EF70C13517950100130545B1EF700135F7
:103C280017950100130545A1EF70E14513454400C0
:103C38008320C110032481108324411051618280A4
:103C480097E7FF1F83C737E22555B5CBFD1717E662
:103C5800FF1FA30AF6E003D6060183470701CC46F7
:103C68000A85230BF100EF20C00B938741849C4306
:103C780017E7FF1F1307C7DE979601009386C667ED
:103C880088430A866C00EF00501EAA8445D1979598
:103C98000100938565A71785010013056579EF7005
:103CA800E12CA68517950100130505A9EF70012CD5
:103CB8001795010013054598EF70E13C2685813979
:103CC800B5B793F725008DC341468145280897D09D
:103CD800FF1FE78060F225551D3928089305F00F6E
:103CE800693B13452400A9B793F715000145A9D3EB
:103CF800EFF0FFA61345140025BF5C4D411106C621
:103D080088C317050000130505E823A2F184EF20F6
:103D1800013DB2402384A1840145410182802A8764
:103D2800BA95C167C20505661385F7FFC1811306F9
:103D3800160293170701C1836393B70082800507B2
:103D48008347F7FFA146A207A98FC207C18313952E
:103D580007014185860763530500B18FC207FD1629
:103D6800C18393F6F60F3E85FDF2E1B723A8A1843F
:103D780023A6B1848280894763F5C714717122D55F
:103D880026D34AD106D74ECF52CD56CB5AC903CAED
:103D9800050085473284AE842A8963EA470B83C7C6
:103DA800150003C7250083C69184A207D98F17077A
:103DB80000201307278501443A89635ED406035619
:103DC800070093091400130747096310F6089304C2
:103DD8004009B3049402630D0A029387C18403ABBC
:103DE800070063070B02B30A990003DA8A08938570
:103DF8008400CA9552866800EF7041071C0983A5A4
:103E08004A0003D52A003E9A230E0AF67000029B48
:103E180003CA918433048A4013064009B385C90252
:103E28007D14330599007D1A3306C402CA95EF70D4
:103E3800410FA3844185BA502A549A540A59FA4921
:103E48006A4ADA4A4A4B4D6182804E84BDB793056F
:103E5800E6FFC205C1812685D935B387840083C6AC
:103E6800E7FF03C7F7FFAA8A93998600B3E9E90039
:103E7800B3073541B337F0000D462C004A852304BB
:103E8800F100A304D1002305E100EFF00FB4E3949F
:103E98003AFB9387018583A90700E38E09F8751417
:103EA800420441802286938514006800EF60117CEB
:103EB8001C093E94230E04F67000D2854A85829927
:103EC8009DBF8280317152D5138AA18483470A002D
:103ED8004AD956D385075AD15ECF66CB06DF22DD95
:103EE80026DB4ED762CD2385F184814C17F9FF1F5D
:103EF80013094971930A40094D4B938BC18483C7B9
:103F0800918463CFFC00FA506A54DA544A59BA597A
:103F18002A5A9A5A0A5BFA4B6A4CDA4C296182800F
:103F2800B3845C0383470A00138C1C003304990094
:103F38000327C408998F93F7F70F637EFB04834721
:103F48000409A1EF835984085C40938584004E8658
:103F5800CA951305D1002306F100EF6031710357AC
:103F6800040013863900035524001C094206CE9725
:103F78009356870041826C00A38ED7F6238FE7F60D
:103F8800EFF0AFA483C7A1842326F408834704096C
:103F980085072308F408E28C9DB703AC0B00630483
:103FA8000C028359840893858400CA954E8668005C
:103FB800EF60D16B1C094C4003552400BE99238E39
:103FC80009F67000029C03C49184330694417D165F
:103FD8003306560393854409CA95330599007D1421
:103FE800668CEF601174A384818475B7011122CCAB
:103FF80026CA2A84AE841785010013056543979560
:1040080001009385258E06CE32C6EF603176B24622
:104018002686A285179501001305458AEF6011755C
:104028006244F240D244178501001305E56005613A
:104038006F706105011122CC26CA2A84AE841785C7
:1040480001001305E53E979501009385658A06CE24
:1040580032C6EF60B171B2462686A2851795010077
:1040680013050583EF6091706244F240D2441785CE
:1040780001001305655C05616F70E100EFD29F9543
:104088002A8408452E89B28909C900C1970500000C
:104098009385C5736105EFF0F06C81447D5AEF108C
:1040A800A00363C3A4048144EF10000463C6A404FE
:1040B800970700209387070E9C43DC47B307F94016
:1040C80091872302F400638109048327C900B30799
:1040D800F4409587A302F4001C4C89C79C4799C3F8
:1040E800228582976FD05F925C44139714008504F1
:1040F800BA972390470165B71C48139714008504A5
:10410800BA97239007004DB7832789000547B3075F
:10411800F4409587A302F40083570400638EE702F6
:104128008DC309476384E7040D47E397E7FA979738
:1041380001009387E7CE1CCC97970100938747CF60
:1041480011A897970100938727951CCC9797010092
:10415800938787955CC849B7979701009387C7806D
:104168001CCC9797010093872781EDB7979701009B
:104178009387C7CF1CCC97970100938727D0D9BFC7
:1041880085E1EFD2DF8600461844834794007583A3
:104198009D8B6315F700EF00901948C46FD07F8797
:1041A8008280EFD23F8313893500C16442094111EF
:1041B800AA890144F11413590901054A2EC6EF00D2
:1041C800B071B2456346A400014541016FD0DF8359
:1041D80083A7090013171400BA9783D707006388C9
:1041E800B7006394970063742A010504C1BF0545AD
:1041F800E9BFEFD24FFDAA892E89328BB6843A8A5D
:10420800BE8AEF80A0394DC12685EF10702D8D47ED
:1042180063E5A7007D556FD08FFE83DB4400EF0078
:10422800B0712A84EF00907293077400314433050B
:10423800850263C5A702EF003070EF00F06F2A8493
:10424800EF00D0709307740031443305850263CDC5
:10425800A702EF00706E9307450019A8EF00106FD2
:10426800330585021307F0179307C017E357A7FC18
:104278002D55E3C277FB63000B02D6865286A685CE
:104288004A85EFE0D04F41BFEF00506C33058502FF
:104298009307C5FFF1BF832749001385C90083D55C
:1042A8002700013779F9BDB76955B5B797070020D9
:1042B8002394A7EE970700209387C7ED9043814783
:1042C8000C463307F500420741836393B7008280A9
:1042D8005446139847008507C2962390E600D5B741
:1042E80097070020938707EB9C4303C587008280CC
:1042F80017050020035545EA8280EFD24FEFC167CA
:104308001387D7FF6307E5026368A700F117630EF9
:10431800F50001456FD0EFEF1387E7FF630EE50067
:10432800FD171D8D13351500F5B7EF4060347D1569
:10433800D5BFEF40E011E5BFEF404010CDBFEFD251
:104348000FEB4111AA8401442EC6EF00F059B24583
:104358006346A400014541016FD0AFEB9C4813159B
:1043680014003E9583570500E387B7FE0504E9BFAF
:1043780003485500814693F7F60F63E50701814727
:104388003E858280584593975600BA9703D72700F1
:104398006316B70003D70700E304C7FE8506E1BF2D
:1043A8008346450001479377F70F63E4D7008147B9
:1043B80011A81C45131657000507B29703D6070026
:1043C800E313B6FE3E858280EFD2CFE09317050156
:1043D800C187970A0020938AEADB6353F00883A712
:1043E8000A00C0479C4703570400198D42054181C4
:1043F8006366F500014422856FD00FE112052A9407
:10440800DDBFDC4713944900014A3E9483474400CA
:104418006341FA02014A834754006346FA02850958
:10442800C20993D9090183A70A009847E3EBE9FC7D
:10443800D1B71C4413195A00A6853E994A850137FD
:1044480009ED050AE1B75C4413195A00A6853E999F
:104458004A85F53519E1050A7DBFE30209FC61BF0C
:10446800AA848149C9B7EFD28FD81C452A8481E72D
:104478009307C5001CC51C44231204001CC09307E5
:10448800F00F63E9B70093F5F50F2285EF10500B95
:104498006FD02FD893940501C167C18063F7F500E9
:1044A800A6852285EF10700DE5B7C18193F5F50F4C
:1044B8002285EF10F008A6852285EF10B009C9BF44
:1044C80097070020938707CD884382801C4599C7AA
:1044D8009707002023A0A7CC014582807D558280C4
:1044E80097070020938707CB9843834745004847A1
:1044F80092073E958280EFD28FCF617100451C18DC
:104508003EC6B70780013EC81C183ECA8357440000
:1045180002CE02D002CC231EF100834784002A89F0
:1045280002D22301F1023C083ED402D6553F8357FC
:1045380005002316F102EF3030632307A1025C4027
:1045480003556400F18313F717008347F1025205FE
:104558005181F99BD98FA307F102EFE0B01339C558
:10456800AA8403550500EF80400483D704002AD2AB
:104578006800231CF10083D72400231DF1001C4888
:1045880003D647008C43EF10C0798347B400CA862E
:10459800178601001306C6368117A305F4006C00C0
:1045A8004810EFE0D01D5D616FD0AFC62155E5BF63
:1045B8001C45B1CF03C5A700894613576500630B97
:1045C800D7028D46630ED70285466300D7021307CC
:1045D80040063305E50203C7B700418B15CB83C7F7
:1045E800B700BD8B3355F54082801375F50313076B
:1045F800803EC5B709671375F50313070771D1BF67
:10460800372709001375F5031307077CD9B7014548
:104618008280EFD2CFBD03A98500630409048347D4
:10462800B900AE8493F7070E91CF0345990093051F
:1046380020030D810505B305B50288446105EFF037
:10464800501E05A02E85AD372A8401CDCD218325A6
:10465800C900B307B54063F887002E94B305A4409A
:10466800E9FD6FD00FBB8545C9BFEFD24FB82A848B
:1046780003D50500011132C636C43AC22EC002CA9B
:1046880002CC02CEEF70707282452ACA22852ECCE7
:10469800813D03570500231EE100EF30F04CA24690
:1046A80032469247230FA10036874C08B2862285EE
:1046B8000146EFF01FB405616FD0AFB5EFD22FB34D
:1046C80061711C183EC6B70780013EC81C183ECA57
:1046D8003C0800453ED4AA8402CC02CE02D002D2C5
:1046E80002D6FD3B8357050035592316F102EF30FA
:1046F800B0472307A10209C48357440091E7215911
:104708004A855D616FD0EFB0035564005205518151
:10471800EFE040782A8965D58347B40093F7070E00
:1047280089C713058401EFF0501183574400231EF5
:10473800F100834784002301F1025C40035509001E
:10474800D98313F7070883471102231CA10093F7A5
:10475800F707D98FA300F10283572900231DF10021
:104768005C40F18313F717008347F102F99BD98F57
:10477800A307F102EF7070632AD251D183479400E6
:104788006800139757008347B400FD8BD98FA305A2
:10479800F4001C4803D647008C43EF108058A687C6
:1047A800178701001307C715740005464C102685A6
:1047B800EFF03FA42A8929D58347B400A685FD8B4D
:1047C800A305F400B9352DBFEFD26FA2832485FE6F
:1047D8002A8441112685E93B834734FF93F7070E66
:1047E8009DC32AC62685EFF01FD119C9834734FF18
:1047F800B245FD8BA309F4FE81C52285EFF0700256
:1048080041016FD00FA16DDD8327C4FF26858297F4
:1048180065F9834734FF93F7070E81C72285EFF0C8
:10482800D001032584FE593DE1BFEFD24F999C4149
:1048380041112A8903C7070089472E8493566700C8
:10484800638CF6020D466382C6049307F007630281
:10485800F7022E85EF102059AA848149C16B130CE9
:104868004900970700209387E7929C43984763EC99
:10487800E90241016FD06F9803D745008547E3FAF5
:10488800E7FE2E85EF10005AC1BF03D74500E3F2BB
:10489800E7FE2E85EF102055AA842285EF100056DA
:1048A800C204C98C5DBFDC470355A900139A4900AF
:1048B8003E9A93170501C187635DF00083570A008C
:1048C8006395A70263E574038327CA00034D5A0062
:1048D8001DA0A1672167A98F1307F7EFE374F7FEFF
:1048E80063950900EFF07FA171FD85099DBF8327BE
:1048F8008A00034D4A00835DA90003576900216AB5
:10490800138BC7003AC6814A33CA4D01631E5D0145
:1049180097070020938787889C43E1DBA2866286FD
:10492800814526858297D1B7A1679387F7EF930CC6
:104938004BFF63F04703B2455A85EFF09F8619CDC8
:1049480003278B00104719CA10436380C40231073C
:10495800D5BFEE856685EFF09F9E71FD93861A00A0
:1049680093FAF60F130B0B0255B7835644005C43BA
:10497800E3EDF6F622853AC6EF10E035A167938796
:10498800D7042A8A035D4400324763E897008347C7
:10499800D90093E707F8A306F9001C476685228625
:1049A800E2858297C1670844FD17337AFA00529569
:1049B80008C02312A40115BF97F7FF1F9387877DAF
:1049C8009843814715C31447814763FFD5009397E0
:1049D80045004C47BE9519C903C755008147637503
:1049E800E600DC451606B2973E85828003C745007F
:1049F8008147E37BE6FE16069C45F5B7EFC29FFDAF
:104A0800AA892E8A814497FAFF1F938AAA7883A7D6
:104A18000A00984763E4E4006FC01FFFDC47139463
:104A2800440001493E9413BB140083474400634B80
:104A3800F900014913BB140083475400634FF90080
:104A48008504F1B70844931759005287DA8601465E
:104A5800A2853E9582990509C9BF48449317590014
:104A68005287DA860546A2853E9582990509E9B7F7
:104A7800EFC2FFF7814517F5FFFF1305656097F74C
:104A8800FF1F239B07709D3F6FC0BFF897F7FF1F5D
:104A9800938747709C4399CBEFC27FF5814517F503
:104AA800FFFF1305E55D993F6FC0BFF68280EFC237
:104AB8007FF241112315E1002E89B284B6893A8626
:104AC80081460147ED452A84EF10F1482AC61DCDDD
:104AD8000356A100CE85EF606139CA852285EF10A3
:104AE800F15B058915C1228501462C00231491002C
:104AF800EF10D1712A8409C5ED452800EF10115433
:104B0800228541016FC05FF04944FDB76554CDBFB0
:104B18005C41FD175CC18280EFC27FEDEF1061043C
:104B280095473305F50281450D816FC09FEEEFC2B1
:104B38001FECEF10010395473305F5020D816FC097
:104B48005FEDEFC2DFEA03550500EF10111D6FC0DE
:104B58005FECEFC2DFE9035505003287AE8617D652
:104B6800FF1F0356C6F897F5FF1F938565638137C6
:104B78006FC03FEAEFC2BFE7EF5091006FC07FE917
:104B8800EFC2FFE697F5FF1F93858561EF10F16E81
:104B980001456FC01FE8EFC29FE5814517D5FF1F8C
:104BA8000355E5F0EF10B1596FC0BFE6EFC23FE41F
:104BB80097F5FF1F9385C55FEF10316C01456FC0F6
:104BC8005FE5EFC2DFE2814517D5FF1F035525F4E6
:104BD800EF10F1566FC0FFE3EFC27FE12E85EF6063
:104BE800004CEF6050016FC0DFE2EFC25FE0EF60A2
:104BF800300B6FC01FE25C49E1175CC95CC5835785
:104C08002501A1072319F50083570501A1072318DA
:104C1800F5008280F1473305F50297F7FF1F938768
:104C2800275B9C433E9582808D476317F60603D722
:104C38004600854763F2E706EFC27FDB3685368498
:104C48002E89EF10401A39C1835744009314050187
:104C5800C18063ED97022285EF10E018FD1423123E
:104C680094009307A002630EF5009307B002630156
:104C7800F50293079002631BF5002285EFC0D07000
:104C880031A00146CA852285EF80E0016FC07FD838
:104C98002285EF003056DDBF828097F6FF1F93868E
:104CA80066539C42014599CF9843D44217F6FF1F9B
:104CB8002322E6526396D70097F6FF1F23AEE650ED
:104CC8001385C7FE8280EFC29FD27D2E71443305C3
:104CD80085029145EF70405501E565556FC07FD35A
:104CE80097F7FF1F23A4A74E452633058502914554
:104CF800EF7080537DD197F7FF1F23ABA74C692630
:104D080097F7FF1F239EA74A412697F7FF1F239A6D
:104D1800A74A978701009387E7C317F7FF1F232543
:104D2800F74A97070000938747ED17F7FF1F232BD4
:104D3800F748014565B7EFC29FCBAA8517F5FF1F56
:104D480013050548EF10001E6FC0BFCCEFC23FCA65
:104D5800DD37EF10A01E97F7FF1F9387A7479C43E7
:104D680081CF1387C7FE09CB83D5C7FF17F5FF1F70
:104D78001305C546EFF0E02A6FC0BFC9EFC23FC7B1
:104D8800293F11C9834785002A8493F7070491E7CF
:104D98000355E500653F6FC0DFC78347C50093042F
:104DA800450117F9FF1F1309E94285E38327090025
:104DB8005CC997F7FF1F23AF974083274900E1FF9E
:104DC80097F7FF1F23AA9740F9B7FD172306F500A9
:104DD8006105EF6060728307840063C90704834735
:104DE800840093E707F82304F400EF0071504205AC
:104DF800A94741813375F5028347840093F707FC7F
:104E0800C98F2304F4008347D4003E951C4023181F
:104E1800A40089CF984319CB8347C40050408145EB
:104E280085073305F502420541810297832709006A
:104E38005CC897F7FF1F23AF97388327490089E796
:104E480097F7FF1F23AA97388347C400A9D783552C
:104E5800040117F5FF1F13056538EFF0801C25BF07
:104E6800EFC2FFB897F7FF1F9387875C9C47014401
:104E78008583858B81EFAE84B2853A86EF10601109
:104E88002A8409C5EF106008829408CC22856FC077
:104E98005FB8EFC23FB441112E8932C6AA89692C86
:104EA800324713060502CA86970500009385C5D6C2
:104EB80017F5FF1F1305C53065372A8429CD9304DC
:104EC800C50065261946AA852685EF0090658545A3
:104ED8002685EF00706217850100130565A54E95BC
:104EE800834505002685EF00B0655C48314681455D
:104EF800A1075CC85CC483572401E1172319F40097
:104F080083570401E1172318F4001C4C3E85EFC0B9
:104F18001FB1A3042501228541016FC0FFAEEFC276
:104F28001FAD4111AA842EC632C4EF106000004D97
:104F3800B2452246834784000CC050C093F7F7035C
:104F480093E707042304F400231804002685EF00E0
:104F5800D07B83479400A9462317A40013D73700B2
:104F680005073307D7029D8B85072306F400A306A0
:104F7800E40083C70401D8488507230FF7FE17F715
:104F8800FF1F130727255843232A040093074401CA
:104F98001DEB17F7FF1F2321F72417F7FF1F232BFC
:104FA800F72217F4FF1F130464232285EFE0307DF6
:104FB8001C44858B5D8D09E581452285EFF06006EF
:104FC80041016FC01FA51CC317F7FF1F2326F72039
:104FD800C9BFEFC2DFA197050000938525C501452C
:104FE800EFF09FBF01456FC0DFA2EFC25FA0EFF0F7
:104FF800DFBF6FC01FA28347C500A1E7EFC23F9F75
:105008002A840355E500EFF01FD315C983478400B0
:1050180093F7F7FB2304F4001C4091C7DC4381C7D6
:105028004C4001458297EFF05FC717F5FF1F130546
:10503800E51AEFF080000355E400EFF03FD16FC0B0
:105048005F9D8280EFC2BF9A97F7FF1F93878718EB
:10505800970500009385C5D217F5FF1F130505189E
:1050680023A0070023A20700EFE0D06F6FC07F9A4C
:105078001C4D91CBDC4381CBEFC27F978345070062
:1050880082976FC01F99828097F7FF1F93874717F2
:105098009C4303C50700828097F7FF1F9387471635
:1050A8009C4303C51700828097F7FF1F9387471516
:1050B8009C4303C52700828097F7FF1F93874714F7
:1050C8009C4303C54700828097F7FF1F93874713C8
:1050D8009C4303C53700828097F7FF1F93874712C9
:1050E8009C4303C55700828097F7FF1F938747119A
:1050F8009C4303C56700828097F7FF1F938747107B
:105108009C4303C57700828097F7FF1F9387470F5B
:105118009C4303C58700828097F7FF1F9387470E3C
:105128009C4303C59700828097F7FF1F9387470D1D
:105138009C4303C5A700828097F7FF1F9387470CFE
:105148009C4303C5B70011E11D45828097F7FF1FF7
:105158009387070B9C4303C5C700828097F7FF1FFF
:105168009387070A9C4303C5D700828097F7FF1FE0
:10517800938707099C4303C5E700828097F7FF1FC1
:10518800938707089C4303D50701828097F7FF1F81
:10519800938707079C4303C52701828097F7FF1F62
:1051A800938707069C4303D54701828097F7FF1F23
:1051B800938707059C4303D56701828097F7FF1FF4
:1051C800938707049C4303D58701828097F7FF1FC5
:1051D800938707039C4303C5A701828097F7FF1FA6
:1051E800938707029C4303C5B701828097F7FF1F87
:1051F800938707019C4303C5C701828097F7FF1F68
:10520800938707009C4303C5D701828097F7FF1F48
:10521800938707FF9C438857828097F7FF1F9387E0
:1052280027FE9C4303D5C702828097F7FF1F938709
:1052380027FD9C4303D5E70219E11305800C828002
:1052480097F7FF1F9387C7FB9C4303C5070382801B
:1052580097F7FF1F9387C7FA9C43C85B828097F72D
:10526800FF1F938767F98843828097F7FF1F93870B
:10527800E7F88843828019E17D558280F5DE9842FF
:1052880065DFFDD917F7FF1F1307871A1847AA8785
:105298007155058B6316072203C507001547E37D83
:1052A800A7FC03C737001305F0057D171377F70F21
:1052B800E364E5FC03C35700E30003FC83C867000D
:1052C800E38C08FA03C77700494579171377F70F76
:1052D800E364E5FA03C7A70011481305F7FF137540
:1052E800F50FE36BA8F803CE97000D481305FEFFF2
:1052F8001375F50FE362A8F803C8B700630908003F
:1053080065181378F80F1305600DE36705F703C5F3
:10531800C700794879151375F50FE36FA8F403C82A
:10532800D7000D457D181378F80FE36705F503D806
:105338000701930E40175118420813580801E3ED6E
:105348000EF303C8E7007D181378F80FE36605F33A
:1053580003C827017D181378F80FE36F05F103C818
:105368008700C54E75181378F80FE3E70EF103D8D8
:105378006701856E938EBEE06D18420813580801C8
:10538800E3EC0EEF03D847016D18420813580801E3
:10539800E3E40EEF03D8870179184208135808018F
:1053A800E36C05ED03C8A7017D181378F80FE365D2
:1053B80005ED03C5B7011D487D151375F50FE36DA0
:1053C800A8EA03C5D701714879151375F50FE36588
:1053D800A8EA03D5E7011308E00F7D1542054181CE
:1053E800E36CA8E803C50702494879151375F50F5A
:1053F800E364A8E883AE470237C534001308F5BF55
:10540800E36CD8E703A88702130555BF5918E3656D
:1054180005E717F5FF1F2323C5DE03C6050117F5AA
:10542800FF1F232FF5DC0545E378C5E403D82501E4
:10543800D04933760603E31106E403C61501E30DEC
:1054480006E217F6FF1F2329B6DA83C527000146AF
:105458006387A50003C61700F1453306B60283C764
:1054680007039305C00272971A071307C7051603A7
:105478001A9796084697B387B70241553E973297D1
:1054880042074183636EE802EFC26FD63685EF604C
:10549800D063EFD0F0142A84EF80F0102A94EFC084
:1054A800D0182A94EF60507B2A94EFF0DF812A9479
:1054B800EF2010612A94EF50A06122956FC06FD53C
:1054C8008280EFC2CFD24111A307A100EF80C011A3
:1054D8009305F100170500001305C5B9EFF00FD2C9
:1054E800014541016FC0EFD2EFC2EFCD17F4FF1FA6
:1054F800130404F40328840079599368180097F476
:10550800FF1F23AB14F313781800631E0800BA8436
:10551800BE89368B328A2E89AA8AEFE07FDC7D1518
:10552800269509E531594A856FC06FCDEFE05FDBFD
:105538007D152695A167E357F5FE97F7FF1F93871B
:10554800E72598433E8C814B11C70145EFC0F031E8
:10555800933B15004A85DA865686D285EF70B02AC5
:105568002A8911CD1C44F99B17F7FF1F2326F7EC56
:1055780083270C00CDDBE3880BFA82976DB726856D
:1055880097F7FF1F23A807EAEFE05FD24146CE85D1
:1055980017F5FF1F130545F3EF50510DEFA0A07B42
:1055A8000325040BEFA0A07D0545EFA0B00305453A
:1055B800EFF03FF18DBF97F7FF1F938767E79C4791
:1055C800858BD5C7EFC2AFC217F5FF1F130505EED0
:1055D80097F7FF1F23AE07E497F7FF1F23AC07E4F5
:1055E80097F7FF1F23AA07E4EFE03025EF30D07FBD
:1055F800EFE0C07CEFE0500197F7FF1F9387C7E10A
:105608009C4381C70545EF60B02797F7FF1F938735
:1056180067CA9C4389C741657D15EF500067EFC095
:10562800B02DEFA0207497F7FF1F938727F59C43B1
:105638001397170163540700EFC0E03897F7FF1F6F
:1056480023A407E897F7FF1F23A207E897F7FF1F90
:1056580023A007E897F7FF1F23AE07E6EFF0FF98B0
:105668009D23EFF0EFC0EFC0C05A6FC08FBA8280A1
:10567800EFC24FB62A849304140201112E85B28911
:10568800A685214636C63A89EF50E17B1DE1B24630
:1056980038082686CE8513059404EF4080402146BD
:1056A8002C084A85EF50217A1335150005616FC023
:1056B800AFB50145E5BFEFC28FB39305450617F5B2
:1056C800FF1F130525B4EFE0D0156FC08FB4EFC2EC
:1056D8000FB241112EC6EFF08FC5B24588C1410106
:1056E8006FC02FB3EFC20FAFAA842E84EF60106E85
:1056F800AA8985452285A92583C7E40113899408C9
:1057080099E313890403CE8522851D2D214693052F
:1057180019022285392597F7FF1F938767D18C4394
:105728002285EF0060682146938584022285D52B67
:105738006FC08FADEFC22FA93971EFC0E043930559
:10574800400645EDEF609065630E051097F7FF1F63
:1057580083C707AD13B7170097F6FF1F2382E6AC80
:10576800014489CFC16417F9FF1F130969CC930954
:10577800400EFD14EFF05F9A6348A408EFF02FBBCA
:105788004169B7290900096AFD7A2A8B81447D1984
:105798009389F97B130A0A71938A8AC7EFF0DF9716
:1057A80063D5A4041304400EB387840217F7FF1FC0
:1057B800130707C80324070B3E948357C401638665
:1057C800270918403307EB4063EAE90083474400A0
:1057D8008507B3874703D6976369F706014681456E
:1057E8000945EFF00FEBAA8B29E1EF209059854787
:1057F800631FF50489659385057117F5FF1F130568
:1058080065A0EFE01002A1A8B30734030327090B32
:10581800BA9703D7C7016308970003C75700A38245
:1058280007002382E7000504B1B79305C500228568
:10583800EFF05FEB5E8522869775010093858510F2
:10584800EFF0EFED5E85EF00606F850481BF97F79D
:10585800FF1F9387E7BD9C478D83858BC1FF21611F
:105868006FC0EF9901468545094502D002D202D49E
:1058780002D6EFF00FE2AA847DD1EFC0202F138962
:10588800C4002A8481454A8565290C4041464A85D9
:10589800492983294400638809084E8502D802DA19
:1058A80002DC02DEEF50E17E2ACE141005462C08F9
:1058B80008184ECCEF4080161375F50F2DE583556B
:1058C800840093E525004A854D2911460C104A8528
:1058D8008929014697750100938545072685EFF0CC
:1058E8000FE42685EF0080655C40B5DB0146854501
:1058F8000D45EFF00FDAAA843DD148401389C40062
:10590800EF5021792AC64A85E12E3246636AC500DE
:105918004C404A853921014681452685EFF02FE024
:105928002685292D2DBF8355840071BFEFC22F8C8A
:1059380097F7FF1F9387C7AF9C4719CD93E7870059
:1059480017F5FF1F1305058C17F7FF1F2326F7AE62
:10595800EFE0C06B6FC0EF8BDD9B17F7FF1F232DA8
:10596800F7ACEF2010427DF517F5FF1F1305858969
:10597800EFE0A06CC5B7EFC20F854169AA892E8AEE
:10598800B28A368BBA8B814417FCFF1F130C4CAAC2
:10599800930C400E7D19EFF02FF863C4A400014466
:1059A8002DA03384940383270C0B3E948357C401A2
:1059B800638027055A87D6865286CE851305040349
:1059C800EFF01FCB11C523800B0022856FC02F83FA
:1059D8008347F40191CF5A87D6865286CE85130520
:1059E8009408EFF0FFC809C585472380FB00F1BF85
:1059F800850455B783574500638D0716EFB29FFDA1
:105A080001112A84CD2619C58547630AF504056165
:105A18006FB09FFFEFC040167DF983574400494798
:105A2800ED9BE396E7FEC1452285612CAA84228579
:105A3800D52E0357440002CE91472A896317F700F1
:105A4800228519293C082ACC3ECEEFC020125C558D
:105A5800DDDF74084A86A685054582974DBF035742
:105A68004400D147E3F5E7FA032A0400C169014974
:105A780097FAFF1F938ACA9B130B400EFD19EFF08C
:105A8800AFE96344A90C2285032A0400A92EA14585
:105A98002A8922853D24AA8422857D2E14402A86BF
:105AA800AA8978082685CA85EFF0FFECAA8425D153
:105AB80003C7F40189476315F7008347C101A1DBD8
:105AC8005546D28513856400EF50413A0145EF6091
:105AD800D02D01C583D7C401B1EB97F7FF1F93877A
:105AE80027959C4793551900858913D73700058B4F
:105AF80011CB8983858B6397B70001452EC6EFF0DC
:105B0800FFE2B2454E85EF6030320346C1012A8478
:105B1800937519002685EF70702631C92685EF60C8
:105B2800302D268511C00145EF609057EF20702574
:105B38008547E31EF5EC83C754001307F00FE3888D
:105B4800E7EC8507A382F400D9B5B304690383A7FA
:105B58000A0BBE9483D7C401638937015546D285A1
:105B680013856400EF50212E71D1050909BF5DDC52
:105B78005DBF8280EFB21FE6EF60502211CDC16495
:105B8800014417F9FF1F1309A98A9309400EFD1450
:105B9800EFF08FD8634AA40017E5FF1F1305856649
:105BA800EFE0C0466FB05FE6330534038327090B87
:105BB8003E958357C5016386970023120500EF6061
:105BC80030230504F1B797F7FF1F938767869C4733
:105BD8008D83858B99EBEFB29FE117E5FF1F1305C6
:105BE8006562EFE080456FB0DFE28280EFB23FE0B0
:105BF80097050000938545B417E5FF1F13058560D9
:105C0800EFE040366FB0FFE083C7F5FF2E858507CC
:105C1800A38FF5FE828083C7F5FFFD1793F7F70F73
:105C2800A38FF5FE89EBEFB29FDC1385F5FFEFF04C
:105C3800B03C6FB01FDE8280EFB27FDB8841050584
:105C480042054181EFF0704009C585472300F50002
:105C580005056FB01FDC1C41035745008D8FBA95B1
:105C68001CC12312B5003E85828093D78500A2050A
:105C78001441DD8D835745001387E6FF18C1890756
:105C88002312F50013D685004111238FB6FEA38F8A
:105C9800C6FE4101828018419307F7FF1CC1835754
:105CA800450085072312F500A30FB7FE82808357AE
:105CB80045008D8F2312F5001C41BE950CC12E8521
:105CC8008280AA8703D7470008410D8FAA9523929F
:105CD800E7008CC38280184108453305A7408280BD
:105CE80083574500035765001D8F1C4108453385C0
:105CF800A7403305A7408280EFB27FCF41112EC65F
:105D08002A84EFF0FFFDB2456373B50001A0835705
:105D180044000840BE952312B4003E9541016FB07F
:105D28005FCFEFB2DFCC41112E84B28532C6EFF0DF
:105D3800BFFC3246A285EF50611341016FB07FCDA1
:105D4800EFB2FFCA2E848545EFF01FFB23008500C4
:105D58006FB03FCCEFB2BFC941112317B1008945DD
:105D6800EFF09FF98347E1002300F5008347F10036
:105D7800A300F50041016FB0DFC9EFB25FC793D749
:105D88008500A2054111DD8D2317B1008945EFF08B
:105D9800BFF68347E1002300F5008347F100A30025
:105DA800F50041016FB0FFC6EFB27FC413978501BC
:105DB80093D78501C166938606F0D98F13D78500DE
:105DC800758FD98FA2053707FF00F98D4111DD8D39
:105DD8002EC69145EFF05FF26C001146EF500109B5
:105DE80041016FB01FC3EFB29FC01C41854503C47A
:105DF8000700EFF0DFEB22856FB0BFC1EFB23FBF06
:105E08001C414111894503C7070083C717002307B1
:105E1800E100A307F100EFF09FE90355E10041011C
:105E28006FB03FBFEFB2BFBC1C414111894503C7EA
:105E3800070083C717002307E100A307F100EFF06D
:105E48001FE78357E100410113D58700A2075D8D45
:105E5800420541816FB0FFBBEFB27FB90C414111E0
:105E68002A8411466800EF50610091452285EFF0C1
:105E78001FE4B247C166938606F01397870113D5CE
:105E88008701598D13D78700758F598DA20737075A
:105E9800FF00F98F5D8D41016FB0BFB71C45BE95FE
:105EA8000CC18280AE87944391E6584101EF0CC142
:105EB8005CC1828003C7570013671700A382E700FD
:105EC800B687D5B70CC3EDB7AA87084119CD1841D5
:105ED800D44398C36313D500D8C32A870346570011
:105EE8009376160081E6232007008280944381CAB6
:105EF8008C4203A847008CC363930601CCC3799AEC
:105F080014C3A302C7003687D1BF1C45DC471D8DCB
:105F1800B777DBB6938777DB09853305F50242054A
:105F280041818280F147B385F50248452E958280EC
:105F38008347450085072302F5008280EFB23FAB17
:105F48002A8419E06FB0FFAC83474400E5DFFD17F2
:105F580093F7F70F2302F400F5F71C4403D7270043
:105F680005072391E700DC4399C3228582974C48B3
:105F780089CD83475400898B99E71C4422859C4727
:105F88009C439C478297232A040000402320040056
:105F98004DBFEFB2DFA58357250041112EC691E70B
:105FA8000144228541016FB0DFA6035705008147F0
:105FB800F146E307F7FEB385D702404585072E94DF
:105FC8008345440008C4F5F5B247AA8481E7232A2B
:105FD800040009A81C456C0022859C439C438297B9
:105FE80048C85DDD85472312F400B247232004002A
:105FF800231804002319F4005C485CC483D72400E8
:10600800FD172391F40071BFEFB27F9E97E7FF1F42
:10601800938747218843232605002324050041054B
:10602800EFE0A0016FB0FF9EEFB27F9C17E4FF1F67
:106038001304441F1C40411189CF9C472300B5001D
:106048002AC65CC1EFF05FFC1C40DC4399C33245B3
:10605800829741016FB0FF9B034745001DEB584DE8
:10606800AA877D550DCBEFB29F981CC3DC4797E6F6
:10607800FF1F23A9E61AF156130507012390D7003D
:106088009705000093858501EFD0D06D01456FB06D
:106098005F987D5582808280EFB27F9501116146BD
:1060A80081452800EFB0BF9797E7FF1F93878717B1
:1060B8009C4328009305F00FDC473EC6EFF0DFF65F
:1060C80005616FB01F9597E7FF1F9387A7159C433E
:1060D800D847A1679387C7026312F70A397106DEAA
:1060E80022DC26DA80004AD84ED652D456D23285DF
:1060F800B284EFF05FCFAA892685EFF03FD023184E
:10610800A4FC2685EFF09FCF2319A4FC2685EFF089
:10611800FFCE83D744000A8A231AA4FC858393F709
:10612800F70F230EF4FC8607BD0793F7073F3301EB
:10613800F1408A8A01498347C4FD6365F902CE8527
:10614800130584FC232C54FDEFF01FEE528113013C
:1061580004FCF2506254D2544259B259225A925A0B
:10616800216182802685EFF07FC993171900D697A1
:1061780005092390A7001379F90F75BF828097E767
:10618800FF1F9387270A9C43D847A1679387A702D5
:106198006310F70A397106DE22DC26DA80004AD855
:1061A8004ED652D456D23285B284EFF0DFC3AA89D4
:1061B8002685EFF0BFC4FD572318A4FC26852319B4
:1061C800F4FCEFF0BFC383D744000A8A231AA4FC67
:1061D800858393F7F70F230EF4FC8607BD0793F723
:1061E800073F3301F1408A8A01498347C4FD63654B
:1061F800F902CE85130584FC232C54FDEFF0DFE271
:106208005281130104FCF2506254D2544259B259DB
:10621800225A925A216182802685EFF03FBE931759
:106228001900D69705092390A7001379F90F75BFB0
:10623800828097E7FF1F9387E7FE9C43D847A167B3
:1062480089076318F708397106DE22DC26DA800030
:106258004AD84ED652D456D232853289EFF0BFB8DA
:10626800AA894A85EFF09FB9835749000A8A2318FB
:10627800A4FC858393F7F70F230CF4FC8607BD076E
:1062880093F7073F3301F1408A8A8144834784FDAD
:1062980063E5F402CE85130584FC232A54FDEFF050
:1062A800BFD85281130104FCF2506254D2544259AF
:1062B800B259225A925A216182804A85EFF01FB45E
:1062C80093971400D69785042390A70093F4F40FAE
:1062D80075BF828097E7FF1F9387C7F49C43D84711
:1062E800A1679387E7046312F70A397106DE22DC97
:1062F80026DA80004AD84ED652D456D23285B28495
:10630800EFF07FAEAA892685EFF05FAF2318A4FCD3
:106318002685EFF0BFAE231AA4FC2685EFF01FAE4A
:1063280083D744000A8A2319A4FC858393F7F70FBF
:10633800230EF4FC8607BD0793F7073F3301F140AE
:106348008A8A01498347C4FD6365F902CE8513052E
:1063580084FC232C54FDEFF03FCD5281130104FC43
:10636800F2506254D2544259B259225A925A216177
:1063780082802685EFF09FA893171900D697050904
:106388002390A7001379F90F75BF828097E7FF1F45
:10639800938747E99C43D847A1679387C70463104D
:1063A800F70A397106DE22DC26DA80004AD84ED692
:1063B80052D456D23285B284EFF0FFA2AA8926853C
:1063C800EFF0DFA3FD572318A4FC2685231AF4FC5D
:1063D800EFF0DFA283D744000A8A2319A4FC85833F
:1063E80093F7F70F230EF4FC8607BD0793F7073FD3
:1063F8003301F1408A8A01498347C4FD6365F90284
:10640800CE85130584FC232C54FDEFF0FFC1528187
:10641800130104FCF2506254D2544259B259225A20
:10642800925A216182802685EFF05F9D93171900AB
:10643800D69705092390A7001379F90F75BF8280B5
:1064480097E7FF1F938707DE9C43D847A167DD07BF
:10645800631BF702EFB2AFD9797132853284EFF05E
:106468009F982AC62285EFF07F992311A1022285E1
:10647800EFF07F97B2452300A1022808EFF0DFBABA
:1064880045616FB00FD9828097E7FF1F938787D93F
:106498009C43D847A16793878704631BF702EFB231
:1064A8000FD5797132853284EFF0FF932AC62285A1
:1064B800EFF0DF942311A1022285EFF0DF92B245BD
:1064C8002300A1022808EFF03FB645616FB06FD4F2
:1064D800828097E7FF1F9387E7D49C43D847A1673B
:1064E8009387A704631CF700EFB26FD0011128004F
:1064F8008145EFF07FB305616FB0AFD1828097E738
:10650800FF1F938727D29C43D847A16793875702D9
:106518006311F702EFB2AFCD01113285EFF0BF8CF6
:106528002308A10081452800EFF01FB005616FB076
:106538004FCE828097E7FF1F9387C7CE9C43D847EB
:10654800A1679387E702631FF702EFB24FCA0111F1
:1065580032853284EFF09F8AAA842285EFF01F8A61
:10656800854719E52285EFF01F884205B337A0005B
:1065780028008145231891003ECAEFF0FFAA056163
:106588006FB02FC9828097E7FF1F9387A7C99C43E5
:10659800D8479947631FF704EFB26FC57971328501
:1065A8003284EFF05F842AC62285EFF03F852310FE
:1065B800A1022285EFF03F832301A1022285EFF09B
:1065C8009F82A301A1022285EFF0FF812302A1028D
:1065D8002285EFF05F812313A1022285EFF0BF80AF
:1065E800B2452314A1022808EFF01FA445616FB03B
:1065F8004FC2828097E7FF1F9387C7C29C43D84743
:10660800A1679387C703631FF704EFB24FBE797181
:1066180032853284EFF02FFD2AC62285EFF00FFE77
:106628002310A1022285EFF06FFD2311A10222851C
:10663800EFF06FFB2302A1022285EFF0CFFAA3024D
:10664800A1022285EFF02FFA2303A1022285EFF0A1
:106658008FF9B245A303A1022808EFF0FF9C45611A
:106668006FB02FBB8280EFB28FB801112A84EFF090
:106678008FF7AA842285EFF06FF82285EFF00FF8E4
:10668800035744008D4763F5E7002285EFF00FF7C5
:106698002285EFF0AFF62800A685EFF0FF98056198
:1066A8006FB02FB797E7FF1F9387C7B79C43D847AB
:1066B800A167FD076319F700EFB26FB33285EFF0FA
:1066C8009FFA6FB00FB5828097E7FF1F938787B552
:1066D8009C43D847A167E5076311F706EFB22FB1CE
:1066E800797132853284EFF00FF02AC62285EFF0F7
:1066F800EFF02285EFF08FF02310A1022285EFF052
:10670800EFEF520551812311A102228523020102D4
:10671800EFF06FEDA302A1022285EFF0CFEC230387
:10672800A1022285EFF02FECB245A303A1022808AD
:10673800EFF09F8F45616FB0CFAD828097E7FF1F65
:10674800938747AE9C43D847A1679387E7036319AC
:10675800F700EFB2CFA93285EFF0FFF06FB06FAB63
:10676800828097E7FF1F9387E7AB9C43D847A167D1
:10677800938747046314F702EFB26FA779713285E4
:106788003284EFF04FE62AC62285EFF02FE7B245B4
:106798002808EFF07F8945616FB0AFA7828097E73F
:1067A800FF1F938727A89C43D847A1679387870231
:1067B8006316F702EFB2AFA3797132853284EFF036
:1067C8008FE22AC62285EFF00FE2B2452300A1022C
:1067D8002808EFF07F8545616FB0AFA38280EFB2E4
:1067E8000FA10111EFF02FE0AA852800EFF0DF8359
:1067F80005616FB00FA297E7FF1F9387A7A29C437D
:10680800D847A167D1076319F700EFB24F9E3285C9
:10681800EFF0FFFC6FB0EF9F828097E7FF1F938731
:1068280067A09C43D847A167C5076319F700EFB273
:106838000F9C3285EFF0BFFA6FB0AF9D828097E76B
:10684800FF1F9387279E9C43D847A167B907631901
:10685800F700EFB2CF993285EFF07FF86FB06F9BFA
:10686800828097E7FF1F9387E79B9C43D847A167E0
:10687800AD076319F700EFB28F973285EFF03FF657
:106888006FB02F99828097E7FF1F9387A7999C4342
:10689800D84789476310F702EFB26F950111328527
:1068A80032C8EFF04FD4AA852800EFF0EFF7056162
:1068B8006FB02F96828097E7FF1F9387A7969C4318
:1068C800D847A1678D076317F702EFB24F920111FE
:1068D80032853284EFF02FD113066100AA844C0070
:1068E8002285EF20D00C2800A685EFF0EFF3056194
:1068F8006FB02F92828097E7FF1F9387E7929C43A0
:1069080081CBDC4391C7EFB28F8E82976FB06F90C7
:106918008280EFB2CF8D79713C08AE843ED2A165FA
:10692800B7070A002A843ED448103C08DD053ED645
:1069380036C432C63AC2EFD01FB312474810BA85E0
:10694800EFF00FC032464810B285EFF0AFC0A24654
:106958004810B685EFF0CFBE501001478146A68596
:106968002285EFD09FD045616FB0AF8AEFB22F88F4
:1069780001117C000329C501AE843ECAA165B70791
:1069880007002A843ECC48087C00C5053ECEEFD0DF
:106998009FAD8345D9004808EFF08FBA50080147EA
:1069A8008146A6852285EFD05FCC05616FB06F86E2
:1069B800EFB2EF8383C7950093F7F707A384F50039
:1069C800EFF0DFFA6FB0EF84EFB26F8279713C08B5
:1069D800AE843ED2A165B70709002A843ED4481088
:1069E8003C08938545043ED632C636C4EFD0BFA7CF
:1069F800A2464810B685EFF0AFB432464810B285CB
:106A0800EFF04FB5501001478146A6852285EFD09B
:106A1800DFC545616FA0FFFFEFA27FFD83C795002B
:106A280041112A8493F7F707A384F50032852EC60F
:106A3800EFF0CFBC85672AC4637CF500EF50F036D1
:106A48002246B24509E9114781462285EFF07FECDD
:106A580041016FA01FFC01478346F501FDB7EFA276
:106A68007FF701113C003ECAB7070A003ECC3C0044
:106A78003ECE83C79500AA89328593F7F707A3848A
:106A8800F5002E84EFF08FB785676371F504A16573
:106A9800AA84938585044808EFD0FF9C2685EF508B
:106AA800D0302A891DE591454808EFF06FA9A685E1
:106AB8004808EFF02FAACA854808EFF06FA80147E9
:106AC80081465008A2854E85EFD03FBA05616FA078
:106AD800BFF381454808EFF0AFA603490902C1BFDB
:106AE800EFA25FEF79711C103ECAB7070F003ECCCA
:106AF800404D1C10AA84AE894808994532C636898B
:106B08003ECEEFD05F9632464808B285EFF04FA3ED
:106B180063040902A5454808EFF00F9E2546CA857B
:106B2800EF40C134500801478146CE852685EFD015
:106B3800DFB345616FA05FED8355C4024808EFF0ED
:106B48006FA10355E402814515C185478545630F4B
:106B5800F500C167FD179305F00F6309F5007D1572
:106B6800EF50606A9305150093F5F50F4808EFF0AC
:106B78002F9D834504034808EFF08F9C8345140339
:106B88004808EFF0EF9B835524034808EFF08F9CEB
:106B9800835544034808EFF0EF9B69B7EFA23FE540
:106BA80083C795008146014693F7F707A384F5004C
:106BB800EFF01FF36FA0FFE5EFA27FE379713E844A
:106BC8001C103ECA2E89B7070F00A1653ECCFD05F3
:106BD8001C10AA84480842C03AC23ECE36C432C607
:106BE800EFD07F8832464808B285EFF06F95A2460D
:106BF8004808B685EFF00F9612474808BA85EFF0B7
:106C08006F9502486304080291454808EFF0CF8E5B
:106C18001146A285EF408125500801478146CA8563
:106C28002685EFD09FA445616FA0BFDE894548083F
:106C3800EFF08F8C834704002300F500834714008E
:106C4800A300F500D1BFEFA2FFD883C795000111BB
:106C58002A8A93F7F707A384F5003285AE8432C6F3
:106C6800EFF0CF9932462A893285EFF0CF978567C2
:106C7800637FF900AA894A85EF5030132A8419E9FD
:106C8800114781464A86A6855285EFF09FC805615F
:106C98006FA09FD79387E9FF93F7F70F0547E3683E
:106CA800F7FE8347F50195E78947E382F9FE8346B6
:106CB800F401528501474A86A685EFF09FC5A16772
:106CC800D90748083ECC230A010002CEEFF0BFC224
:106CD8007DBF639CE7008947639CF90093071020F8
:106CE800231FF500EF50D010D9B70947E391E7FC0F
:106CF8008D47E39EF9FA2285EF50103297D7FF1F90
:106D0800938787719C4399E797D7FF1F9387875A83
:106D18009C4389C703D50400EF60B001231F04001A
:106D28002285C9B7EFA2BFCC01113C003ECAB70704
:106D38000B003ECC3C003ECE83C795002A893285A5
:106D480093F7F707A384F500AE84EFF02F8B931722
:106D58000501C187635EF004A1652A849385E50275
:106D68004808EFD04FF0A2854808EFE0BFFE97D75C
:106D7800FF1F938727549C439DEF01449375F40F9D
:106D88004808EFE0FFFB9355844093F5F50F48085A
:106D9800EFE01FFB9355044193F5F50F4808EFE02A
:106DA8003FFA014781465008A6854A85EFD0FF8BF8
:106DB80005616FA01FC6416585460546A2857D15FC
:106DC800EF3010655DD95105EFD0601B1304400604
:106DD8003344850265B7EFA29FC10111B7070600CA
:106DE8003EC683C7950021642A8993F7F707A384D1
:106DF800F500AE8428009305A4040AC40AC8EFD09D
:106E08008FE6300001478146A6854A85EFD0FF8589
:106E1800EFE06FFA13049404480822CC230A010017
:106E280002CEEFF05FAD05616FA0BFBEEFA29FBAC3
:106E3800C1642A89014497D9FF1F9389695F130A9E
:106E48008002FD14EFE04FAE6345A40001456FA03A
:106E5800BFBBB307440303A7C90ABA9703D7070000
:106E68006306970083D72700638427010504D9BFE9
:106E78000545F1BFEFA21FB62A8A2E8999C123A022
:106E880005008149814497DAFF1F938A2A3A614BAA
:106E9800EFE0CFAF63C5A4004E856FA0FFB6338483
:106EA800640383A70A003E948357040099E76304A8
:106EB8000900232089008504E1BF4146D2851305D6
:106EC8004400EF30517865F9A289F5B7EFA29FB079
:106ED80039717C083ED4B7070A003ED67C083ED8F4
:106EE80083C795002A8A328593F7F707A384F500AC
:106EF8002E8932C6EFE09FF085676373F506324648
:106F0800AA843285EFE03FEE8547AA8963EAA704A1
:106F1800A165938585042810EFD0EFD42685EF501E
:106F2800C0682A8429E191452810EFE07FE1A68511
:106F38002810EFE03FE2CE852810EFE07FE0014720
:106F480081463010CA855285EFD02FF2A16793870A
:106F5800770448183EDC230A010202DEEFF0BF99ED
:106F680021616FA07FAA81452810EFE07FDDA6850B
:106F78002810EFE03FDE97E7FF1F9387E7819C43E8
:106F880091C7228563870900EFB0E00183450402B9
:106F980065B7EFB0A000DDBFEFA2DFA383C7950000
:106FA8004111AA8993F7F707A384F5003285AE84C7
:106FB800328AEFE0BFE48567637BF5022A89EF50E8
:106FC800C05E2A84914621C18347F5010547638342
:106FD800E70291C70D47636EF702AD462DA09305F2
:106FE800050303250A004146EF30F1651DE1410123
:106FF8006FA09FA19305950803250A004146EF302D
:107008009164814679F94A86A6854E85EFF0DF9B23
:10701800F9BF83250A0013059408EF50F07619C1CB
:10702800C146D5B797D7FF1F9387073F9C4399E77A
:1070380097D7FF1F938707289C4389C72285EF604E
:10704800204A79FD8547A30FF4002285EF8030534D
:107058002285EF50E0594E8581464A86A685EFF095
:10706800BF96A1679387570448003EC423020100D6
:1070780002C6EFF05F88A5BFEFA2FF9483C7950013
:107088004111AA8993F7F707A384F50032852E8961
:10709800B28AEFE0BFD685676370F50CAA84EF501B
:1070A800C0502A841DE9416B014A97DBFF1F938B6F
:1070B8002B38130C400E7D1B19A833048A0383A7B1
:1070C8000B0B3E948357C401638D6703050AEFE0F9
:1070D800AF84E344AAFE954639A88357C501639255
:1070E80097029305050303A50A004146EF30B15501
:1070F800994611E181462686CA854E85EFF0DF8CD8
:10710800A1A883A50A0013050403EF50F067C14640
:107118007DF12285231E9400EF8070462285EF5072
:10712800204D97D7FF1F938727679C438DCB23005C
:1071380004022285EFA010574E8581462686CA850F
:10714800EFF09F88A1679387070448003EC4230295
:10715800010002C6EFF02FFA41016FA05F8A89474C
:107168002300F402D1BF397106DE22DC4AD8800040
:1071780052D456D25AD026DA4ED65ECE2E8A3289CC
:107188002A8BEFD07FF60605710541998A8A33016B
:10719800A140232224FC231404FCEFD0FFF48347EE
:1071A8009A000605350593F7F7072315A4FCA304F1
:1071B800FA004A85232624FCEFE05FC493170501F3
:1071C800C1876340F0025681130104FCF2506254F7
:1071D800D2544259B259225A925A025BF24B216157
:1071E8008280AA844A85EFE07FC1AA894A85EFE0B8
:1071F800FFC0A1659385C5022A89130544FCEFD019
:107208008FA62685EFD04F9C854501C94A86CE8535
:10721800EFD00F96AA8B15ED8945130544FCEFE0D6
:107228003FB2A685130544FCEFE0DFB2CE85130517
:1072380044FCEFE03FB2CA85130544FCEFE09FB180
:1072480001478146130644FCD2855A85EFD0EFC129
:107258009DBF8145130544FCEFE09FAEA68513054D
:1072680044FCEFE03FAFCE85130544FCEFE09FAE52
:10727800CA85130544FCEFE0FFAD8144EFD0DFE69B
:10728800E3D0A4FC83A70B0113971400BA9783D506
:10729800070089C5130544FCEFE0DFAB8504F9BF9F
:1072A800797106D622D44AD000184ECE52CC56CA8E
:1072B80026D25AC8AE893289AA8AEFD0FFE20605DB
:1072C800690541990A8A3301A140232A24FC231C19
:1072D80004FCEFD07FE183C7990006052D0593F7DD
:1072E800F707231DA4FCA384F9004A85232E24FC58
:1072F800EFE0DFB093170501C187634FF0005281BB
:10730800130104FDB250225492540259F249624AC0
:10731800D24A424B45618280AA844A85EFE01FAE7B
:10732800A1659385A5022A89130544FDEFD0AF9383
:107338002685EFD06F89854519C5CA85EFD04F8658
:107348002A8B0DE98945130544FDEFE07F9FA6854B
:10735800130544FDEFE01FA0CA85130544FDEFE0C7
:107368007F9F01478146130644FDCE855685EFD0A1
:10737800CFAF71B78145130544FDEFE07F9CA6852B
:10738800130544FDEFE01F9DCA85130544FDEFE09A
:107398007F9C8144EFD05FD5E3D5A4FC83270B0104
:1073A80013971400BA9783D5070089C5130544FDC0
:1073B800EFE05F9A8504F9BFEFA26FE383474500CA
:1073C800404DD5E7FD574DC0834694000947636D8E
:1073D800D7080346B400854663E8C6088306E40078
:1073E80063C406085C45F9562390D70097D7FF1F5A
:1073F80083C707E499E3A304E40097D7FF1F9387A3
:1074080067EB9C4381E78947A306F40097D7FF1FE2
:10741800938787389C4381E789472306F4009705BB
:10742800000093854505AA8413050401EFC0903335
:10743800FD57231AF40281471CDC014897D7FF1F28
:1074480023A487DE97D7FF1F938747DE232E0403E5
:1074580004C08043EFD09FD361463306C5028145FF
:107468002285EFA0CFDB81473E856FA08FDAFD57DD
:10747800E5BFEFA2CFD72A8403554502EF50E012AB
:1074880009E5231E04006FA0CFD88357E401E5DF88
:10749800930504FF1765010013050585EFB09058A3
:1074A800DDB7EFA2CFD42E89A16541119385E503FD
:1074B8002A8436C432C6BE843AC2EFC0DFFA124705
:1074C8002285BA85EFE0DF8732462285B285EFE074
:1074D8007F88A2462285B685EFE0DF87630D090025
:1074E80091452285EFE05F811146A685EF3011189E
:1074F80041016FA00FD289452285EFE0EFFF83C7D6
:1075080004002300F50083C71400A300F500CDB7DD
:10751800EFA2EFCD83C79500444D054793F7F707D2
:10752800A384F5001C42411183C70700636DF7046B
:107538002E842A8985CC03C7D4006309F70217D79C
:10754800FF1F130727D7184301CFA386F400EF8046
:10755800102183C7D40089E741657D15EF30E072BB
:1075680083D72403918B99C3EFB030584A85A285FD
:10757800EFF0CFBFA167C10748003EC42302010056
:1075880002C6EFF04FB741016FA0AFC8EFA22FC6F8
:1075980003D745008D47AA8441112E8432892E8550
:1075A80063EDE700EFE09F85AA85230009002685A3
:1075B800EFC01FDF41016FA0CFC5EFE03F842AC6AF
:1075C8002285EFE0BF83B24585472A862300F9006C
:1075D8002685EFC0FFD9F9BF397106DE22DC26DA2D
:1075E80080004ED652D456D24AD85AD05ECEAE89F2
:1075F800B284AA8AEFD05FAE060513052502419929
:107608000A8A3301A140232224FC231404FCEFD06E
:10761800BFAC83C7990006054D0593F7F7072315F7
:10762800A4FCA384F9002685232624FCEFE00FFDA3
:1076380093170501C1876340F0025281130104FCCE
:10764800F2506254D2544259B259225A925A025BA9
:10765800F24B21618280AA8B03AB0400EFC0DFD616
:1076680035E983D7440001498544F11793B71700DA
:10767800A301F4FC834734FCA165BDC79385E504E9
:10768800130544FCEFC03FDEA685130544FCEFE07C
:107698002FEBDE85130544FCEFE0CFEB834734FC8A
:1076A800114691E30946DA85130544FCEFE06FE7DC
:1076B800814463080900416B7D1BEFD0FFA163C8BB
:1076C800A40201478146130644FCCE855685EFC0C7
:1076D800DFF9A5B7A685130634FCEFF03FEB93342A
:1076E80015002A89860479B79385C50451BF832775
:1076F800C90013971400BA9783D5070063866501FC
:10770800130544FCEFE00FE5850445BFEFA2AFABDE
:1077180079711C103EC4B7070F003EC61C103EC846
:1077280083C79500AA8A328593F7F707A384F500E3
:10773800AE893284EFE08FEC93170501C18763505F
:10774800F0062A8A2285EFE06FEB2A895285032BFF
:107758000400EFC07FC739E58357440081440544DE
:10776800F11793B71700A303F10083457100DA8777
:107778002287CA8652862800EFF0BFD20147814689
:107788003000CE855685EFC05FEEA1679387D7039B
:1077980048083ECC230A810026CEEFF0CF954561FC
:1077A8006FA0EFA5A28513067100EFF03FDEAA8453
:1077B800094445DD3544E30A55FB4A85EFF00FE7F8
:1077C8000D4445D50144EFD03F91634BA400C16BF4
:1077D8000144FD1BEFD05F90634EA400154471B7C0
:1077E800DC4413171400BA9783D707006381270373
:1077F8000504D1BFD84493171400BA9703D70700DC
:1078080063197701239027012685EF80404A0144B8
:10781800A9BF0504C1B7EFA2EF9B83C7950041112B
:107828002A8A93F7F707A384F50032852E893284D4
:10783800EFE0CFDC93170501C187635BF004AA89E9
:107848002285EFE0AFDB2311A1004E85832A0400D7
:10785800EFC09FB729E18357440085440144F117DD
:1078680093B71700A300F100034811000357210044
:10787800D6875285CE862686CA85EFF0EFB3A167F4
:10788800F10748003EC42302910022C6EFF0AF86FC
:1078980041016FA06F97A28513061100EFF01FCF6B
:1078A8002A84894471D18357210011678544BA9786
:1078B800C2071167C1831307F7EFE367F7FA97D792
:1078C800FF1F938767B59C4391C785451305210022
:1078D800EF4070048355210022858144EFC03FA604
:1078E80041D5231005002285EF80003EB5BFEFA2E9
:1078F8008F8D83C7950041112A8B93F7F707A384CF
:10790800F50032852E8A3284EFE04FCF93170501B8
:10791800C1876359F004AA8A2285EFE02FCE2A890D
:107928005685832B0400EFC03FAA21E1835744000A
:1079380081440544F11793B71700A301F1000348E8
:107948003100DE875A854A87D6862286D285EFF0AF
:10795800AFA6A167ED0748003EC42302810026C6F2
:10796800EFE07FF941016FA08F89A28513063100EE
:10797800EFF0DFC1AA84094479D19167CA97C20799
:107988001167C1831307F7EF0544E36AF7FACA855D
:10799800EFC0FF9A014445F58149EFD0EFF463DB6E
:1079A800A900984893971900BA9703D7070015E7D5
:1079B80023902701EFD04FF31544E382A9F82685D9
:1079C800EF80803097D7FF1F938707A59C4301441A
:1079D800BDD74A85EF40806C9DB785097DBFEF9282
:1079E8007FFF79713E847C083EC82E8AB707140051
:1079F800A1653ECAE5057C08AA89080836C44289FB
:107A080032C6BA8AC6843ECCEFC0FFA5CA8508082C
:107A1800EFE00FB332460808B285EFE0AFB3A246F5
:107A2800630E09029D450808EFE00FAD1D4681452C
:107A3800EF90FFFE63870A0691450808EFE0CFAB99
:107A48001146A685EF308142100801478146D2854C
:107A58004E85EFC09FC145616F901FFBB685080832
:107A6800EFE04FAF1C400808D8439355C7018589FC
:107A780012075183B205D98DEFE0CFAD1C4008083D
:107A880083C58700EFE0CFAB1C40080883C5A7007B
:107A9800EFE00FAB1C40080883C59700EFE04FAA42
:107AA80051BF89450808EFE02FA583C704002300CC
:107AB800F50083C71400A300F50079B7EF929FF192
:107AC80083C795004111AA8993F7F707A384F500A6
:107AD8003285AE843284EFE06FB293170501C18717
:107AE8006357F0042A89032A0400EFC0FF8D19E9BF
:107AF800835744000548F11793B71700A307F1000F
:107B0800814621A81306F100A285EFF03FA81DC108
:107B18001C459DC383D6470001480347F1009307DE
:107B28008500D2884A86A6854E85EFF05FEB410135
:107B38006F909FED0948E9B71D48D9B7EF929FE9C3
:107B480065715C083EC4B7077B013EC65C083EC849
:107B580083C795002A8A328593F7F707A384F5002F
:107B6800AE89EFE04FA88357E100C5C389452800D7
:107B7800EFC07F8F81452800EFE08F9CEFC05F94B6
:107B880097D7FF1F938747C19C4317C4FF1F034420
:107B9800246AAA843334800099C31364240097C7E5
:107BA800FF1F938727719C4399C31364440097D799
:107BB800FF1F938767869C4399C31364840083D50A
:107BC800040028000149EFE0EF9883D5240028003D
:107BD800EFE04F9883D544002800EFE0AF97EFD04F
:107BE800AFCB93150501C1812800EFE0AF96A285C0
:107BF8002800EFE02F969C44636CF900014781460A
:107C08003000CE855285EFC05FA659616F90DFDFE7
:107C1800DC441314490028003E94EFE06F8C83473E
:107C280044000347540089070607BA978607E36E9E
:107C3800F5FC835524002800814AEFE0AF91834585
:107C480044002800EFE0CF8F834554002800EFE080
:107C58002F8F8347440063C9FA00814A8347540041
:107C680063CFFA00050941BF1C4413975A00280046
:107C7800BA9783D50700850AEFE0CF8DD9BF032BCC
:107C8800C40093975A0028003E9B83552B00850A11
:107C9800EFE04F8C83550B002800EFE0AF8B7DBFE2
:107CA800EF92FFD45C4993E717005CC9EF80A028E6
:107CB8006F903FD6EF92BFD32E848145EFF08F9B14
:107CC80005C183570500FD172310F50009C4835724
:107CD80025002310F400EFF0BFFC01456F907FD31F
:107CE80031456DDC23100400D5BFEF92BFCE83C7AA
:107CF800950041112A8A93F7F707A384F500328586
:107D08002E893284EFE08F8F93170501C187635E58
:107D1800F004AA89C1452285EFD0BFFA2A8B4E8587
:107D2800832A0400EFC04FEA21E58357440023115A
:107D380001000544F11793B71700A300F10081442F
:107D48000348110003572100D6875285CE86228624
:107D5800CA85EFE07FE6A1679387170248003EC413
:107D68002302810026C6EFE01FB941016F90DFC9E9
:107D780013061100A285EFF07F81AA8409E523117B
:107D88000100094475BF930521005A85EFF09FF261
:107D9800835721002A84CDD797C7FF1F9387C767CA
:107DA8009C4391C7854513052100EF40C036835594
:107DB800210026853144EFC08FD859D12310050002
:107DC8002685EF7070700144A5BFEF925FC2411124
:107DD8002E896C00AA8402C6EFF0CF8909CD03571B
:107DE800050005072310E500EFF09FEB81473E856E
:107DF80041016F901FC23247954775DBCA852685BA
:107E0800EF207006C147E34405FE324485474146EA
:107E18002310F40083570900A68513054400231195
:107E2800F400EF30A1042285C1B7EF92BFBA83C72F
:107E380095004111AA8A93F7F707A384F5003285C4
:107E4800AE893284EFD09FFB93170501C187635E2B
:107E5800F0042A8AC1452285EFD0BFE6AA8452855C
:107E6800032B0400EFC04FD621E5835744002311AC
:107E780001008544F11793B71700A300F1000144EE
:107E88000348110003572100DA875685D2862686D3
:107E9800CE85EFE07FD2A1679387070248003EC4F2
:107EA8002302910022C6EFE01FA541016F90DFB5C4
:107EB800A28513061100EFF06FED2A8409E523115E
:107EC8000100894475BF268593052100EFF0FFEF77
:107ED800AA845DF5835521002285EFC04FC64DF178
:107EE8000149EFD06FA0635DA900184893171900E6
:107EF800BA9703D707001DE7035721002390E7002F
:107F0800EFD08F9E6302250397C7FF1F9387C75043
:107F18009C4389C703552100EF4040182285EF7024
:107F2800B05AB9BF050975BF954499BF05C19307F4
:107F3800F00F630FF500C547630CF5009307F5FFD5
:107F480005453315F500420541818280014582804F
:107F580041657D158280B9E1EF927FA9034506034B
:107F68003284EFF0BFFC9305803EB305B502C2052D
:107F7800C18191C90357E402854763F6E7001305F9
:107F88000401EFC0000A8357E40241677D17638547
:107F9800E700FD172317F4026F90BFA78280EF92C6
:107FA8009FA2004283C79500444D0349140093F7EC
:107FB800F707A384F5008347040022091167336992
:107FC800F900A167B347F90041112A8BAE8A63EC27
:107FD800E70C834724001307C00EB91793F7F70F70
:107FE8006371F70E03473400C14763ECE70C83471E
:107FF80044001307E00793C707086373F70A834928
:10800800840083477400A209B3E9F900856763F91E
:10801800F908034A6400834754004E85220A336AEC
:10802800FA00EF40805845C123962403834B34005F
:10803800137AFA00239A3403238874032399440398
:1080480093890401631A090023A6040223980402F1
:108058004E85EFB0907E1DA0034924004A85EFF0BD
:10806800FFEC2397A402834744004E85A388F402BB
:10807800E3810BFEE30F09FCEFB05079EF70106F4E
:1080880081460146D6855A85EFE09FA5A16793876B
:1080980097033EC423020100480002C6EFE0BF85F3
:1080A80041016F90DF958544A2862686D6855A853C
:1080B800EFE01FA3A167938797033EC423029100B3
:1080C800E1BFBD44D5B79144C5B7EF92BF90011148
:1080D8001C08404D3EC2B7070F003EC41C083EC6F0
:1080E8002A89AE89EFC05FA3585C1C5C634CB70A51
:1080F8006394E50063E8A70A3385A740B3B7A700F0
:10810800B305B7401306803E81469D8DEF20A15CE4
:1081180093140501C180A1659385C5034800EFC08C
:108128008FB481454800EFD0BFC18355040448008F
:10813800EFD05FC2835524044800EFD0BFC181450A
:1081480099C8C167FD179305F00F6386F40026856B
:10815800EF40600BAA854800EFD09FBE035544044A
:10816800814511C9C167FD179305F00F6305F50037
:10817800EF406009AA854800EFD09FBC834564049E
:108188004800EFD0FFBB834574044800EFD05FBBC5
:10819800500001478146CE854A85EFC00FCD056165
:1081A8006F909F86814485BFEF927F8483C7950037
:1081B80093F7F707A384F500EFF03FF16F907F8501
:1081C800EF925F8183C795004111404D93F7F70700
:1081D800A384F5002A8A3285B284AE89EFD01FC203
:1081E8002A8B2685EFD09FC12A892685EFD0BFBF6D
:1081F80093170B0163CA0702E177CA97C207C183C5
:10820800116763E3E70293070910C207C1831307E5
:10821800B00F637BF70093170901C187AA8A6348E7
:10822800F000C54763FA570141016F90EFFDEFC0B9
:108238002F8CE31B25FFF5B763060B0263040902C5
:10824800814463870A02B7077F002310640523115E
:1082580024057CC05685EFF07FCD9304803EB3049F
:10826800950239A0B7077F00232004047CC081440D
:1082780003552404EFB0900595CCEFC0FF892695EF
:1082880093D7F44133379500AE97BA9708DC5CDC96
:10829800CE855285EFF07FE399E023220404A1679D
:1082A8009387B70348003EC42302010002C6EFE0EB
:1082B8008FE49DBF814701481CDC232E0403C9BFFE
:1082C800EF92EFF2EFC09FECE1473305F5029145DD
:1082D800EF309075E55711C597C7FF1F23A8A7F47E
:1082E80081473E856F90EFF2854717C7FF1F23012F
:1082F800F7F48280EF92AFEF97C7FF1F9387C7F21B
:1083080080432DC083570404639EA7048357240425
:10831800639AB7043689B284EFC01F805C5C63C37C
:10832800B7046395B7001C5C63EEA7028347640437
:1083380063F3F400A6872303F4048347740463F308
:108348009700A687A303F4048357440441677D1765
:108358006385E70085072312F4043C4481C7CA8576
:10836800268582976F90EFEA97C7FF1F9387C7EB21
:108378009C43014599C303C587008280EF922FE78C
:108388000111B70707003EC683C79500584D0AC4B8
:1083980093F7F7070AC8A384F5002A89AE8401CBAE
:1083A8001C4283C707002304F700EF70503B216489
:1083B800930554022800EFC00F8BEFF0FFFAAA854F
:1083C8002800EFD0FF97300001478146A6854A85EF
:1083D800EFC0AFA913044402480822CC230A0100C5
:1083E80002CEEFE04FD105616F90AFE2EF922FE040
:1083F80001117C003ECAB70707003ECC7C003ECE88
:1084080083C795002E84AA8493F7F707A384F50001
:10841800A165938555024808EFC0EF84EFF0DFF4BB
:10842800AA854808EFD0DF91500801478146A28508
:108438002685EFC08FA305616F90AFDD97C7FF1F3B
:10844800938787DE9C43094599C303C597008280BB
:1084580097C7FF1F938747DD9C43094599C303C509
:10846800D700828097C7FF1F938707DC9C4301458D
:1084780099C303C5A7008280EF92CFD50111B70732
:1084880008003EC683C79500404D0AC493F7F70716
:108498000AC8A384F5002A89AE8429C014428547F6
:1084A80003C7060063EEE70683479400094681493F
:1084B800638EC700B307F740A304E400B339F000A4
:1084C80083C716002305F400EF70702903572403AF
:1084D800058B09C763840900EFA030612164930507
:1084E80084022800EFB03FF8EFF05FF5AA85280076
:1084F800EFD01F85EFF01FF7AA852800EFD05F8423
:10850800014781463000A6854A85EFC00F961304BF
:108518007402480822CC230A010002CEEFE0AFBD66
:1085280005616F906FCEEF928FCC01117C003ECA2F
:10853800B70708003ECC7C003ECE83C795002E844A
:10854800AA8493F7F707A384F500A16593858502AC
:108558004808EFB05FF1EFF07FEEAA854808EFD04A
:108568002FFEEFF03FF0AA854808EFD06FFD5008C6
:1085780001478146A2852685EFC02F8F05616F9040
:108588004FC997C7FF1F938727CA9C43014599C3C3
:1085980003C5B7008280EF928FC50111B7070700A6
:1085A8003EC683C79500404D0AC493F7F7070AC82B
:1085B800A384F5002A89AE8405C41C42054783C7F5
:1085C8000700636AF7040347B400630BF700A305C9
:1085D800F400EF70D0188347B400A9C3EFD08FD947
:1085E80021649305B4002800EFB0FFE7EFF07FF9AE
:1085F800AA852800EFD0CFF4014781463000A68530
:108608004A85EFC08F862904480822CC230A010036
:1086180002CEEFE04FAE05616F90AFBFEFD0AFDA9B
:10862800C1B7EF92CFBC01117C003ECAB707070063
:108638003ECC7C003ECE83C795002E84AA8493F757
:10864800F707A384F500A165AD054808EFB0BFE1C1
:10865800EFF03FF3AA854808EFD08FEE50080147A6
:108668008146A2852685EFC04F8005616F906FBA5D
:1086780097C7FF1F938747BB9C43094599C303C509
:10868800C7008280EF92AFB601117C00AE843ECA6B
:10869800A165B70707002A843ECCD1057C004808AD
:1086A8003ECEEFB05FDCEFF0BFFCAA854808EFD004
:1086B8002FE9500801478146A6852285EFB0FFFAC9
:1086C80005616F900FB5EF928FB283C7950093F74E
:1086D800F707A384F500EFF0FFFA6F908FB3EF92DE
:1086E8006FAF83C795000329C501411193F7F707B9
:1086F800A384F5001C4283C90700854763EC37054E
:1087080097C7FF1F938747099C432E84AA8495C760
:10871800EFF01FF689476302F502630009028347F9
:10872800C900638C370123063901EF705003835762
:108738002903898B99C3EFA0503B2685A285EFF0CA
:108748007FF4A167CD0748003EC42302010002C69A
:10875800EFE06F9A41016F902FAB97C7FF1F938788
:10876800A7AC9C431D4599C303C5E7008280EF92DF
:108778000FA80111B70707003EC683C79500584DDB
:108788000AC493F7F7070AC8A384F5002A89AE84B8
:1087980005C71C4283C7070093968701E18663C813
:1087A800060485466385D7048346E7006386F6009A
:1087B8002307F700EF70A07A21649305E4002800EE
:1087C800EFB07FCAEFF07FF9AA852800EFD04FD726
:1087D800014781463000A6854A85EFB01FE9350478
:1087E800480822CC230A010002CEEFE0CF900561B1
:1087F8006F902FA2EF92AF9F01117C003ECAB7077E
:1088080007003ECC7C003ECE83C795002E84AA8408
:1088180093F7F707A384F500A165B9054808EFB0F9
:108828009FC4EFF09FF3AA854808EFD06FD1500896
:1088380001478146A2852685EFB03FE305616F9029
:108848004F9DEF922F99AA84014417C9FF1F13095E
:10885800E99DE149EFC09F936344A400014519A82D
:1088680033053403832709003E9583572500639514
:10887800970011056F904F990504E9BF032E8500F5
:1088880063040E1017C3FF1F130303B90323030068
:10889800631503002943639A060E03234E016315EB
:1088A80003001D436393070EEF92EF91C689428A36
:1088B8003E89BA8AB684328BAE8B2A84A1E90355E5
:1088C8004E0009E501431A856F906F93A167A98F40
:1088D800116763F7E700EFF0DFF68145EFF08FBD32
:1088E8000844B70700E05841F98F18455CC1B7073D
:1088F800001FF98F1CC55C4981C76105EFB0E073A3
:10890800E38209FC2285EF70E0636DBF3285EFA03A
:1089180060580D434DD91C44116703D54700A16722
:10892800A98F63F7E700EFF0DFF18145EFF08FB82B
:108938000323840093164B01D1828347B300035667
:1089480063008588FD8BA305F300FD777D8E558E2A
:10895800FD76FD16B204F18E83274301C58E2312DE
:1089680073012313D3002304530123052301A30414
:108978004301D9D72285EFB0BFC3AA850844B5DD26
:108988006105EFB0006AADBF1D431A858280EF9282
:108998006F840569AA84AE89328A0144FD5A7D191B
:1089A800EFC08FF36345A40001456F90EF85D8446D
:1089B80093171400BA9703D70700631B3703239054
:1089C800570163050A002685EF70602E9C448DC30D
:1089D80083D76700B3F72701639C3701D288014822
:1089E800814701478146014681452685EFF01FE909
:1089F80005047DB7EF821FFE79711C103EC4B707CE
:108A08000F003EC61C103EC883C79500AA8A32854F
:108A180093F7F707A384F5002E893284EFD00FBEB1
:108A280093170501C1876350F006AA892285EFD004
:108A3800EFBC2A8A4E85032B0400EFB0FF9839E576
:108A48008357440081440544F11793B71700A303E3
:108A5800F10083457100DA872287D2864E86280086
:108A6800EFE03FA4014781463000CA855685EFB044
:108A7800DFBFA1679387F70348083ECC230A81002C
:108A880026CEEFD05FE745616F801FF8A2851306F9
:108A98007100EFE0BFAFAA84094445DD5285EFE0DD
:108AA800EFB80D445DD50546D2852685EFF03FEE3B
:108AB8002A8445B7EF82BFF3835507000346270092
:108AC80041112A842E8532C62EC4EFE02FB611C577
:108AD8003246A2452285EFF09FEB41016F807FF37C
:108AE800EF827FEE83C795004111AA8A93F7F707B3
:108AF800A384F5003285AE893284EFD02FB0931766
:108B08000501C1876357F008C1452A8A2285EFD03D
:108B18004F9B2A8D2285EFD06FAE2A892285EFD010
:108B28008FAC930705F893F7F70F1307E007AA8BA5
:108B38006371F7062285EFD00FAB2A8C2285EFD020
:108B48008FAAAA8C5285032B0400EFB0FF8729E572
:108B580083574400231101008144F11793B717008C
:108B6800A300F100054403471100835621009387B1
:108B780084005685DA8822885286CE85EFE03FE663
:108B8800A167E90748003EC42302810026C6EFD04A
:108B98009FD641016F80BFE613061100A285EFE062
:108BA800FF9EAA8409E52311010009446DBF9305BE
:108BB80021006A85EFF06FA12A8455F583552100BD
:108BC8009356C9001316490185486688E2875E876F
:108BD800858A51822685EFF07FCA2A8469B7EF8299
:108BE8009FDE83C7950041112A8B93F7F707A3846B
:108BF800F5003285AE893284EFD04FA09317050176
:108C0800C1876352F0082A8A2285EFD02F9FAA8A4B
:108C18002285EFD0AF9E2A892285EFD0CF9C93077B
:108C280005F893F7F70F1307E0072A8C637DF7041D
:108C38002285EFD04F9BAA8C2285EFD0CF9A2A8D20
:108C48005285832B0400EFB02FF829E183574400A5
:108C580085440144F11793B71700A301F1000347B6
:108C68003100930784005A85DE882688D686528686
:108C7800CE85EFE0DFD68D4748003EC42302910041
:108C880022C6EFD05FC741016F807FD7A285130648
:108C98003100EFE0BF8F2A84894471D19356C9000F
:108CA8001316490185486A88E6876287858A518252
:108CB800D685EFF0BFBCAA845DB7EF82BFD12A8901
:108CC80081440144617A916A17BBFF1F130BCB746F
:108CD800EFC08FC163C5A40022856F80FFD28327B0
:108CE800090093991400CE9703D50700330745016F
:108CF800420741836362570311CD03270B0009C75D
:108D080085453E85EF302041832709000504CE972D
:108D18002390070085046DBFEFF0BFB283270900D9
:108D28000504CE972390070075D58145EFE09FF89D
:108D3800D5B7EF823FCA83C7950041112A8A93F7B6
:108D4800F707A384F50032852E893284EFD00F8B84
:108D580093170501C1876354F004AA89832A040084
:108D6800EFB08FE621E18357440085440144F117B1
:108D780093B71700A301F10003483100D687528545
:108D88000147CE862686CA85EFD01FE3A167F5077F
:108D980048003EC42302910022C6EFD0DFB541014E
:108DA8006F809FC6A28513063100EFE02FFE2A844C
:108DB800894479D197B7FF1F938707669C4381CB76
:108DC8000449EFC06FB2AA852685EF30C034130579
:108DD8000401EFF09FEE2285EF60106F814469BFB8
:108DE800EF827FBE83C795004111AA8A93F7F707E0
:108DF800A384F5003285AE89328423110100EFC0C7
:108E0800FFFF93170501C187635CF0042A8AC145F7
:108E18002285EFC01FEBAA8B5285032B0400EFB00D
:108E2800AFDA31E18357440085440144F11793B721
:108E38001700A300F1000348110003572100DA8747
:108E48005685D2862686CE85EFD01FD7A167938711
:108E5800270248003EC42302910022C6EFD0BFA9D2
:108E680041016F80DFB9A28513061100EFE00FF210
:108E78002A84894469D197B7FF1F9387E759984394
:108E88003E8901CB0449EFC02FA6AA852685EF307D
:108E9800802813050401EFF05FE2EFC0EFA49544CA
:108EA80059D9930521005E85EFE03FF2AA8441F588
:108EB8001C480357210022852390E700EF60D0600B
:108EC80083270900ADDB03552100EF30201DA5B72E
:108ED800EF827FAF83C795004111AA8A93F7F707FE
:108EE800A384F5003285AE893284EFC03FF1931731
:108EF8000501C1876359F0042A8A2285EFC01FF053
:108F08002A895285032B0400EFB00FCC21E1835747
:108F1800440085440144F11793B71700A301F100F9
:108F280003483100DA8756854A87D2862686CE8559
:108F3800EFD09FC8A167F90748003EC423029100FB
:108F480022C6EFD05F9B41016F807FABA2851306DD
:108F58003100EFE0AFE32A84894479D19167CA9759
:108F6800C2071167C1831307F7EF8544E36AF7FA6D
:108F780097B7FF1F9387474A9843BE8B01CB044995
:108F8800EFC08F96AA852685EF30E01813050401F7
:108F9800EFF0BFD2EFC04F95954459D11C482285B8
:108FA800814423902701EF60305283A70B00ADDB8B
:108FB8004A85EF30A00EADB7EF827FA32A84410522
:108FC800B284EFF09FCF01C52285EF60F04F814654
:108FD8000146A6852285EF7040011C4C89C7DC47F5
:108FE80099C3228582976F80DFA297B7FF1F938767
:108FF800A7239C43014599C313850701828097B72E
:10900800FF1F9387672288438280EF825F9E9317B2
:10901800C600DD8DC2054111C1812A8432C6EFC068
:109028007FD33246228511829375F60FEFC05FD148
:1090380041016F801F9EEF82FF9979713C083ED2F3
:10904800B7070C003ED43C083ED683C79500AE84D3
:109058002A8993F7F707A384F500A165938535045A
:109068004810EFB04FC0C165FD15014417BAFF1F86
:10907800130A0A3C930A400EAE892E8B2EC6EFC007
:10908800AF894205931704014181C183B24563E367
:10909800A702C167FD176385F5004810EFC09FCB95
:1090A800501001478146A6854A85EFB00FDC45611F
:1090B8006F809F953307540383270A0BBA9703D60B
:1090C800C70163083601638835014810EFF0FFF3E4
:1090D800DA85050465B7B285EDBFEF82DF8E797159
:1090E8007C083EC8B70711003ECA7C083ECC83C73F
:1090F8009500AA89328593F7F707A384F5002E898E
:10910800EFC0DFCF8567637EF502A165AA84890574
:109118000808EFB04FB52685EF3020491334150005
:109128000A04A2850808EFC0BFC1A6850808EFC0D9
:109138007FC235C0014781461008CA854E85EFB009
:10914800CFD245616F80BF8BB30754030327CA0A88
:10915800BA9703D70700631A970003D62700638AD4
:1091680065030808EFF07FEADE8505042EC6EFB038
:10917800BFFB4205931704014181C183B245E3E572
:10918800A7FCC167FD17E387F5FA0808EFC09FBC85
:1091980055B7B285D9BFC165FD15014417BAFF1F80
:1091A800130A0A29930A80022E8BAE8BC1B7EF826D
:1091B8001F8418418347170083460700A207D58FED
:1091C800D207D1832390F500834727000347170070
:1091D8008D45A207D98F91832310F600EFC03FADCC
:1091E8006F803F83EF820FFFC164014417B9FF1FEF
:1091F8001309092493098002FD14EFB0FFF26345B7
:10920800A40001456F805F80330534038327C90AB2
:109218003E9583570500E38797FE0504F9BFEF8263
:109228006FFB2A8AAE89B284B68AEF30003809E526
:1092380091473E856F804FFD2A894E85EF90904576
:109248002A84638A0A048D476DD503570500C547EC
:10925800E31147FF0347F9018546AD47E31BD7FCF8
:109268008347450091CB4146A6855D05EF10B13D8A
:10927800814761D1AD4775BF130965012302E50038
:10928800CA852685EF10C02A15CDA547E3830AFABB
:109298002302040079BF11CD83570500E39A47F9EB
:1092A8004146A6851905EF10113A814759D19947CA
:1092B80049B74E85EFF01FF32A8495473DD9130926
:1092C80055007DBF4146A685231044012311340172
:1092D80013051900EF1091392285EF60303281476C
:1092E80089BFEF82CFF079717C003ECCB7070A00C6
:1092F8003ECE7C003ED083C79500B2842E8493F77F
:10930800F707A384F5001306A1002A892C002685F7
:10931800EFF0FFE9A16528088D05EFB0CF949040E4
:109328008355A100035581008546EFF05FEFAA84BD
:10933800AA852808EFC0DFA00356A1008355810045
:109348002808EFF09FCC300801478146A2854A855E
:10935800EFB0AFB1854748103ED42302910202D640
:10936800EFD06FD945616F80CFEAEF824FE879710E
:109378007C003ECCB7070A003ECE7C003ED083C7B7
:109388009500B2842E8493F7F707A384F50013069B
:10939800A1002A892C002685EFF07FE1A165280825
:1093A8008D05EFB04F8C90408355A1000355810087
:1093B8008146EFF0DFE6AA84AA852808EFC05F9807
:1093C8000356A100835581002808EFF01FC4300818
:1093D80001478146A2854A85EFB02FA9481023028C
:1093E800910202D402D6EFD00FD145616F806FE2AF
:1093F80097B7FF1F938787E388438280EF822FDF29
:10940800835725004111AE842A842307B10017F53C
:10941800FFFF1305656A6C002316F100EFB00FDE3D
:1094280081C42285EF60F023FD572310F400130652
:109438002002814513055400EF806FDE41016F80E3
:109448004FDDEF822FD979717C003ECCB7070A0037
:109458003ECE7C003ED083C79500AA89AE8493F7A0
:10946800F7073285A384F5001306A1002C00EFF05E
:109478001FD4035581001144EF30201315C1035543
:10948800A1000144EF90102101CD03570500835737
:10949800810045446316F7008545EFF03FF6014427
:1094A8002169930539002808EFA0FFFBA285280849
:1094B800EFC01F890356A100835581002808EFF0EB
:1094C800DFB4300801478146A6854E85EFB0EF9995
:1094D80048104AD42302810202D6EFD0CFC1456199
:1094E8006F808FD2EF820FCF97B7FF1F9387C7D3B5
:1094F8002A8488432E8915C1035745038357C4011D
:10950800631DF70023260502231805024105EFA075
:10951800D03263040900EF607025814497B9FF1FBA
:10952800938909F1130A8002EFB01FC063CCA4022B
:1095380097B7FF1F938707D89C4389C70355C40172
:10954800EF10A074630509002285EF608079130687
:10955800400E81452285EF808FCCFD57231EF400F5
:109568006F808FCA3385440383A7C90A3E95035782
:1095780005008357C4016315F700CA85EFF01FE89B
:1095880085045DB7EF820FC583C795004111AA898D
:1095980093F7F707A384F5003285AE84EFC01F86E2
:1095A80085676370F5042A89EF302000014411C9EA
:1095B80083D704003144638627018545EFF09FF285
:1095C80001444E85A2864A86A685EFD0EFBFA167E3
:1095D8009387170448003EC42302810002C6EFD0D7
:1095E8008FB141016F804FC2EF82CFBE97B7FF1F87
:1095F800938787C380431DCC0145EFA0204D814749
:109608000148C1641CDC232E04032320040417B979
:10961800FF1F1309E9E101449309400EFD14EFB05F
:10962800BFAF634BA40081451705000013050599DA
:10963800EFB0CFBC6F804FBD330534038327090BD0
:109648003E958357C501638597008545EFF09FE9EF
:109658000504F1B79357050113D78700A380F500D8
:1096680093170501C183A1832380E5002381F500B9
:10967800A381A5008280EF828FB72300050083C7EE
:109688001500A300F50083C725002301F50083C753
:109698003500A301F50083C745002302F50083C701
:1096A8005500A302F50083C7650093059500A30341
:1096B80005002303F500230405003285EFF09FF928
:1096C8006F802FB5EF820FB14111E9541DC595C5C3
:1096D80093F9C5FF2E842A89AA84338AA9006312C4
:1096E8009A020D88854411C8EFC080402AC6228698
:1096F8006C0033053901EF106177268541016F80D1
:10970800AFB0EFC0E03E93170501C183A183A380EA
:10971800F400935705012381F400A1832380A4005A
:10972800A381F400910465BF63E0D502EF822FACFA
:10973800B28741113686BE8536C6EF102173B24610
:10974800410136856F80EFAC8146368582808387FC
:1097580005001387F5003D05FD8793F777088346D5
:1097680007007D158606B58FA300F5006307B700CF
:109778007D17834717009D83DDB78280EF822FA76F
:10978800B2872A863E85EFD03050133515006F809A
:109798004FA801CD814799C9EF826FA54146EF10C7
:1097A800E16C85473E856F80CFA681473E858280E4
:1097B8001DC5EF82CFA3414681452A84EF802FA69D
:1097C8004146814513050403EF806FA50147C16732
:1097D8002322040438C87CC805456F808FA301453F
:1097E8008280814729CDA1CDEF826FA0B2842E89D6
:1097F8001306800581452A84EF806FA2CA8524C498
:109808002685EFF01FF9414681452285EF802FA17B
:109818003044A2852285EFF07FF693040401A285E7
:109828002685EFF0DFF2A68513050402EFF03FF27C
:109838002285EFF0FFF785473E856F808F9D3E8537
:109848008280EF822F994111E9541DC595C593F97E
:10985800C5FF2E842A89AA84338AA9006392440307
:109868000D88814411C8EFC0A0282AC622866C0042
:1098780033053901EF10815F268541016F80CF984C
:10988800EFC0002793170501C183A183A380F400CB
:10989800935705012381F400A1832380A400A381A9
:1098A800F400910465BF71CDEF82CF92B28401E6D6
:1098B80005456F806F952A842E890145FDD93C485E
:1098C8007848B3E6E700F5D69386F7FFB3B7F60016
:1098D8007D17032A4404BA9734C87CC8630F0A0466
:1098E800C14913050A03B38949412295637B3601AF
:1098F800B2862E86A685EFF03FE37C40BE9464C016
:1099080045BFCE862E86CE85EFF01FE2C114D294D5
:109918004E9923220404A2879306040103C7070073
:1099280003C607038507318FA38FE7FEE398F6FE8A
:109938003044A2852285EFF07FE42699C149330699
:10994800994063EA9900ADD4A686A6851305040359
:10995800EFF09FDD6DB78147B306F4003307F600DB
:109968000347070083C5060085072D8F2380E6007F
:10997800E39437FF3044A2852285EFF03FE0C1141D
:109988007DBF0145828019C9EF826F861306800565
:109998008145EF80CF8805456F80AF87014582807C
:1099A80081473DC9B5C9EF828F84FC4141462E8469
:1099B800AA846393C70413860501A2878146C1451B
:1099C80003C7070003C507038507298F3305D6009A
:1099D800034505008506298FA38FE7FEE392B6FEAF
:1099E8003044A2852685EFF07FD92285EFF0BFF9B4
:1099F80085473E856F80EF81138507031D8E81455E
:109A08002295EF80CF817C40130700F813060402EB
:109A1800A2972388E70255B73E858280EF723FFD03
:109A28006D712E84B284AA85901028003689EFF0D3
:109A38005FDB19E9D55705A050400C402800EFF02E
:109A48009FE66DD9FD142104E5F82C004A85EFF056
:109A58003FF5814765D13E8551616F709FFBEF727D
:109A68001FF941112EC432C62C000546EFF01FFB2A
:109A780041016F701FFAEF729FF701112A842EC6F9
:109A880002C802CA02CC02CEEF10A160B2462A86F2
:109A9800A2850808EFF0BFFC1375F50F05616F701C
:109AA8005FF7EF72DFF47971B2872A8421462308C1
:109AB800B10013051101BE853AC436C6EF10013B4B
:109AC800B246930591013685EFF0DFB82285141070
:109AD80035460C08EFF0BFF82A84224711E52146E5
:109AE8000C103A85EF108138228545616F707FF23E
:109AF800EF72FFEF7171AE84AA850A853284EFF0A8
:109B08005FC901C90A86A6852285EFF03FC781474C
:109B180011E1C5473E854D616F70BFEFEF723FEAB7
:109B28001D712A8AB289BE843546854713051101FD
:109B38002E8CB68A3A8BC28C468D2308F100EF1022
:109B4800E13210100C085285231F0100EFF05FFA74
:109B58002A842DE9A147631BFD069307900591E030
:109B6800E5473546E2851305110113990A012308D3
:109B7800F10013590901EF10612F135789009397CA
:109B88008A00D98F90080C085285231FF100EFF046
:109B98003FF62A8405E9A1E09387FA0091831379B7
:109BA800F9003EC6631309004149668B8144C14BE5
:109BB800854DB2476397970C6A868C0033855C01A4
:109BC800EF10C12A228525616F703FE39307900447
:109BD800C9F8A54779B7834701050947C14B230849
:109BE800F10083471105A58FA308F100938724008E
:109BF800814463EFFB02014714083386E6008C08B2
:109C0800B386E400BA95DA9683C6060083C50500D4
:109C18000507AD8E2300D600E390E7FE4147639821
:109C2800E70490080C085285EFF09FEC35D535A86D
:109C3800B3069B00BA871008B305F60090083E9655
:109C480003C506000346060085078506298E23807E
:109C5800C500E39277FF998F90080C085285BE944F
:109C6800EFF01FE98947014749D52A84A1BF900829
:109C78003E96034606001408BE962380C600850754
:109C880079BFB2478504638B971281471808B306DA
:109C9800F70098083E973386F90003470700034604
:109CA80006008507318F2380E600E39177FF90084F
:109CB8000C085285EFF0DFE34DF93546E2851305D0
:109CC80011012308B101EF10611A139704014183B0
:109CD800939784002183D98F10180C085285231F6D
:109CE800F100EFF0FFE051F1814710183387F900D8
:109CF8003E960347070003460600B306FB008507A8
:109D0800318F2380E600E39277FF75A01808B30629
:109D1800F70098083E973386F90003470700034683
:109D280006008507318F2380E600E3E127FFCA8715
:109D38006398770990080C085285EFF07FDB15F5DA
:109D480081479800B306F700900818103E973E9692
:109D580003470700034606008507318F2380E60086
:109D6800E39177FF3546E285130511012308B10118
:109D7800EF10C10F13970401418393978400218347
:109D8800D98F10180C085285231FF100EFF05FD609
:109D9800E31D05EC814710183387F9003E96034709
:109DA800070003460600B306FB008507318F2380B2
:109DB800E600E3E227FFC109410BE5BB8147B5B7E0
:109DC8009408BE9683C6060018083E972300D7005D
:109DD8008507B9BF638E062CEF727FBE59712A843E
:109DE800BE89B28B85473546130511022E8B468CEA
:109DF8004289BA8A368A2300F102EF102107101827
:109E08000C10228523170102EFF09FCE631E051068
:109E1800A1476319FC069307900563930900E5477A
:109E28003546DA851305110293140A012300F1025D
:109E3800C180EF10A10393178A0013D78400D98F2C
:109E480090080C1022852317F102EFF07FCA69ED04
:109E5800639009049307FA00BD88918391E0C14497
:109E6800C207C183DE8C814A3EC6414DB24763EAD0
:109E7800FA0C6286B3854B018810EF00D17C4DC582
:109E88003D555DA093079004E39C09F8A54749BF99
:109E9800834701050947C14C2300F1028347110597
:109EA800B3C7F900A300F10293872900814963EF42
:109EB800FC02814618103306D7008C083387D90076
:109EC800B69556970347070083C5050085062D8F6D
:109ED8002300E600E390D7FE4147639AE704900821
:109EE8000C102285EFF0DFC035D53DA8B3863A01C6
:109EF800BA871010B305F60090083E9603C5060011
:109F08000346060085078506298E2380C500E3924F
:109F180097FF3387EC4090080C102285BA99EFF030
:109F28003FBD8947014741D565616F701FAD9008F6
:109F38003E96034606001410BE962380C600850789
:109F480069BFB247850A93990A01939D8A0093D9FC
:109F580009016399570D85473546DA8513051102BE
:109F68002300F10293D98900EF005170B3ED3D0150
:109F780090000C1022852317B103EFF07FB74DF541
:109F88008147A68963E6970626860C084A85EF006E
:109F9800F16D81471810B306F700100898083E972E
:109FA8003E9603470700034606008507318F238046
:109FB800E600E3E197FE639DA90590080C10228551
:109FC800EFF01FB335F181479810B306F7009008FA
:109FD80018183E973E960347070003460600850774
:109FE800318F2380E600E391A7FF4109C10CBDBD75
:109FF80018089000B306F7003E963387FC00034725
:10A008000700034606008507318F2380E60095BFC9
:10A0180098084E97034707001C10CE972380E70047
:10A02800850951BF85473546DA8513051102230096
:10A03800F10293D98900EF007163B3ED3D019000FF
:10A048000C1022852317B103EFF09FAAE31E05EC3D
:10A05800814718089000B306F7003E963387FC0046
:10A0680003470700034606008507318F2380E60073
:10A07800E391A7FF41460C084A85EF00315F81470D
:10A088001810B306F700100898083E973E96034745
:10A098000700034606008507318F2380E600E39119
:10A0A800A7FF90080C102285EFF09FA41DDDADBD21
:10A0B8007D558280EF72BF9301112A842E85930506
:10A0C8005100328902C002C202C402C6930474005D
:10A0D800EFF04FD81D46A68513059100EF001159E2
:10A0E80010088A854A85EFF0BFA019ED9307140080
:10A0F800180883C607000346070085070507B18EC1
:10A10800A38FD7FEE397F4FE05616F709F90EF72FF
:10A118007F8C2E848C414111AA898387150032894E
:10A12800914463D30700A14497A7FF1F9387C7668D
:10A138009C43B1C3B5CE8D472310F10083C72500DA
:10A148004A852301F10083C73500A301F10083C7C5
:10A1580045002302F10083C75500A302F10083C71D
:10A16800650093059100A30301002303F100230474
:10A178000100EFF02FCE0C404A860A85EFF0AFCFF2
:10A188000328040083564400A6881D088147014718
:10A19800E51642868A854E85EFF05F982A8909E59B
:10A1A800A6852285EFB05FB54A8541016F70DF85CE
:10A1B8004A860A85EFF02FCC7DBFEF72BF812E84CF
:10A1C8008C414111AA89838715003289914463D350
:10A1D8000700A14497A7FF1F9387075C9C43B1C35F
:10A1E800A5CE8D472310F10083C725004A8523019A
:10A1F800F10083C73500A301F10083C7450023029E
:10A20800F10083C75500A302F10083C765009305D9
:10A218009100A30301002303F10023040100EFF0E0
:10A228006FC30C404A860A85EFF0EFC4835644009A
:10A23800032804008A85858EC2061D08C182231260
:10A24800D400A68881470147E51642864E85EFF07F
:10A258007FB841016F704FFB4A860A85EFF0AFC1A6
:10A26800C9B7EF72CFF8B335B000011185052A8957
:10A278001315F601336515012308B1009305110183
:10A2880036843AC632C03EC442C2EFF0AFBCA247E1
:10A298001248425593D68700230BF100930591018C
:10A2A80093578800A30AD100A30BF100230C0101E6
:10A2B800EFF04FBA3247024603280400B337E000F4
:10A2C800835644009207914411C2A1444A85A68846
:10A2D80042860C08EFF09F842A8909E5A685228525
:10A2E800EFB09FA14A8505616F70AFF2EF728FEEF4
:10A2F80001113EC68647B335B0008505AA891315F6
:10A30800F6015D8D2308B1009305110136843A8961
:10A31800B28442C446C2EFF0EFB3224892481645D1
:10A3280093578800A30AF1009305910193D78800F9
:10A33800230B0101A30BF100230C1101EFF08FB1E6
:10A348003247104083564400B337E0009207032891
:10A358000900914891C0A1480C084E85EFF09FA7CD
:10A36800AA8411E5835544004A85EFB0FF982685F5
:10A3780005616F706FE9AA959307F00F1737010011
:10A388001307079A6317B50013C5F7FF1375F50F81
:10A39800828005058346F5FFB58FBA9783C7070006
:10A3A800D5B70357450014419307F00F173601003E
:10A3B8001306069736974207418313950601418194
:10A3C800631BE500AD8FB29703C50700130515F3AE
:10A3D800133515008280850603C5F6FFA98FB2974D
:10A3E80083C70700D9BFEF728FE0B28736842E8605
:10A3F800BA86AA853E85BA84EFF06FE6634B0500FE
:10A408002285EF0011492A86A686A2852685EFF0C7
:10A418000FE56F700FE0EF72EFDB5D712A8BAE8A8C
:10A42800173501001305458D2C00B284368ABA8988
:10A438003E89EFF04FE42A8459E534104146DA8525
:10A448002800EFF0CFE12A843DED8547A303F10012
:10A45800A6C2930771002408BEC4A68685470D4688
:10A468002C18281002DC02DED6C0BEC6EFF00FDBC7
:10A478002A8431E983477102A6860D4693F7F707C8
:10A488002300FA00C1473EDE2C188947281026DC35
:10A49800A303F100EFF08FD82A8415E54146A6857D
:10A4A8004E85EF00B11C8D47A6860D462C18281046
:10A4B800A303F100EFF08FD62A8411E54146A68563
:10A4C8004A85EF00B11A228561616F70EFD3EF7290
:10A4D8000FD2972701009387A7D8984383C74700CF
:10A4E80079712A89AE8417350100130565810C0836
:10A4F8003AC42306F100EFF00FD82A8415E51410AA
:10A508004146CA850808EFF08FD52A8411ED140852
:10A5180015462C000810EFF08FD42A8411E5214647
:10A528002C082685EF009114228545616F706FCE47
:10A53800EF72EFCB97270100938787D29C477971F9
:10A54800AA842E84172501001305057C0C083EC635
:10A55800EFF06FD20DE514104146A6850808EFF01C
:10A568000FD011ED140811466C000810EFF02FCF32
:10A5780019E58347F10193F7F7032300F4004561D8
:10A588006F702FC9EF72AFC63688A148814701475F
:10A59800E546EFF0AFD86F70CFC7EF724FC536887A
:10A5A800A14881470147E546EFF0DF826F706FC62B
:10A5B800EF72EFC301112A842E850C0832C6EFF022
:10A5C8008FCB19E9324797260100938666721008E7
:10A5D800C1452285EFF03FE105616F708FC3EF72CF
:10A5E8000FC14111C1472EC032C48A8509463EC2F7
:10A5F8003EC6EFF0AFC241016F70AFC1EF722FBF1F
:10A608004111AE8613061009AA850A8502C002C246
:10A6180002C402C6EFF0AFC441016F708FBFEF7282
:10A628000FBD3287972601009386866E2E86930586
:10A638000002EFF05FDB6F70CFBDEF724FBB797137
:10A64800C1472ACC2ED032D42C080D4628003ECE45
:10A658003ED23ED602C402C602C802CAEFF00FBC00
:10A6680045616F700FBBEF728FB80111AA842E84F9
:10A67800172501001305456A8A85EFF0CFBF05E568
:10A6880014084146A6850A85EFF06FBD09ED83479A
:10A69800E1010347F101A207D98FCA07C98361778E
:10A6A800D98F2310F40005616F70AFB605C9EF723A
:10A6B8000FB497A7FF1F9387E7BB904397A5FF1F8A
:10A6C800938585BB17A5FF1F1305C5B6EFA0707E40
:10A6D80017A5FF1F130505B66F70AFB317A5FF1FAA
:10A6E800130545B582809DC5EF726FB097A7FF1F10
:10A6F800938747B8944301112E840A8697A5FF1FB4
:10A70800938585B7EFA0707F0A850294014505619E
:10A718006F702FB07D558280EF726FADEFB060091A
:10A7280097A7FF1F23A8A7B417F5FFFF1305C5F9BF
:10A73800EF90B0356F70EFAD17A7FF1F1307C7B5C0
:10A748009317150008433E95FD572310F5008280A6
:10A75800EF72EFA92A84084019E16F708FAB1C4192
:10A7680058401CC06313E5005CC083475500232094
:10A778000500F99BA302F500EFB04FFCE9BFEF72AB
:10A788006FA597A7FF1F938727B398432A8411CBF8
:10A798008347350093F7070289C7035505008945A4
:10A7A800029713054401EF9050098355040003559F
:10A7B800E400EF205013485809C5EFB02FF8232ABA
:10A7C800040213058403EFF0BFF88144B149EFA0F8
:10A7D800FF9F63C5A402834734002320040493F732
:10A7E80027FCA301F4000048EFA05F9F1316150093
:10A7F80081452285EF70AFA26F700FA1B387340334
:10A808000329040385043E994A85EFF07FF4230465
:10A81800090075BF8347350093F7070299E301459F
:10A8280082808357E500E39CB7FEC167FD17631676
:10A83800F600054582800545B9A0EF724F9B931736
:10A848000601C187B2842A8401496359F0028357FB
:10A8580005008DCB01456367F600034584003E95EE
:10A868003325A6001375F50F39A81C4813171900CE
:10A87800BA9783D70700E38097FC0509EFA01F96D6
:10A88800E345A9FE01456F70CF98EF72AF94AE898A
:10A89800AA84EFA07F8A2A84EFD01FADAA86014739
:10A8A8001306840197050000938545E917A5FF1F46
:10A8B8001305C59EEFA0CFDA2A8921CD8C44130455
:10A8C800C50022859E0593F50508EFB06FC7CC40FB
:10A8D80083877400E18163D1070493E50508228525
:10A8E800EFB00FC60D46938544002285EFB06FC3C5
:10A8F80083D504002285EFB04FC883D52400228574
:10A90800EFB0AFC703D6490083A509002285EFB091
:10A918004FC14A856F704F8F93F5F507C9B7EF722E
:10A928000F8D01112A84328532C6EFB0CFB6EF9071
:10A938003F9C8357040017A7FF1F130767AF3246D2
:10A94800231BF100930700F8A30DF1001C471843DF
:10A95800231AA1008983858BB307F740B28548087D
:10A968003ECE231C0100230D0100EFF01FF205610C
:10A978006F702F8AEF720F860041014529CC93042E
:10A98800C40026853289AE89EFB0EFB495452A8A8E
:10A998002685035B0401EFB08FB12685EFB08FC821
:10A9A8008D45AA8A2685EFB08FB02685EFB08FC770
:10A9B8005C48420A135A0A01D2975CC423186401FE
:10A9C800814763983A0146054D81330625419337FF
:10A9D800160013F5F70F6F702F83EF62DFFE89699A
:10A9E8002A8BAE8B328AB68A81440144314CFD19D8
:10A9F800EFA0CFFD63C9A400EFA05F80018D33B540
:10AA0800AA006F60DFFF3389840383270B003E9918
:10AA180063170A008347890085043E94D1BF035613
:10AA28000A00DE854A8533F6C900EFF0BFF47DD110
:10AA38000545C1BFEF62BFFB01112A847C000355A5
:10AA4800E5003ECAB70707003ECC7C003ECEEF10BB
:10AA5800D0352A8985454808EFB04FC4994548083C
:10AA6800EFB08FA9AA844A85EF1050362380A4003E
:10AA780097A7FF1F9387C79B9C434166130606F061
:10AA88009396870113D78701558F93D68700F18E48
:10AA9800558FA207B706FF00F58FD98F11462C00F6
:10AAA800138514003EC4EF00613C5008A3820400E3
:10AAB80089452285EFF0BFE609C9AA8513058403F5
:10AAC800EFB04FBE3C4085073CC005616F607FF426
:10AAD800EF62FFF1EFA08FF22A840504EFA00FF1D7
:10AAE8003305A402F14791453305F502EF10C07311
:10AAF80001E565556F60FFF19797FF1F23A6A77AB9
:10AB0800EFA0CFEF2A840504EFA04FEE3305A4028F
:10AB180089450605EF10407169DD9797FF1F23AD42
:10AB2800A776EFA0AFED2A840504EFA02FEC33043D
:10AB3800A4029797FF1F23938776EFA02FEC2A8410
:10AB4800EFA0CFEA930714003385A7029797FF1F5A
:10AB58002397A774972701009387C7DF1797FF1FCD
:10AB68002322F774014579B7EF62DFE6AA842E89BC
:10AB7800014497A9FF1F9389A98B130A8006EFA0A8
:10AB8800EFE66345A40001456F601FE83305440301
:10AB980083A709024A86A6853E95EFF0BFC719E14B
:10ABA8000504F1BF0545CDB7EF62FFE1AA8A2E8BF8
:10ABB800B28B368C3A8A81440144814997ACFF1F95
:10ABC800938C0C87130D8006EFA04FE263C7A40097
:10ABD80011E085494E856F609FE23389A40383A7FE
:10ABE8000C025E86D6853E994A85EFF0BFC219CD24
:10ABF800EFA0CFE00544636B4501D2866286DA8513
:10AC080013050903EFF07FDD11C1854985046DBF88
:10AC1800EF625FDCC16441112A89014497A9FF1FD3
:10AC280093890981130A8006FD1436C632C42EC2E0
:10AC3800EFA0CFDB92452246B2466346A400014509
:10AC480041016F607FDC3305440383A709023E9509
:10AC580009C683473500C18B9DC791C68347350018
:10AC680093F707028DC3630699008357E500639C39
:10AC780027010357050001CB63E7E50083478500FB
:10AC8800BA97E3CFF5FA05044DB7EF62BFD4C164B4
:10AC98002A8901449799FF1F93898979130A8006A5
:10ACA800FD14EFA0AFD46344A4006F60FFD5330553
:10ACB800440383A709023E958357E50063889700FC
:10ACC8006304990063942701EFF07FAB0504D1BFBB
:10ACD800EF62FFCE89692A8AAE8A328BB68B8144AD
:10ACE800179CFF1F130CCC74930C8006314DFD1973
:10ACF800EFA0CFCF63C4A4006F603FD03389940323
:10AD080083270C028355CA015A863E994A85EFF07B
:10AD18007FB005CD814D05A03384AD03832709039A
:10AD280003D60B00D68533F6C9003E942285EFF092
:10AD38007FC419E5850DEFA06FC9E3CFADFC31A045
:10AD48002285EFF0FFA023040400850455B7EF62C5
:10AD58009FC74169AA8A014A179BFF1F130B4B6DB6
:10AD68007D19C14B054CEFA06FC86344AA006F6002
:10AD78001FC993098006B3073A0383290B02BE99BA
:10AD880083D7E900638C270163842A0163985701FC
:10AD980003A4890311E44E85EFF0DFC9050AE1B782
:10ADA80083570401639977079304C4002685EFA0AD
:10ADB8009FF285452A8D2685835C0401EFA03FEF2D
:10ADC8002685EFB04F8262056185635F05028D4578
:10ADD8002685EFA0DFED89452685EFA05FED894543
:10ADE8002685EFA0DFEC85452685EFA09FED8347FC
:10ADF8000500094793F7F7076398E7009945268503
:10AE0800EFA03FECA30285014848337D2D012318AC
:10AE180094016A9548C40040B5BFEF625FBDEFD0AA
:10AE280030779797FF1F83C7A74D1775FF1F130527
:10AE380065D3A300F500EFD0202681461306F00F56
:10AE480081450145EFD0E0646F60BFBC1797FF1FD5
:10AE58001307073B18439795FF1F83C5654A9797C4
:10AE6800FF1F9387674883468703034697036397C3
:10AE7800D5009797FF1F2385C748828083C5870120
:10AE88000347A7036317B6009797FF1F238AE74670
:10AE9800828003C687016317C7009797FF1F238126
:10AEA800D746828083C68701130750026319D700EB
:10AEB800930760021797FF1F2304F744828083C615
:10AEC8008701130660026315D60093077002DDB789
:10AED80083C7870155BF9797FF1F9387E740D44BD8
:10AEE8000947638EE606EF629FB09794FF1F93842D
:10AEF800E43C3E8483C70400918B95CBEFD0506926
:10AF08001795FF1F1305053CEFD0001981461796CA
:10AF1800FF1F0346263D81450145EFD0805715CDDB
:10AF280083C70400ED9B1797FF1F2309F738834752
:10AF3800040093F7F70F95C391471797FF1F232F27
:10AF4800F73AEFF09FEDEFF07FF041469145179506
:10AF5800FF1F0345E539EFA0704D6F609FAB8280FE
:10AF6800EF62FFA88D474111630FF502C5476304DF
:10AF7800F5028547631EF5009797FF1F2384A738BE
:10AF8800930500101795FF1F03458536EFA09040E5
:10AF980041016F601FA885471797FF1F2304F736E5
:10AFA80093050020C5B79797FF1F9387E733D44BC6
:10AFB80011476387E600EFD0B05D93050004D9B769
:10AFC80085441797FF1F232B973283C7070032C684
:10AFD8002E8493F7F70FCDDF7D141374F40FEFD0A1
:10AFE800305BE3FC84FCB245994703C61500E3F6E1
:10AFF800C7FC09061795FF1F130505319760FF1F4A
:10B00800E780A0BB930500081795FF1F0345452E51
:10B01800EFA050385DB7EF629F9D1797FF1F13078A
:10B02800A72C4047184B1C409796FF1F23A4F62CCB
:10B038006316E4001797FF1F2320F72C130584FEDF
:10B04800EF907FFB035564FFEF90FFCEEFA01FEF5B
:10B058006F603F9CEF62BF999797FF1F9387C72840
:10B06800D84BDC4799C3EFF01FFB85471797FF1FA5
:10B078002326F7289797FF1F938787189C439305E4
:10B0880000021795FF1F0345A52683C78703179757
:10B09800FF1F2307F726EFA0F02F6F609F97979762
:10B0A800FF1F23A5A7248280EF627F94A1451795EF
:10B0B800FF1F0345E523EFA0104EA1451795FF1F7D
:10B0C800034505239794FF1F93840422EFA0303192
:10B0D800DC4489E7EFF03FE06F60BF9303D567FF7B
:10B0E800EF907FC52A847DD5D84891476310F70231
:10B0F80091451795FF1F0345A51FEFA0D04991451E
:10B108001795FF1F0345C51EEFA0702D894703291A
:10B118004401035404011797FF1F2321F71EEFD0A2
:10B12800304783C78401210442041775FF1F1305A4
:10B1380065A31777FF1FA307F7A26119EFC0D075A2
:10B148004180814609469375F40F4A859797FF1FFA
:10B15800238A071AEFD0400E11E99797FF1F83C77C
:10B16800A72A89C79750FF1FE78020682146A14575
:10B178001795FF1F0345C517EFA0502BB1BFEF620E
:10B188001F8793F7052001112E8481CBEFF09FECE8
:10B198001345042005616F60DF8793F70510B9C771
:10B1A8009794FF1F93844414DC48EFF03FCA179725
:10B1B800FF1F1307E704184383C784010347870366
:10B1C8006316F700DC4499C3EFF0FFE48547930565
:10B1D80000021795FF1F0345A5111797FF1F232F7F
:10B1E800F710EFA0301B134504106DB793F705084F
:10B1F800ADC79797FF1F83C73711E917194697956A
:10B20800FF1F938585101305D10093F4F70F179945
:10B21800FF1F0349690FEFF0704593970401C1833D
:10B228001797FF1F1307C70E231DF100231CF100FA
:10B238009797FF1F9387470B3ACE3ACAD8432306FE
:10B24800010009CBDC439315890154080D46E185BB
:10B25800680082971345040835BF93F72500A1CFEE
:10B268009797FF1F93874708D84B89476304F702CE
:10B278009797FF1F83C7870413F7270001EF918B68
:10B2880089CF1306000A89451795FF1F0345450610
:10B29800EFA0D01913452400F5BD9797FF1F93879A
:10B2A80027F69C4383C787031797FF1F230AF704D2
:10B2B800EFF09FDFC5B793F7050291C7EFF0DFDE28
:10B2C80013450402C1BD93F7850091C7EFF09FD8DD
:10B2D80013458400C1B593F7150091C7EFF0BFBFC0
:10B2E8001345140045BD93F7450091C7EFF0BFBE65
:10B2F8001345440045B593F7050485C39797FF1F89
:10B3080083C787FE81CBEFF05FB191471797FF1F87
:10B318002326F7FE13450404B5BD93F7050101453F
:10B32800E38A07E69797FF1F938707FCD84B914757
:10B33800631BF7029797FF1F938747F89C4313D720
:10B3480027008583D98F858B99E3EFD070249145A9
:10B358001795FF1F0345C5F9EFA0F02385471797F9
:10B36800FF1F232DF7F8134504012DB5EF622FE8D1
:10B378009797FF1F23A007F89797FF1F23AE07F69D
:10B3880085471794FF1F1304A4E71797FF1F232768
:10B39800F7F61C4083C787031797FF1F2302F7F6AA
:10B3A800EF901FEB21C19767FF1F23A1A77C1C40CB
:10B3B800170500001305E5DC83C787031797FF1FF0
:10B3C8002300F7F41767FF1FA30EF7789797FF1F5F
:10B3D800A38C07F0EFA0B0509797FF1F238AA7F020
:10B3E8006F602FE3B7C7898E938767ED1767FF1FD5
:10B3F800232EF7766DBFEF628FDF1797FF1F034786
:10B40800A7EE795441E39797FF1F9387E7ED03C7AA
:10B41800170005079796FF1FA388E6EC03C71700D8
:10B428008D463377D7029796FF1FA38FE6EA83C628
:10B4380017001797FF1F1307A7DC184393F6F60F9B
:10B44800A9E6834787031797FF1F230BF7EA85476A
:10B458001797FF1F230AF7E89797FF1F938707E6B9
:10B468009C430144998B99EFC1451795FF1F0345EC
:10B4780025E8EFA0C07685451795FF1F034545E7EA
:10B48800EFA0407122856F60CFD883C7170085462B
:10B498006395F600834797037DB78347A70365B78E
:10B4A8009797FF1F83C747E4B1C7EF624FD485451D
:10B4B8001795FF1F0345C5E39797FF1F238607E2EC
:10B4C800EFA0E07191451795FF1F034565E2EFA0D6
:10B4D800900C91451795FF1F034585E1EFA020705B
:10B4E800C1451795FF1F0345A5E0EFA0A06A0145D8
:10B4F8006F602FD279558280EF626FCF2A8403550F
:10B5080065FFEF905F839797FF1F9387E7DDD84725
:10B51800BE840DEBEFA0DFA19C48232004009DE72B
:10B528009797FF1F23AA87DC9797FF1F23A487DC21
:10B5380089451795FF1F0345A5DBEFA0A0650145C9
:10B548006F602FCD630A87001843E1B780C39797D0
:10B55800FF1F23A387DAE9BF7955DDB7EF622FC94B
:10B568009797FF1F938787EA88432326050023249C
:10B5780005005105EF80702C6F60AFC9EF622FC7CF
:10B588001794FF1F130484E81C40411189CF9C477E
:10B598002302B5002AC61CC1EFF05FFC1C409C4B7F
:10B5A80099C33245829741016F60AFC6EF622FC4DD
:10B5B8004111444D328532842EC6EFA0DF822AC461
:10B5C8002285EFA0BF8303A84400630C0800B2459E
:10B5D800835744001840224683D54500AA8626850D
:10B5E800029841016F60EFC2EF626FC0404D1DC409
:10B5F80008C0970500009385E50213054401EF8014
:10B6080070169797FF1F938767E09C43014589E76A
:10B618009797FF1F23AC87DE6F60AFBF7D55EDBFE7
:10B62800EF62EFBC011168009305F00F02C602C873
:10B6380002CA02CC02CEEFF07FF405616F606FBDE5
:10B648009797FF1F938787DC9C43D847A1679D077F
:10B658006311F702EF62AFB901113285EFA0AFF8BD
:10B66800230AA10081456800EFF05FF105616F6072
:10B678004FBA82809797FF1F938747D99C43D84733
:10B68800A167938777036311F702EF624FB6011141
:10B698003285EFA04FF5230AA10081456800EFF03D
:10B6A800FFED05616F60EFB682809797FF1F938764
:10B6B800E7D59C43D8479547631CF702EF622FB341
:10B6C800011132853284EFA00FF2230AA1002285EE
:10B6D800EFA0CFF283574400231BA10081453ECC45
:10B6E8001C4068003ECEEFF07FE905616F606FB2E5
:10B6F8008280930785FF89CF8327C5FF91CBDC4BD9
:10B7080081CBEF62CFAE032585FF82976F606FB064
:10B718008280EF62CFAD2A843285EFA0CFECBD479F
:10B7280063EBA70018449377F5000345B7004199E8
:10B738005D8DA305A7006F60CFADEF624FAB011120
:10B748007C003ECAB70707003ECC7C003ECE5C4D6D
:10B758008DCF2A8413858700AE84EF805002A165BF
:10B768002A899D054808EF801FD09305803EB34580
:10B77800B902480893F5F50FEFA08FDC0147814621
:10B788005008A6852285EF805FEE05616F606FA87F
:10B79800EF62EFA5EFF07FFA6F60AFA7EF622FA51A
:10B7A80001117C00AE843ECAA165B70707002A8450
:10B7B8003ECC48087C00938575033ECEEF80BFCA17
:10B7C8001C44480883C5B700BD89EFA06FD750084F
:10B7D80001478146A6852285EF803FE905616F60B4
:10B7E8004FA3EF62CFA02A84AE84EFF09FF2A68524
:10B7F8002285EFF0BFFA6F60CFA1EF624F9FEFF0A5
:10B80800FFF96F600FA1EF628F9E0329C5014111F7
:10B81800630409022A843285B284EFA0CFDC2AC6E9
:10B828002685EFA0AFDD832749002A8691C7DC472C
:10B8380081C7B2452285829741016F608F9DEF6273
:10B848000F9B444D81CC2A843285EFA02FDBDC404E
:10B85800AA8589C79C4799C3228582976F606F9B89
:10B86800EF624F97032AC501411163030A062E8927
:10B87800AA84954532853284EF80FFBE85452285AE
:10B88800EFA08FC7AA89CA852285EFA0AFCC8327EE
:10B898004A009DC7DC438DC72285EFA06FC483276C
:10B8A8004A00104083564400DC437115A307A100E9
:10B8B800B2961307F1004E86CA852685829701C580
:10B8C8002380090031A08345F1002285EFA0CFC273
:10B8D80041016F606F93EF628F9165711C083EC2E2
:10B8E800B70780013EC41C0832893EC62A84AE844C
:10B8F800EFF07FF14A85EFA06FD08357A10089CF81
:10B90800AA8550002285EFF0BFF501478146500017
:10B91800A6852285EF807FD559616F608F8FEF6292
:10B928006F8B65711C088329C5013EC2B70780016A
:10B938003EC41C082A84AE8432893EC6EFF03FF02C
:10B94800638409024A85EFA06FCB8357A100AA85BB
:10B9580081CF50002285EFF0BFF0014781465000AB
:10B96800A6852285EF807FD059616F60EF89EF62ED
:10B978000F8865711C083EC2B70780013EC42A843F
:10B988001C0832853EC6AE84EFA04FC78357A1007E
:10B9980089CFAA8550002285EFF09FEC01478146A8
:10B9A8005000A6852285EF805FCC59616F606F8655
:10B9B800EF62EF83444D91E88347450093B7170042
:10B9C800B307F0403E856F60CF841845FD577DDB97
:10B9D80097070000938707032A845CCB970500002C
:10B9E800938565D113858400EF80C05780C00347D5
:10B9F8004400814761FB1797FF1F232B97A0D9B7F6
:10BA0800EF525FFD8329C501411103298500814754
:10BA1800638B09080324090191452A8A2285EF804E
:10BA28009FA485452285EFA02FAD8945AA8A228546
:10BA3800EFA08FACAA84EF80BFA883A749002A8B08
:10BA48009DC79C438DC72285EFA08FA983A7490076
:10BA5800A306A1001040835644009C431307D1005D
:10BA6800B296D6851306E1005285829709CD835791
:10BA78000B002380F400A183A380F40023800A0034
:10BA8800A306010029A88357E10022852380F4003A
:10BA98008345D100A183A380F400EFA0EFA58347DD
:10BAA800D100B337F0000347B900920701453D9B29
:10BAB800D98FA305F90041016F501FF5EF523FF3ED
:10BAC80041111DE99797FF1F93878794804305C805
:10BAD8000440130984009DC55C4099C79C4B89C7E5
:10BAE80026852EC68297B2459307803EB385F50218
:10BAF8004A85EF80005321A0404DAA8479F841017E
:10BB08006F503FF14A85EF8040535C40EDDBDC4BE2
:10BB1800FDD726858297E5B7EF527FED2A843285D7
:10BB2800EFA06FACAA852285EFF05FF96F507FEE2A
:10BB3800EF52FFEB2A84AE84EFF01FFEA685228524
:10BB4800EFF0BFBF6F50FFEC08413355B5000589D2
:10BB58008280EF52DFE91794FF1F1304648D1C5C89
:10BB68000111231701008D83858BA303F10083271F
:10BB7800040B231801002319010003D7C7013ECA8B
:10BB88003C002314E1007D572315E1000357C4024C
:10BB98003ECC02CE2316E100EF808FF58357E101FA
:10BBA800231EA10093F707E093E71710231FF10066
:10BBB8009797FF1F83C7678A85C305470145638A2F
:10BBC800E7008347840393E727001797FF1F230D98
:10BBD800F78805616F50FFE38147171701001307C6
:10BBE800673385461306710085454808EF70204B7A
:10BBF8006DF183478403F59B1797FF1F2306F7868C
:10BC080085471797FF1F230AF784E1B7EF523FDBF9
:10BC1800979DFF1F938DCD8103A6CD0639712A8983
:10BC280081478144930600023357F600058B01C70C
:10BC3800850493F4F40F8507E398D7FE83A70D0BCB
:10BC4800231701022318010203D7C7013EDA3C106B
:10BC58002314E1027D572315E10203D7CD023EDC10
:10BC6800231901022316E10202DEEF806FE88357F1
:10BC7800E103231EA102014593F707E093E717109C
:10BC8800231FF1029787FF1F83C7277DA9EF978797
:10BC9800FF1F83C7777D3EC69789FF1F9389497920
:10BCA8000144014D9D4A054B954B178CFF1F130C02
:10BCB8006C7F978CFF1F938C6C7E03DAC905630930
:10BCC8000A00EA85631459036685EFF0FFE71DC192
:10BCD800050DA1478909E312FDFE2DE09787FF1F97
:10BCE80023A0077C014521616F503FD16285EFF0A9
:10BCF800BFE579DD3247B3878400E3F0E7FE9C00B7
:10BD08001306140006043E9413178A0093578A00FA
:10BD1800D98FC207C183A30EF4FCA183230FF4FCBF
:10BD280003A70D07B317AB01D98F1787FF1F232967
:10BD3800F77663047601328461BF15449787FF1F45
:10BD480083C78771138717009786FF1F2386E670BE
:10BD580093161400230EF100171701001307871B11
:10BD6800814785067008CA854818EF704033E34755
:10BD780005F68347C10105451787FF1FA30EF76C1A
:10BD88009787FF1F238B276DB9BFEF52BFC40111DF
:10BD9800AA892E84EFD0AFA62A899784FF1F93849F
:10BDA80024696399090A9C5C414793F707036393E5
:10BDB800E70A1787FF1F0347976A894763ECE70875
:10BDC80083A7040B231701002318010003D7C70119
:10BDD8003ECA3C002314E1007D572315E10003D738
:10BDE800C4023ECC231901002316E10002CEEF80E5
:10BDF8002FD0231EA100EFC02FD78357C101230FD7
:10BE0800A100914613D78700A207D98F2312F1000A
:10BE18009787FF1F83D7676513D78700A207D98F36
:10BE28002313F100171701001307470E814750002D
:10BE380095454808EF70A02605889317240003C489
:10BE480084036D985D8C9787FF1F238F876005613A
:10BE58006F509FBBEF7090761785FF1F13054561E4
:10BE6800EF80A01D83A7040B9785FF1F83D5055F6F
:10BE780003D5C701EF1020279787FF1F83C7C75E29
:10BE880093F60702014789E61787FF1F0357075DE7
:10BE98009786FF1F239CE65C1787FF1F1307075829
:10BEA800184309CBC18B99C789451785FF1F0355CF
:10BEB800E55A02979787FF1F23A2075A9787FF1F04
:10BEC800238D07589787FF1F23AA075C9787FF1FB3
:10BED80023A8075C9787FF1F23A6075C83D78403E3
:10BEE80093F7270C93E717001787FF1F231EF756B2
:10BEF80083572903A18B99C3EF70203F11C49787FB
:10BF0800FF1F23A90754A1B78D471787FF1F2323B6
:10BF1800F754EF908FB19305803EB305B5021785AE
:10BF2800FF1F1305E554EF80C00F15B79787FF1F54
:10BF380093870750D85325C791C99787FF1F238E2A
:10BF480007509787FF1F23AD07548280EF523FAAFF
:10BF580083C7F70241112EC685071787FF1FA30065
:10BF6800F7509787FF1F2394A7509D471787FF1FF8
:10BF78002322F74EEF906FAA2A84EF900FAAB245BA
:10BF880001E5EF908FA9AA85B305B4401785FF1F77
:10BF98001305054EEF80E00841016F509FA782808E
:10BFA8009787FF1F9387C748D85331C7EF523FA4DD
:10BFB80003C7F70205079786FF1FA382E64A11CD3C
:10BFC8008C5F0D470145898185899786FF1F23A3CB
:10BFD800E648EFF09FDB6F50DFA385479305C04429
:10BFE8001785FF1F1305C5481787FF1F2324F7462A
:10BFF800EF802003CDB78280EF527F9F1787FF1F06
:10C008000347A7458547631EF7009787FF1F938758
:10C01800274283C7870393C787001787FF1F230516
:10C02800F7441785FF1F1305A544EF800001EF8033
:10C03800DFFB99471787FF1F232EF7409787FF1FBE
:10C04800A38F07409787FF1F23890740EF900F9C16
:10C05800930740063305F5029787FF1F23A2A740E1
:10C068006F503F9B9787FF1F83C70740C18B99C7B6
:10C07800EF52FF97EFF0FFAD6F50BF99695582807F
:10C088009787FF1F9387C73ADC5381CBEF523F96C0
:10C098008545EFF09FCF6F50DF9782801787FF1F8E
:10C0A8001307073901468146BA852148631E0601F0
:10C0B8009DCA2390A60083C7850393E717001787B7
:10C0C800FF1F2303F73A05A08357C705631DF50231
:10C0D800F8598547B397C70093C7F7FFF98F1787B4
:10C0E800FF1F2321F73C9C5D9183858B85C797872C
:10C0F800FF1F83C7873699EFEF527F8F1D45EFF0FB
:10C10800FFB06F501F9181E699E39306C7050506B6
:10C11800090769BF8280EF521F8B8605AA84B3097D
:10C12800B500978AFF1F938A6A37054B978BFF1FC5
:10C13800938B0B37214C639434039787FF1F9387A6
:10C14800272F9C5F9183858B89CB9787FF1F83C798
:10C15800C73081E72145EFF07FAB6F505F8A03DA84
:10C168000400630B0A041789FF1F1309692C014493
:10C17800CA8C8357C905639D4703A2855685EFF08E
:10C18800BF9C11E5A2855E85EFF01F9C05C903A73A
:10C198004C07B3178B00D98F1787FF1F2324F7305D
:10C1A80083C78C0393E717001787FF1F230EF72A0F
:10C1B80005040909E31F84FB8904B5BF231E09048C
:10C1C800C5BF1787FF1F034747298547631AF7002D
:10C1D800EF52FF81EFF05FE2EFF0BF976F507F8380
:10C1E8008280814785451306000293861700B3971E
:10C1F800F500E98F13F7F60F89E7B687E397C6FED0
:10C2080001473A858280FD4785457D56B396F500FE
:10C2180013871700E98E1377F70F89E6FD17E39761
:10C22800C7FE01473A85828089E901473A858280BD
:10C2380001473A8541016F50CFFDEF524FFB411145
:10C248002AC62E852EC4EFF0DFF9A2457D15854755
:10C25800B397A700E39EF5FC32469377360099C35F
:10C26800719A11069787FF1F9387471C94433E874F
:10C278001788FF1F1308C81A89EA8327080091073F
:10C28800F19B9786FF1F23A3F61A032588001843FE
:10C29800B307A700B3F7B702B387F540FD15FD8DC7
:10C2A80083274800AA95B306B600E3F3F6F8E371CE
:10C2B800D5F82E979787FF1F23A8D7163DDB3A8519
:10C2C8008145EF50CFF52A87ADB718419787FF1FF3
:10C2D8009387071523A4070098C35841D8C39787A5
:10C2E800FF1F23A507148280EF52CFEEAA840144D2
:10C2F8001789FF1F1309C9139309400EEF80DFE167
:10C308006345A40001456F502FF03305340383279C
:10C31800090B3E958357C501E38797FE0504F9BFCE
:10C32800EF526FEA9789FF1F938989103E84BA8478
:10C338008347060003A7090041119D83058B3D8FA4
:10C3480083C74401AE8A2A89F99BD98F238AF400CE
:10C358001C44B685231204001CC02285328A36C6C6
:10C36800EF909F99B246D2853686EFE03030DC48B0
:10C3780083A509000840858B56869D8DEFD09FD3F5
:10C3880061E918407D558347570003476700A207B6
:10C39800D98FC207C1872394F4006358F00A83C772
:10C3A800440193F70703B5CBD0489377160003A64B
:10C3B80009001D8E9787FF1F9387073E9C43ADEBAF
:10C3C800814641A003A70B0093172A00BA9718408B
:10C3D8009443834757008345670033F65601A20705
:10C3E800CD8F6311F60283473700034647000347A2
:10C3F8002700A207D18F4207D98FBD82B3F7670103
:10C40800638AF604050AEF803FD0420593170A01B4
:10C418004181C183E3E8A7FA41BFA16A370B020053
:10C42800014A978BFF1F938B6B0EFD1A7D1BE1BF93
:10C4380083C7440113070003854693F70703E39175
:10C44800E7F8A2854A85EFD05FD741016F502FDB0F
:10C458006155E5BF7955D5BFEF52CFD79784FF1FF8
:10C46800938444E59C40D9EF9787FF1F9387C7FAC9
:10C478009C436399070CEF803FCB930780023305F9
:10C48800F5028945EFF05FDA41C99787FF1F23A7B7
:10C49800A704EF807FC89307400E3305F502914546
:10C4A800EFF09FD835C99787FF1F23ABA702EF800E
:10C4B800BFBE01CDEF805FBE91450E05EFF0DFD620
:10C4C80021CD9787FF1F23AFA700EF807FD711CD1E
:10C4D800EF801FD7D9473305F5028945EFF0DFD440
:10C4E80005CD9787FF1F23A9A7FEEF80FFC19145C0
:10C4F8000A05EFF07FD30DC19787FF1F23A8A70078
:10C50800014521A8EF809FCE930780063305F502E9
:10C518009145EFF07FD101E565556F50EFCE9787D4
:10C52800FF1F23A7A7F20144130A80061789FF1FDC
:10C53800130909F0B14AEF807FCB6364A4029C40E1
:10C54800E38407F2EF809FCA9307A0043305F5023E
:10C558008945EFF07FCD69D19787FF1F23ACA7FAF4
:10C5680019BFEF80BFC789450605EFF0FFCB4DD552
:10C57800B3094403032709024E9708CBEF801FC570
:10C58800330555039145EFF03FCA59D58327090272
:10C5980005041374F40FCE9788DB71BF9787FF1FCC
:10C5A800938707E9884705898280C167FD17631962
:10C5B800F5009787FF1F9387A7E703A5070B8280DE
:10C5C800EF52EFC2EFF05FD26F50AFC4814709C599
:10C5D8008347E501B337F0001787FF1F130747E5C7
:10C5E80018470983058B19C393E727003E85828086
:10C5F800EF52EFBF2A84EFF07FFD8347E401AA855D
:10C608001305940899E3130504039786FF1F93867F
:10C6180026E29442130615021307840213059504B3
:10C62800EFD02FC86F50EFBEEF52CFBA9784FF1FDD
:10C63800938404E098442A892E840983058B9C40BE
:10C6480019C76314F5006380050E014401A2E3FED7
:10C65800A7FE1387A702E36AA7FE850763FCA7085E
:10C6680083A9440BEF805FA31316350081454E85DF
:10C67800EF50EFBA9787FF1F23AC27DB9787FF1F81
:10C6880023AA07DA49CC9C4493E747001787FF1F82
:10C698002324F7DA9787FF1F238807E0630F040C2A
:10C6A8009787FF1F23A627D901440549EF80DF9EFE
:10C6B8006341A40AEF805FA193050006B3C5A502F4
:10C6C800B7F73600938707E81785FF1F130505DEC0
:10C6D800416901449309400E7D19B385F502EF7055
:10C6E8005014EF807FA3634FA4080145EF30806F9B
:10C6F8000544A9A86398A7029DE583A9440BEF8088
:10C70800BF991316350081454E85EF504FB1978775
:10C71800FF1F23AF27D19787FF1F23AD07D09C4466
:10C72800ED9BADB785C51787FF1F0347E7D793076D
:10C73800F005E3FCE7F021F8EF60303C6DD19C4454
:10C7480093E707021787FF1F2328F7CE22856F502C
:10C75800AFAB83A7440B131534003E9583570500F0
:10C7680081CB8347250099C721468145EF502FABE0
:10C7780005042DBF23012501E5BF9787FF1F23ABC4
:10C7880007CA0DBF3305340383A7040B3E958357AF
:10C79800C50163842701EFF0BFE5050499B7EF529F
:10C7A8000FA5EF807F92130400063345A4029784F7
:10C7B800FF1F9384E4C783C784073E951375F50F5D
:10C7C8009787FF1F2382A7CE9307F00563E7A70289
:10C7D8000545EF302061EF803F8F3345A402B7F560
:10C7E8003600938505E8B305B5021785FF1F1305C5
:10C7F800E5CBEF7010036F50CFA19C4405458983AA
:10C80800858B81CBEF908F9288408145EFF0DFE1F7
:10C81800DDB7EF30205DC5B7EF52CF9B1304950805
:10C828002A8913069005A28513050503EFE0006425
:10C838001306900581452285EF506F9E4A85EF309B
:10C8480000548144178AFF1F130A8ABE930A800284
:10C85800EF809F8D63C4A4006F500F9B33845403F3
:10C868008327CA0A3E94035704008357C9016317F4
:10C87800F702834744009DC3930964014546CE856A
:10C8880013055400EFE0805E454681454E85EF5024
:10C898000F99228523020400EF30405685044DBFCE
:10C8A800EF52EF949787FF1F9387C7A09C432A8472
:10C8B80091C70DC50355C501EFE06FC99787FF1FE5
:10C8C800938787ED9C4389CBEFB09FDA8547631543
:10C8D800F5002285EF50005D6F50AF9341657D15DF
:10C8E800E1BFEF52CF901784FF1F130464B4444094
:10C8F800938714001787FF1F232EF7B2EF30A05D30
:10C908001C448983858B9DE75840B7E7B00093871F
:10C91800075063F1E7020145EFF01F9D01CD054582
:10C92800EF90CF80084085450505EFF0FFCF014522
:10C93800EFF01FF726856F50CF8DEF52AF89A164B6
:10C948002A8901449789FF1F938949BCFD14338ABA
:10C95800A500EF806FFB6344A4006F50EF8A03A724
:10C96800090093172400BA979843658F42074183BB
:10C97800634C2701635A470123800700A3800700FF
:10C9880023810700A38107000504E1B7EF522F8335
:10C9980083594500C547411163F537310441C1E565
:10C9A80033853401834785FF034795FF0348B5FF67
:10C9B800A207D98F0347A5FFC207220733670701DC
:10C9C800D98F0347C5FF0348D5FF220733670701FF
:10C9D8000348E5FF0345F5FF420722083365A80031
:10C9E800498FB98F1787FF1F130707B01788FF1FD5
:10C9F800130888B13A85832807006384172B110729
:10CA0800E31B07FF1787FF1F130707B01843131807
:10CA1800270042951CC10507A1473367F70297878E
:10CA2800FF1F23A3E7AE93F735001397470083470B
:10CA38004601C16B368993F7F7FCD98F32842E8A69
:10CA4800230AF600814A178CFF1F130C6C9EFD1BEE
:10CA5800978CFF1F938C0C86178DFF1F130D8DABC2
:10CA6800EF808FEB63C7AA00E154268541016F4030
:10CA7800DFF81308400EB3870A0303280C0BB30D25
:10CA8800F800638E0D2083D7CD01638A772183A7B1
:10CA98000C00014B639707169787FF1F9387C7976B
:10CAA8009C436390071683C7040003C70D0493F7DC
:10CAB800F707631BF71ACA872287CE8626869385CF
:10CAC8009D0613851D04EFF0BF85631F051883D7E6
:10CAD800CD01032709002320B4012312F400FD57D8
:10CAE8002313F4008347170093F6F7078347D4000E
:10CAF80093F707F8D58FA306F40093F7F707B33732
:10CB0800F000B307F0402307F400834717009D8324
:10CB18009396370083474401DD9BD58F230AF400A1
:10CB28008347370083464700A207D58F83462700EF
:10CB3800C206D58F1CC88347770003478700A20722
:10CB4800D98F2315F4000D476304EA00BD5491DF23
:10CB580093870710C207C1831307B00FBD54E3764C
:10CB6800F7F0EF806FD58144E31105F09786FF1F3A
:10CB780083C6069A938716001787FF1F230AF7981C
:10CB88001787FF1F13078798231BD4009397260046
:10CB9800144303578400E175BE96A1671386F7FF17
:10CBA800B377C70098426D8FD98F9CC21848F18F10
:10CBB8003E07D98F9CC2EF802FD59787FF1F83C769
:10CBC800279533F5A7029787FF1F2383A79471BD85
:10CBD8009307A004B308FB0283270D00BE9803D770
:10CBE800080083D7CD01631DF70083C7040003C77E
:10CBF800880093F7F707630BF70083C7FD019DEBE8
:10CC0800050BEF80AFDEE345ABFC71BD9385980162
:10CC180013859800CA872287CE86268646C6EFF0F7
:10CC28002FF0B24879F98347440193E74700230A74
:10CC3800F40071BD83C7040003C7980293F7F70790
:10CC4800E310F7FCCA872287CE8626869385A80339
:10CC58001385A802EFF0CFEC45F58347440193E72D
:10CC68002700230AF400C1B783C7FD018DCB83C712
:10CC7800040003C79D0993F7F7076312F702CA87F1
:10CC88002287CE86268693852D0C1385AD09EFF075
:10CC98002FE911E58347440193E7270049BF850A37
:10CCA800C1B3FD54D9B3EF421FD279718354450003
:10CCB800AA8B2E84B28AEF802FC859056346950443
:10CCC800EF808FC7590542054181EF8010382A89C6
:10CCD80005CD2AC623180100EF800FC65905231970
:10CCE800A1006146814528089779FF1F93894974F7
:10CCF8004ACAEF40DFD22302810203A489000588D3
:10CD080019E44A85EF80502F45616F405FCF74006A
:10CD18003008D6855E85EFF07FC765F56800EF803F
:10CD28009FFB178AFF1F130A2AA783270A00AA84D2
:10CD3800035B010189CB89476397FA008355010298
:10CD48005E85EF50C02F03552102EF700FDB19E508
:10CD580003552102EF704FE73334A0008347C10227
:10CD68001A042C0893F7F7FB5D8C680023068102F0
:10CD7800EF607056E9576314F5028356E10297771E
:10CD8800FF1F9387A7789C43139726006176BA976D
:10CD98009843718F98C39777FF1F238BD776831794
:10CDA80021026345F00085476396FA00B25793F76E
:10CDB800070CA1FBD247C2040347C102C180BE943D
:10CDC80026C62318610113770703C147631CF700C0
:10CDD80083475102054793F7F707E384E7F2EFB07B
:10CDE800AFD835A892570544A18393F7F707E37A9C
:10CDF800F4F0630507108347C1021307000293F795
:10CE080007036397E700EFB0BF868547E31BF5EE9E
:10CE18008347C10293F70703F9F3EFB0AFE4AA859C
:10CE280001460545EF80EF862A84E30C05EC83472D
:10CE3800C102414793F707036384E70232478347F8
:10CE4800170093F707F8A300F70032479257834675
:10CE58001700A18393F7F707FD17D58FA300F700F5
:10CE680003560101B245130BC4005A85EF807FEBCE
:10CE7800E24A130690058347C10283C4EA01918BF5
:10CE8800B384C40213851404569595C35444B387D8
:10CE98009A0083C7070403C70600137707F823809F
:10CEA800E600584483460700D58F2300F700B257A1
:10CEB80003A609008146858B1D8EDA85EFD02FA544
:10CEC80015E9B25783A50900484413869406858B53
:10CED80056969D8DEFD00F9E11ED83270A0085EBA6
:10CEE800B257054791838D8B6380E706A1CB09472D
:10CEF8006382E7062285EF906F8421B5EFB00FD4E7
:10CF0800E30B85EEEFB0CFF6E31D85DEEDB5EFB0B0
:10CF18002FF685476309F5008347C102414793F718
:10CF28000703E39FE7FA835521025A85EF40907C77
:10CF380045D983172102E355F0FA6DBFEFB00FD042
:10CF48007D15133515005DD5014681452285EF70A5
:10CF58001FFD4DB7EFB0CFF1E5B7EF425FA997746A
:10CF6800FF1F9384644E2685EF801FF62A8419E1FB
:10CF78006F403FAA1305C40005468145EFF0BFD2B4
:10CF88002285EF80BFFBC5B7EF427FA64111AE8473
:10CF98002A8493079503130715019306F1000546A4
:10CFA8006C00268523060100EFD0EFC61DEDA6858F
:10CFB80041462285EFD0906B8347F1009305140218
:10CFC80026852308F400EFD08FD005E19777FF1F5F
:10CFD8009387877C9C4389EF130694049705010087
:10CFE8009385C5F32685EFD0AFDC41016F407FA262
:10CFF80013069402970501009385C5F22685EFD0A4
:10D008002FDB79D9DDB7EF42FF9C9777FF1F938716
:10D01800E74F8043AE84B289368AAA8AEF80CF8EE2
:10D028001316250081452285EF407F9F9777FF1FC4
:10D038002380074E9777FF1F9387873F03A4070B2B
:10D0480013F714003E89230FE400CE8525C7130586
:10D058009408EFF07FF301C555556F40FF9A894753
:10D06800A30FF4009777FF1F938707739C43032749
:10D078008900858093B7170086072300F402231ED2
:10D0880054019777FF1F23A5473B85889377B7FF00
:10D0980099C0936747001777FF1F232FF73822851A
:10D0A800930700061777FF1F2300F740EFF04FD4D0
:10D0B800014565B713050403EFF01FED45D569BFBA
:10D0C800EF42FF92FD572310F500231105002312AC
:10D0D8000500231305001306200481452105EF40B0
:10D0E8001F946F401F93EF42FF8E4111AA840144A1
:10D0F8001779FF1F130909429309A0042EC6EF8070
:10D10800EF8EB2456344A40061550DA03305340386
:10D11800832709003E9583572500639CB7008357F2
:10D12800050063989700EFF0BFF9014541016F4092
:10D13800BF8D0504E1B7EF42FF899777FF1F9387FB
:10D14800A72D9C434111AA842E84B2890359250036
:10D15800C1C39777FF1F83D76730639B2707EF709B
:10D168002F992A8903D5240093051002B305B40228
:10D1780085472302F10093578900A302F1009357D2
:10D188008500A303F10083D744002304A1002546AA
:10D1980013D787002305F10083D76400A304E100B7
:10D1A8004E8513D78700A305E1002306F1001387F6
:10D1B800950093879501A105B386B400A6974C0006
:10D1C800269723032101EFD00FA541016F40DF838C
:10D1D800EF700F9251BFEF42EFFF4111AA84014453
:10D1E8001779FF1F130909339309A0043AC636C4F7
:10D1F80032C22EC0EF709FFF82451246A2463247C8
:10D208006344A400615599A0B307340303250900BA
:10D21800AA9703D8070003D5C4016310A80495E9A9
:10D228001DEE91CA03C6E401930510023306B60247
:10D2380025063E9690C2014511CB83C6E40113062C
:10D248001002B386C602E506B6971CC341016F40BB
:10D25800AFFB03D52700E305B5FC050441BF83C533
:10D26800E40113051002B385A502BE9583C58500A8
:10D278002300B6007DB7EF42EFF55C4141112A84E7
:10D2880003DA2700C167FD17AE843289630CFA0000
:10D298002685EF80FFA48D4763EDA7007D554101EA
:10D2A8006F408FF62E85EF80BFA39D47E3E2A7FE70
:10D2B800F5B75C40268583D54700EF801F9B8355D3
:10D2C80084002685EF807F9A8D452685EF80BF985C
:10D2D800AA89EFF00FE1935705012380F9009357CE
:10D2E8008500A380F9002381A9005840C167FD1774
:10D2F8008345A7006314FA0093E505082685EF80A7
:10D308009F999777FF1F938727119C430840D9CF90
:10D318008347B400858BD9CB78003400130671009D
:10D328008145EFF05FEB1DC98347B40018409306B1
:10D338009005F99BA305F4008347E701B387D7025B
:10D34800B306F70083C60604A303D1009386170427
:10D3580093879706BA96BA9736C43EC61774FF1FC6
:10D368001304040D1C440C4026858983858B9D8DF0
:10D37800834771009E05DD8D93F5F50FEF80BF9112
:10D388001C44104022458983858BCA861D8EA6853C
:10D39800EFC0FFD7E31505F01C440C4032468983E3
:10D3A8008840858B9D8DEFC0FFD0D5BD8347B400E5
:10D3B80013079005F99BA305F4008347E501B3879C
:10D3C800E7023307F50003470704A303E1001387C7
:10D3D8001704938797062A973E953AC42AC6BDBF75
:10D3E800EF424FDF032A45009307F00FAA84034753
:10D3F800AA00AE89328436896316F700EFB0EFB51C
:10D408002305AA00938AC9000146D6852685EFF030
:10D418009FE62A8A21E51777FF1F1307E737184386
:10D42800DC4039C383C6A7000547638FE60283D56E
:10D4380047005685EF40102C05C9DC40839747000C
:10D448006354F00201CC1C4089C74A8681450145D6
:10D4580082975C4081C7CA85014582974E85EF80D7
:10D46800FFAD52856F404FDADC4003D54700EF60CF
:10D47800DFE801E9DC4003D54700EF60FFF48147AE
:10D488001DCD19C41C4089C74A868145014582972C
:10D498004E85EF80FFA9AA851775FF1F1305C5FAEA
:10D4A800EF805FA011C45C4081C7CA85014582979F
:10D4B8001775FF1F130585F8EF6050358547D8406D
:10D4C80085460346A700E30BD6F8031747006353C6
:10D4D800E000C9F74A86A2854E85EF705FA4BDBFFC
:10D4E800EF424FCFAA8401441779FF1F130989021D
:10D4F8009309A004130A9508EF705FCF6344A40052
:10D50800014535A033053403832709003E95835729
:10D51800250099E30504CDB70357050083D7C40157
:10D52800E31AF7FE52868545EFF0FFC065D56F40D8
:10D53800AFCDEF422FCAAA8401441779FF1F130900
:10D5480069FD9309A004EF707FCA6344A4006F408B
:10D55800AFCB33053403832709003E958357250055
:10D5680081CF8357050063999700930595021306A9
:10D5780010022105EFD0900F0504F1B7EF422FC735
:10D588000347E5012A848347F5016307B70089E764
:10D5980081452E856F40EFC7230FB400054781C929
:10D5A800E398E7FE8947A30FF4008545DDB7638B51
:10D5B800E7020947E39FE7FC2285EFF0EFA597779D
:10D5C800FF1F938767E59C4399E79777FF1F93872A
:10D5D80067CE9C4389C70355C401EFF09FF5A30F9D
:10D5E8000400E1B755D6C9BFEF42CFBEEFA07FF91F
:10D5F80085476312F508EF80EFD71774FF1F1304F0
:10D60800A4191C4081CBEFB0AF8689476304F500AD
:10D618001C4082979777FF1F938707E09C43B9CFF9
:10D6280082979777FF1F9387E7C89C4391C3829798
:10D638001774FF1F1304C4DF8327040B83D4C701A7
:10D64800EF601FCB8327040BAA85144003C6E701AC
:10D658001C448983858B99C31366260026854169F6
:10D66800EF40C03D8144D9497D19EF707FBD63CA41
:10D67800A4006F406FB9EF800FD541B7EF707F9569
:10D688004DB7B38734030327840ABA9703D5270015
:10D698006308250103C6470183D50700EF40A03B77
:10D6A8008504E1B7EF420FB301449774FF1F9384D9
:10D6B80024D81309400EFD59EF701FA6634FA40428
:10D6C80001449774FF1F9384A4D613098002FD595F
:10D6D800EF709FA5634CA40401449774FF1F9384C3
:10D6E80024D55949FD59EF70BFB5634AA40497F58D
:10D6F800FFFF9385050B1775FF1F130525DBEF60EB
:10D70800700697050000938585851775FF1F13051B
:10D71800E5D2EF60F0036F402FAF3307240383A7F0
:10D72800040B0504BA97239E370179B733072403FE
:10D7380083A7C40A0504BA972390370151BF33075A
:10D74800240383A7840A0504BA972391370161BF8C
:10D75800D4410387350085473356F5026377E600E1
:10D76800A54899E7238006008280B387E702EDB7D2
:10D778003358F502038735003375F502B3D7E7024E
:10D788001307000363DA080103C6050013077003D3
:10D79800118A19E21307700585064297A38FE6FEE2
:10D7A800C9B718451C416376F7005C41BA972380D6
:10D7B800B7001C4585071CC58280EF424FA3411165
:10D7C800AA872E85B285368636C6829763480500B5
:10D7D800B246158D3335A0003305A04041016F4096
:10D7E8004FA3EF422F9F056941112A8A2320060083
:10D7F80001448149977AFF1F938A4AD4056B7D19A2
:10D8080032C62EC4EF705F92AA84EF70FF902695FF
:10D81800A24532466346A4004E8541016F40CF9E23
:10D8280003A70A0093171400BA9703D707003377A2
:10D83800670101E71CC20504E1B703D70700935647
:10D84800D700858AE39946FF33772701E315B7FEAA
:10D85800BE89D5B7EF42AF9901112EC6B284368979
:10D86800EFB0AFF82A84615501C8B24589E9232E83
:10D87800040023200402014505616F408F99A146E9
:10D888003008CA852685EFF05FF37DF5835781015F
:10D898000357A101231EF4008357C1012310E4029A
:10D8A8002311F4028357E101D207D1832312F40232
:10D8B8008357E1011397370163560700FD57231F6C
:10D8C800F4005DBF231F040045BFEF42AF901774FB
:10D8D800FF1F1304E4B58327040B03D7C701C167EF
:10D8E800FD17630EF7109777FF1F938727EB9C436D
:10D8F80081C70545EF406077C1690149930A400E29
:10D90800FD19177BFF1F130B2BE9EF70FF80634B8B
:10D91800A90E1777FF1F034727B99307F00563E49C
:10D92800E702EF706FFA93050006B3C5A502B7F7D3
:10D938003600938707E81775FF1F130525B7B385CA
:10D94800F502EF60006E814517050000130585207C
:10D95800EF70CF8AEFB06FE901CD0357C50109CB4E
:10D968000357E50111C78347050299C3EF60006AB1
:10D97800EFB0EFE831C51777FF1F0347A7BF9777C9
:10D98800FF1F938727BF0DCF03C717002304E500A8
:10D9980003C72700A304E50003C737002305E500F4
:10D9A80003C74700A305E50003C757002306E500A2
:10D9B80003C7670083C77700A306E5002307F500C0
:10D9C8001C4493E717001777FF1F2327F7A65C402F
:10D9D80085E7EF70AFFC0DC1EF704FFC44402A891A
:10D9E800EF70CFFB33F5A4025C40FD17CA97898F0F
:10D9F8001777FF1F2320F7A40145EF709FAC01455F
:10DA08006F408F80B30459038327040BBE9483D7D8
:10DA1800C40163883703138A0403D2855285EFF063
:10DA2800AFD605E183C7F40199CF938594082E8575
:10DA3800EFF08FD509C91306900581455285EF305F
:10DA48001FFE0509D9B583270B00268593B7170054
:10DA580086072380F402EFE0BFB9E5B7854763F88E
:10DA6800A7009307F5FFBE953305A040E98D2E85E5
:10DA780082809841C167BA9713D707016304A7004A
:10DA88009CC182804207998FE5BFEF325FF6411152
:10DA98002EC63284B684EFB08FD6E15701C9B2459D
:10DAA80091E99777FF1F238707AC81473E8541019E
:10DAB8006F303FF69D461776FF1F1306B6ABA68557
:10DAC8002285EFF09FCFAA8775F105479776FF1F4C
:10DAD8002382E6AAE1BFEF32FFEF411191E9977780
:10DAE800FF1F23A907940144228541016F30DFF10C
:10DAF800B68532858D467000EFF03FCC2A846DF5EF
:10DB08008347D1000347E1001779FF1F13094992A2
:10DB1800A2074207D98F0347C100D98F1777FF1F84
:10DB2800232AF790EF708FE761D1EF702FE78324F6
:10DB38004900AA89EF708FE633F5A40283274900CC
:10DB4800FD17CE97898F1777FF1F2325F78E69BF9B
:10DB5800EF32FFE91C45AA8491CFD84B01CF83D778
:10DB6800470089CBEF60DFA4AA8509C58844610511
:10DB7800EF60204B9777FF1F9387078A9C430144E8
:10DB880089EF6F301FE99C4813171400BA9703D523
:10DB9800070019C1EFE08FD00504EF70EFD4E3441C
:10DBA800A4FEC5B7EF32BFE4011185E9EF605FEC71
:10DBB80001449777FF1F23A907909777FF1F23A793
:10DBC80007909777FF1F23A507909777FF1F23A339
:10DBD8000790228505616F30DFE3B6873285C94635
:10DBE8007000BE85EFF07FBD2A8465F54146930538
:10DBF800E1001775FF1F1305258DEFD0202703556A
:10DC0800C100EF60AFEAF1B78DE19777FF1F23A15D
:10DC180007829777FF1F9387A7819C470145ED9B54
:10DC28001777FF1F232AF7808280EF325FDC4111CC
:10DC3800B685328595463000EFF03FB815EDA2471E
:10DC48001767FF1F2326F77E9767FF1F9387477E77
:10DC58009447B24713F7B6FF13F6170019C213E734
:10DC68004600858393F7F7079766FF1F23A6E67C90
:10DC78001777FF1F230AF78241016F309FD9EF32D0
:10DC88007FD503841500DC412A89AE848507038784
:10DC9800F7FF19C36340800C8387240091C763553D
:10DCA80080007D14620461849C40370700FF0907E7
:10DCB800F98F3707001009076392E70A6355800058
:10DCC80079146204618483C70400858B95E3937992
:10DCD800F40F4E8A93178A01E187634AF008A287F6
:10DCE8006353040081473384F9407D1462046184DE
:10DCF8008385240081C54A85EFF0BFAA9C40370779
:10DD080000FF0907F98F370700100907639AE7062C
:10DD1800930500034A85EFF0DFA883C70400930545
:10DD28008005918B99E3930580074A85EFF07FA7DB
:10DD380083C70400858B81CB1374F40F9317840178
:10DD4800E1876347F004C04005048305F4FFA1E9B7
:10DD58006F309FCB7D14620461840DBF37070008C4
:10DD68000907E392E7F6E35080F67D1499BF93051F
:10DD780000024A857D1AEFF0DFA2137AFA0F99BFE5
:10DD8800370700080907E395E7FA9305000371BF11
:10DD9800930500034A85EFF0DFA07D1471BF4A8523
:10DDA800EFF03FA055B7EF329FC4EF70EFB72A846A
:10DDB800EF708FB6229589450605EFE0EFC6E55767
:10DDC80011C59767FF1F23ABA77681473E856F3044
:10DDD8005FC4930700026306F5005D15133555000F
:10DDE800828005458280EF32FFBE4111AA892A89C7
:10DDF800130419008304F4FF32C62EC42685EFF0FD
:10DE08005FFDA245324659E19307D0026392F408B8
:10DE1800830404000548130429009377F6FEC9E734
:10DE280093070003639FF40E83070400130780051C
:10DE380093F7F7FD6399E706830414004146090444
:10DE4800B70600806314080093C6F6FFB3FEC60247
:10DE58008147254F654EFD5F33D3C602138704FD06
:10DE68006368EF06BA8463D5C408630DF5017D5570
:10DE7800636AF3006394670063C69E000545B307B1
:10DE8800F602A69705048304F4FFC9BF22898DB75B
:10DE98009307B0020148E392F4F8830404002A8847
:10DEA800130429009DBF01CA8947E31BF6F89307AD
:10DEB8000003E397F4F8830704001307200493F79B
:10DEC800F7FD639BE70483041400094609048DBF2A
:10DED80013E704021307F7F9636CEE009388F4FB69
:10DEE8001307700363741E0113077005998CA5BF8F
:10DEF8007D576300E50263040800B307F04091C54D
:10DF080019C19309F4FF23A035013E8541016F3003
:10DF1800BFAFB687FDF5D5BF9304000315F22146C0
:10DF280005B719FE294629BFEF32DFAA011161544E
:10DF38000DC53284AE89414681453689EFF0BFEA86
:10DF480093140501C180639E09002685EF30102BCC
:10DF5800014401C58145EF205016228505616F30C7
:10DF6800BFAA2285CD467000CA85EFF01F852A8496
:10DF78006DF52685EF30902809E90356C1008345E1
:10DF8800E1012685EF20500B01C941469305E100C8
:10DF98001105EFC0B06DD1B75D54C1B7EF329FA383
:10DFA8000111E15401CDB284AE89414681453689DB
:10DFB800EFF07FE32A846397090081442685056191
:10DFC8006F309FA42685D1467000CA85EFF0EFFE1A
:10DFD800AA846DF58357C100EDD3EF702F9B4205DE
:10DFE800931704014181C18363F9A702EFB04FC0C1
:10DFF8004204E14741803304F40241460C082A9464
:10E0080013054400EFC090668357E1002311F40024
:10E018008357C1002310F40055B7E55445B7EF32D4
:10E028007F9B7971E15415C53284AE89414681459B
:10E03800B684EFF05FDB1319050113590901639EDC
:10E0480009004A85EF401065814401C58145EFB05C
:10E05800EFBA268545616F303F9BA685930630024F
:10E0680070002285EFF06FF5AA8465F54A85EF40C8
:10E0780070622A8411E54A85EFB0CF962A8431C5AB
:10E088008357C10023112401930964002310F4006D
:10E098008347E1009305F10041462302F4004E85D1
:10E0A800EFC0D05C1309740141469305F1014A851C
:10E0B800EFC0D05B930554004E85EFC06FC7930542
:10E0C80064014A85EFC0CFC669B7DD5459B7EF324E
:10E0D8007F90797111E5E154268545616F30DF92B3
:10E0E800B284AE89414681453689EFF0DFCF131AF5
:10E0F8000501135A0A015285EFE02FCB2A84639851
:10E10800090071D98145EFB0EFBD8144F1B726858B
:10E11800930610027000CA85EFF02FEAAA844DFD1D
:10E1280031C8B2479305D1004146858B230FF400CF
:10E13800B24713050403858393F7F707A30FF40089
:10E14800EFC0D05241469305D10113059408EFC0A2
:10E15800F05159B73304690383A70A0B3E948357D8
:10E16800C401638337030509EF601FFBE344A9FE7D
:10E17800DD549DB7C1690149976AFF1F938A4A2BED
:10E18800130B400EFD19CDB7231E440159BF49CDCD
:10E19800EF325F844111B289AE8441468145368AA7
:10E1A800EFF07FC4931A050193DA0A010149176B4E
:10E1B800FF1F130BEB27EF603FEE634AA9000145F1
:10E1C800ADCC81441769FF1F1309892681A88327CD
:10E1D8004B0B131439003E9483570400638857058A
:10E1E8000509D1BF8327490B139434003E94835704
:10E1F800040085E72310540191467000D2854E85AE
:10E20800EFF0AFDB1DE9B24713978700E183218365
:10E21800858B58C02301F4000DA08504EF60DFE76B
:10E22800E3C2A4FC5D5511A861558280F1F4214632
:10E2380081452285EF30AFFE014541016F30CFFCAB
:10E248001971D2C4130AC10686CEA2CCA6CACAC8FE
:10E25800CEC6D6C2B6D6BAD8BEDAC2DCC6DE52C47C
:10E2680063810524FD151C102ACC2ECA02CE3EC897
:10E278009304B0021549A949830506001304160042
:10E288009DE1F2465247E24763FBE620B6972380BA
:10E2980007007245F6406644D6444649B649264AC0
:10E2A800964A09618280930750026386F500480800
:10E2B800EFF02FCFF5A88357C100230701000145D0
:10E2C80093F7C70F2316F10081450148014701461E
:10E2D80081469308D00213030003130E300205048D
:10E2E8008307F4FF99C7638C970463C3F404638BB3
:10E2F800C70501CA0346C100858A799AD18E2306CB
:10E30800D100630908008346C100098BF59A558F2F
:10E318002306E10019C12307B100138707FD13770E
:10E32800F70FA54663E2E6068146A545294535A0CF
:10E33800E38717FBE39F67FA0546FD564DB705458A
:10E34800854571BF05487D5759BFB386A6020504A8
:10E358008307F4FFBA96E206E18613F7F70F130670
:10E3680007FD1376F60F63E5C500138707FDF1BFB8
:10E378001306F7F91376F60F636EC902138797FA37
:10E38800E30537FDA306D100130790066385E7046C
:10E39800634BF706130780056384E70A6345F702B2
:10E3A800E38107EE1307500293055002E381E7F07B
:10E3B8002286D9B51307F7FB1377F70FE364E9FC57
:10E3C800138797FC75BF130730066386E70A1307A0
:10E3D8004006E39FE7FC03250A00A947A307F100CD
:10E3E800930A4A00635805009307D0023305A040FA
:10E3F8002307F1006C00EFF0AFB56C004808EFF0B0
:10E408001F88568A75B713073007638EE70663417E
:10E41800F7021307F006638EE70413070007E39972
:10E42800E7F80347C100136727002306E10009A89E
:10E4380013075007638BE70213078007E39AE7F691
:10E44800938787FA414793B71700A307E10013970B
:10E4580027008347C100ED9BD98F2306F100930A5B
:10E468004A006C0003250A0079B7A947A307F10001
:10E47800FDB7A147E5BF83050A004808930A4A008B
:10E48800EFF02FB2BDBF83270A006C0048083EC8D2
:10E49800EFF0EFFE1C10930A4A003EC89DB7BA97EA
:10E4A800FDB30145C5BBEF328FD42A883685834634
:10E4B8004800BA8703475800A206D98E328717F654
:10E4C8000000130666A889E517F60000130686A85B
:10E4D800BE85EFF0FFD66F30CFD39767FF1F9387C6
:10E4E800E7089C4381CFEF328FD0D843B2862E867F
:10E4F8001847AA853E8502976F30AFD16155828053
:10E50800EF32EFCE8357050039712A84231EF100BC
:10E51800834745009305650041461305F101230F24
:10E52800F100EFC0B0149305740141461305F102E0
:10E53800EFC0D0138356240017F600001306C6A9AF
:10E54800E5450A85EFF0DFCF6C08130630020A852F
:10E55800EFF0BFF821616F30CFCBEF324FC939717F
:10E568002A849305050341461305D101EFC0101015
:10E578009305940841461305D102EFC0300F834735
:10E58800E4010347F4018356C401858B0607D98F3C
:10E5980017F60000130606A5E5450A85230EF100C7
:10E5A800EFF01FCA6C08130610020A85EFF0FFF29D
:10E5B80021616F300FC6EF32EFC137040001B70495
:10E5C80000FF0111814A1769FF1F130969E67D14CD
:10E5D8009389F4FF17FA0000130A4AA5EF60DFAB2E
:10E5E80063C5AA0005616F302FC28327490B1397B3
:10E5F8003A003E978347370095CF5C43A301070055
:10E608005286B3F687008247E5454800E58FD58FE7
:10E618003EC083462700B3F73701858AE206D58FC7
:10E62800835607003EC0EFF0BFC111468A854800F7
:10E63800EFF0BFEA850A5DB7EF326FBB014681454F
:10E64800EFF0BFE96F30EFBC83576500638E071AA0
:10E658001D71A2CCA6CACAC886CECEC6D2C4D6C29E
:10E66800DAC05EDE801013F717003289AA8431CB36
:10E67800F99B2313F500EF603FA606053D05419978
:10E688000A8BC16A3301A1408A8B8149014AFD1A6C
:10E69800EF609FA4634CAA0C7947930604FB17F616
:10E6A80000001306A697CA852685EFF0DFDF638F83
:10E6B800090C13961900DE85130504FBEFF0FFE142
:10E6C8005A8183D7640013F7270021CBF59B239346
:10E6D800F400EF607FA106053D0541998A8A330160
:10E6E800A1400A8B8149014AEF601FA06345AA0A2D
:10E6F8006547930604FB17F600001306A692CA8521
:10E708002685EFF05FDA6387090A13961900DA8520
:10E71800130504FBEFF07FDC568183D7640013F701
:10E72800470005CBED9B2393F4006547930604FB54
:10E7380017F600001306468FCA852685EFF0BFD668
:10E748009C4481C703D747003DEB130504FBEFF05A
:10E75800BFEE130104FAF6406644D6444649B6496A
:10E76800264A964A064BF25B25618280DC441317E1
:10E778001A00BA9703D7070063085701939719003F
:10E78800DE972390E7008509050A19B7130504FBEE
:10E79800EFF09FEA35B79C4813171A00BA9703D7CA
:10E7A800070019C793971900DA972390E70085099E
:10E7B800050A1DBF130504FBEFF01FE8B1BF2314C2
:10E7C800E4FA03D767008326C4FA21465207518327
:10E7D8002315E4FA370700F0758F9447930584FAF8
:10E7E800130504FB92069182558F2326E4FA83C70A
:10E7F800770013F707018347F4FABD9BD98FA30766
:10E80800F4FAEFF09FCDB1B78280EF32CF9B176457
:10E81800FF1F1304E4C10444797193F7F4FB1767ED
:10E82800FF1F232BF7C093F70404A1C78588A1E035
:10E8380097E900009389897FEF601F8663DBA40254
:10E848008327440B139934003E998356090091CECF
:10E858004E86E5454808EFF0BF9E4808EFF0DFDD3B
:10E86800214681454A85EF308F9B8504F1B7EFF04B
:10E878009FD41C4413F7F7F79766FF1F23AEE6BA39
:10E8880093F707086397071E1C4413F7F7EF97667B
:10E89800FF1F23A3E6BA13F707106318071E1844CF
:10E8A8009377F7DF9766FF1F23A8F6B893760720BC
:10E8B80095C6058B630A072018408983858B3ACA59
:10E8C8000347840715464C080607D98F17E500004B
:10E8D80013058572230CF100EFF03FC01C4413F7B9
:10E8E800F7BF9766FF1F23A9E6B493F707408DC3C8
:10E8F800835744000D464C08231AF10083576400DF
:10E9080017E500001305856F230BF100EFF0FFBC3E
:10E918001844FD749387F47FF98F9766FF1F23AD22
:10E92800F6B09317470163DF0700EFA00FEC19C992
:10E938008356C5016391061A17E500001305856C17
:10E94800EFF09FCF1C447D777D177D8F9766FF1F63
:10E9580023A4E6AE13973701635A0702858B6388B1
:10E96800071CEFA0CFE91DC118458347E5001D46E8
:10E978003ACA0357C5004C0817E500001305056996
:10E98800231CE100230DF100EFF03FB51844F9779F
:10E99800FD17F98F9766FF1F23A0F6AA9317270183
:10E9A80063D90700814517050000130525CAEF60E4
:10E9B800EF841844E177FD17F98F9766FF1F23ADA1
:10E9C800F6A69317070163D30702EFA07FA22A8454
:10E9D800814417E900001309E963EF602FFB93975F
:10E9E80004014205C183418163EAA71445616F3080
:10E9F8000F8183A70A0093141900BE9483D70400DB
:10EA080033F767011DCF1396170133F77701B3F674
:10EA180037016352060417E600001306E65B09E7B0
:10EA280017E600001306065CE5454808EFF05F812D
:10EA38004808EFF07FC083D70400B3F7470123905D
:10EA4800F4000509EF604FEEAA84EF60EFEC26951D
:10EA5800E341A9FA15BD368519C7EF40A04361DD2A
:10EA6800EFF01FAAC9BFEFD05FB471D5EFF0FFAECA
:10EA7800D9B785697D7A0149976AFF1F938A0AACDD
:10EA8800056B896BFD197D1A75BF858B9DC7EF5086
:10EA98003F86231AA10041469765FF1F9385C5A2AB
:10EAA80013056101EFC0803C49464C0817E500009A
:10EAB80013050554EFF07FA2DDB317E50000130539
:10EAC8002553EFF07FB7E1BB17E500001305C552EA
:10EAD800EFF09FB621B50357E501C17785073E974B
:10EAE8008357A101FD14133717003207E58FD98F1B
:10EAF800231DF100231AD10083560502035725026E
:10EB08002146231BD100231CE100035745028566DB
:10EB1800FD16758FFD76F58FD98F4C0817E5000027
:10EB28001305454E231DF100EFF03F9B21BD17E56E
:10EB380000001305A54DEFF03FB089BD5C4813F701
:10EB4800E7FF58C8858B89CFA6864A86C9450A85B6
:10EB5800EFF00FEF8357040099E70A85EFF0DFAD78
:10EB6800850461049DBD231AF10083572400930591
:10EB7800440041462808231BF100EFC0202F5146CE
:10EB88004C080A85EFF07F95E1BFEF225FE68547E5
:10EB98003395A7009767FF1F938787899C47411183
:10EBA80081455D8D9767FF1F23A8A7889377057018
:10EBB80085E393576500858BA1CBC1679387078849
:10EBC8007D8D05EDEF608FDE9305803EB305B502C0
:10EBD8001765FF1F1305C5962EC6EF50403AB2457C
:10EBE80019C16349B50085C51765FF1F130545950C
:10EBF800EF50204341016F20DFE1EF602FDB2A84D3
:10EC0800EF60CFDBE360A4FCEF604FDB75BF01452D
:10EC1800EFF0BFBFC5B7EF229FDD7971AA86014427
:10EC28001769FF1F1309C98036C6EF60EFC6B246E1
:10EC3800635CA4028327490B93143400BE9483D7E2
:10EC480004006396D70285C617E600001306063E41
:10EC5800E5454808EFF0CFDE4808EFF0FF9D214674
:10EC680081452685EF20BFDB45616F209FDA0504CB
:10EC780065BF19C223200600814701C59306D0034A
:10EC880089E53E858280850505058387050003079C
:10EC9800050099CF6394E700E397D7FE8147D5B77E
:10ECA8009306D0038547E30ED7FC93371700D1BFEF
:10ECB8009307F002E316F7FE854761D6050508C2FB
:10ECC800C9B799C123A0050081470DC11308D00316
:10ECD8001306F0023307F5008306070081CA63872D
:10ECE80006016397C60099C1050798C13E858280D1
:10ECF8008507CDB731C9EF221FCD41112E8A6C008F
:10ED08002A89368BB28A97E400009384E425EFF0D1
:10ED18005FFB2A8C0144A689B14B88406286CA856C
:10ED2800EFC0403801ED0E044E945C403245DA865F
:10ED38005686D285829741016F207FCC0504A104B5
:10ED4800E31D74FD6155C5BF7D55828099E5615508
:10ED58008280615505616F203FCBEF22BFC72E8AA5
:10ED68002A8401118145B28452854146BA8936897F
:10ED7800EFF06F8793150501C1811376F50FA18117
:10ED88002285EF507FC32A8469D552854C08EFF05D
:10ED98005FF3524A2A8BE30E0AFA2A8697E50000A7
:10EDA8009385C5275285EFC0E02FAA8A0DED7D5ABD
:10EDB800EF608FB263C5AA0099E8014561BF5C4462
:10EDC80013971A00850ABA9723904701D5B74C4480
:10EDD8002EC6EF606FB0B245131615004E85029926
:10EDE800E34DA0FC85BF5A8697E5000093858523EF
:10EDF8005285EFC0202B0DE1032A0401EF60CFAE4E
:10EE08001316150081455285EF207FC1DDD40C48CB
:10EE18002EC6EF606FADC1B75A8697E5000093859F
:10EE2800A5205285EFC0002841E11C44A5CF81EC04
:10EE3800D443370700E0758F9447D8C33707001FBE
:10EE4800758F98C701BFA1463008CE854A85EFE087
:10EE5800DF96E31105F01844835781017D7623126C
:10EE6800F7008357A1019396470183576700D18222
:10EE7800F18FD58FF2467D767D16F182858AB206AE
:10EE8800F18FD58F2313F7008347E1018356C10122
:10EE98002305F7008347B7002314D700FD8BA3058C
:10EEA800F7004DBD7D557DB55A8697E500009385E1
:10EEB800250B5285EFC0001FE31D05E81C4CE38AB3
:10EEC80007E89C43E38707E8CE864A86A68522851D
:10EED800829749B5EF22BFB13687B2862E86AA85BA
:10EEE8000545EFF0BFE66F20DFB2EF225FB036874F
:10EEF800B2862E86AA850145EFF05FE56F207FB1C7
:10EF0800EF225FAD411199C123A005009757FF1F5C
:10EF18009387C764804381441DC82E89AA89311408
:10EF28001DC40C4070004E85EFF0BFD419CD81E8A8
:10EF3800A284630C0900B2472320F90039A08C4051
:10EF480008400146EFF0FFD265F5404869F826858C
:10EF580041016F207FAB184111CBEF225FA9AE872B
:10EF68003E85B285368602976F20BFAA35558280C6
:10EF7800EF22FFA78357C50013D70501C205B38742
:10EF8800E7021841C1814849BA95BE95EFF0BFFC28
:10EF98006F203FA8584111CBEF227FA5AE873E8551
:10EFA800B285368602976F20DFA6355582801845D0
:10EFB80009CBEF22DFA3AE873E85B28502976F208B
:10EFC8005FA5355582805C4599C7EF225FA22E85E3
:10EFD80082976F201FA435558280EF22BF9F832917
:10EFE8000500035AC5002A844849AE848145EFF0DC
:10EFF8009FFD2A890DE193D50401B3854503035686
:10F00800C4004848CE95EFF09FFA2A8909E5484898
:10F018008545EFF05FFB4A856F201F9FEF229F9B7E
:10F028002A890441035BC500484979712E848145CA
:10F03800B28A368AEFF03FF941E193590401B38966
:10F048006903420441802694A299034409013304C8
:10F0580080403374440111CC03254901A2865686A9
:10F06800CE85EFF03FF3AA8431E1330A8A40A299B2
:10F07800A29A8144630C0A025286D68508080324A2
:10F088004901EFB0B05E834609011C089305F00FF3
:10F09800338646413385470136C6EF205F98B2462E
:10F0A8001008CE852285EFF0FFEEAA8403254901DA
:10F0B8008545EFF05FF1268545616F20FF94EF22CB
:10F0C8001F932E864C41A1462A84EFF03FF5AA846F
:10F0D80003450401A145EFE07F985C403385A740D4
:10F0E80048C026856F20FF92814797E600009386E7
:10F0F800A6E46393C70082803387F50003470700BF
:10F108008507398D135745003697034707001205C1
:10F11800398D1375F50F13574500369703470700C8
:10F128001205398D1375F50FE9B7EF225F8C2A8424
:10F13800AA851D461305F00FEFF01FFB83477400E7
:10F148003385A7403335A0006F20BF8CEF223F8A5C
:10F158004111A1463000EFF0BFE109ED03578100EE
:10F16800C167FD1705456317F7002800EFF0FFFB9F
:10F178003335A00041016F20DF89EF22BF85AE84BF
:10F188008C414111A1462A8903440501EFF05FDE55
:10F19800AA8939E9A1452285EFE05F8C9C40035795
:10F1A800C9002A8AAA97939607019CC0C182098F31
:10F1B800639CE602C16513D70701B385B74011E721
:10F1C8008355E900FD15C205BE958CC0A1460A8687
:10F1D8004A85EFF0FFD9AA8901E90A85EFF0FFF423
:10F1E80001C9832749009CC04E8541016F20DF81FA
:10F1F8000357C9008357210080403307474163DB29
:10F20800E70033FA470363170A004177798C3E9485
:10F2180080C0D9BF03450901A145417AEFE01F84A9
:10F22800098CAA8A80C0337A4401417B63648A00CE
:10F2380081495DBFA1463000A2854A85EFF05FD3C2
:10F24800AA895DF12800EFF05FEE11E98357A1006C
:10F258000357C100337A6A0180C0BA973E9A3304D3
:10F268005441E9B7EF22AFF82A84AA851D46130551
:10F27800F00FEFF07FE7A303A4006F208FF9EF22D0
:10F288008FF42A84034505015D71A145EFE00FFD68
:10F298005C402A8B0355E4004179B3F727016C00E1
:10F2A8003EC6EFE00FFD8355C400B247A1463008C3
:10F2B800BE95B385654122852EC8EFF07FCBAA8421
:10F2C800634B05002808EFF05FE611C9B2452285B7
:10F2D800EFF0BFD0AA84268561616F204FF2C24744
:10F2E8000357A101417C338B6741B3F72701BA97D4
:10F2F8003EC810100C082285C24BEFF01FE8AA8404
:10F3080079F90810EFF07FE22DE95C403ECA301031
:10F318004C0822855249EFF05FE6AA844DFD035759
:10F328008102835701026316F7002810EFF0FFDF10
:10F3380009C55840D247E31CF7FC63902B05835757
:10F34800410285CF83572102B3FA8B010810BE9A78
:10F358001C442311F102EFF0FFF083490401035A22
:10F368004102B309304193F90902631B0A000C10EA
:10F378002285EFF0DFD4AA8439FDE31C7BF7B9B707
:10F388004E8963733A015289CA861018D685228538
:10F39800EFF01FBEAA8421F1630909000C44CA8654
:10F3A80010182285EFF09FC7AA8403450401CA8577
:10F3B800EFE0CFEA1C443E9508C4E39E04F0330A0C
:10F3C8002A41CA9A5DB7EF22EFE0411191E5FD5459
:10F3D800268541016F204FE3C44983D725014CC9D5
:10F3E80004C12316F50003C705012A842317E50085
:10F3F80003C5150193160701130700022308A4008B
:10F40800C182E366A7FCE1D7B3E4F402E9F08547DB
:10F41800E3FFD7FAA145EFE06FE4AA89014A014961
:10F428008357C400931509012285BE95B3853541DC
:10F438002EC2EFF0BFD119ED0355E4004C00050AC8
:10F44800EFE02FE39245420A2285135A0A01EFF0B2
:10F45800FFCF09E905098357E40042091359090157
:10F46800E360F9FC8357E40063944701D1548DB7F6
:10F47800639427039245A1463000B3853541228520
:10F48800EFF01FAF35E12800EFF03FCA11C5035573
:10F49800E4004C00EFE0EFDD9247C17A3387374153
:10F4A80058C04177F98F1CC44C401C4463EEF500EA
:10F4B800A14630002285EFF0BFAB1DE52800EFF034
:10F4C800DFC6032A44001DC15C400355E4004179AE
:10F4D800B3F727014C003EC2EFE0AFD99245228531
:10F4E800EFF0DFC6635C0502AA84DDB51245035957
:10F4F800A100035BC10033F5AA002A990345040162
:10F50800DA85EFE0AFD54A9508C463144501631363
:10F518000B04330A3A412322440179B709C58547C8
:10F52800A308F40075B54C402285EFF01FAB4DFDE4
:10F5380048408357C40086093375A9003E953305B2
:10F54800354148C03375250108C42285EFF03FD303
:10F5580079D559BF4D5549BF83471501C9CFEF220A
:10F568008FC62A840345050141112E8AA145BA890F
:10F578003689328BEFE08FCE8357C4000605898F1A
:10F588007D5563E727075C4081443EC230004C004C
:10F598002285924AEFF07FBE21ED835B810063995B
:10F5A8004B012800EFF07FB801E58504C204C18053
:10F5B80058409247630BF702E3FA99FC8356C1005F
:10F5C80061559DC663E63403C175B3FABA00637327
:10F5D800D900CA868355A1005A862285D695EFF0B0
:10F5E8003F9919E50355C10021A06155E3884BFDFA
:10F5F80041016F20CFC049558280EF224FBF01479C
:10F60800EFF09FF56F20EFC0EF226FBE3284B28615
:10F618002E86835545000841EFF03FFE6353850071
:10F628002A8422856F20EFBEEF226FB98347150128
:10F638003971C954BDC7034B05012EC62A84A1459B
:10F648005A853689328AEFE06FC10D473307E502E4
:10F658008357C400AA8DFD54998F63E4270563047A
:10F66800090063000A045C403ECA30084C08228541
:10F67800524DEFF09FB0AA8945ED8357810132477B
:10F688006397E7002808EFF05FAA63060510584063
:10F69800D247E31CF7FC8144631B090019A081448D
:10F6A80099E7268521616F204FB5E35CA0FE5A8556
:10F6B800CA85EFE0AFBA014B11C5330BB501420B58
:10F6C800135B0B01014D7D5CC17B930C4400835798
:10F6D800E4006380A70D1C4444403307FB0063EB40
:10F6E800E40432472311F1020810FD572310E10208
:10F6F800231221032303F102EFF0DFB663090900A7
:10F708000C44CA8652862285EFF05F91AA89034588
:10F718000401CA85EFE08FB41C443E9508C4639980
:10F7280009000C102285EFF09F99AA89CA8435D95F
:10F73800CE8485BF03450401A145EFE02FB2B3870E
:10F74800A4002311F1028357C400B3F474012310F9
:10F758008103BE94898C44C0081023120102EFF083
:10F768007FB00C102285EFF09F95AA840355E40022
:10F77800E685EFE00FB05C40B3F777011CC4E39275
:10F7880004F22285EFF0BFAFAA84E31C05F0050D53
:10F798003DBFC15439B78357C101E30209F0E3986B
:10F7A80027F1C177034C0401B377FD00035DA10184
:10F7B800330C8041137C0C023E9DD28ACA8CE28BAA
:10F7C80063F38C01E68BDE861010EA852285EFF064
:10F7D8002FFAAA84E31B05EC5E860C105685EFB061
:10F7E8008066AA84E31505ECB38C7C415E9DDE9AA5
:10F7F800E3970CFC7DB5EF228F9F81460146EFF021
:10F80800BFE26F200FA1638C050EEF22CF9B5D71C5
:10F81800054D19C213BD160003590502B68B328B6C
:10F8280005094209135909012E8A2A84CA89216CBB
:10F83800930A8500E15C9304F9FFC204C180638FD9
:10F8480084059306A0045000A6855685EFF0FFDADC
:10F858006357050063139501A6892689E9BF9C08AB
:10F868003E95230A05FA4C005285EF20CFA575F581
:10F8780063040D0883570402639597089387F4FF80
:10F888002310F402894613060402A1655685EFF099
:10F89800BFD96358050661616F206F960145E31C67
:10F8A8000DFE0549B1675D55E387F9FE9165CE9573
:10F8B80093048400C205DE865A86C1812685EFF04E
:10F8C800BFD6630D09005285EFB0A07CAA86528688
:10F8D800CE852685EFF05FD5E34F05FA83570402FE
:10F8E80063FF370323103403894613060402A16516
:10F8F8002685EFF07FD325A0A689014965B77D55F8
:10F908008280A6855685EFF01FEFE34605F89165DE
:10F91800FD15CA95C205C1815685EFF0DFEDE35CA0
:10F92800A0F601458DBFEF220F8A03540502916AA4
:10F938001D71050442042A89AE894180A16B130A0E
:10F948008500FD1A130B05029304F4FFC204C1805D
:10F95800639D7405916B2164130A8900850B170C4C
:10F968000000130CACCA8357090293041400C204A4
:10F97800C18085076383F40E5E949306A004500843
:10F98800A68552854204EFF05FC74180AA8A854662
:10F9980013067100A2855285EFF03FC62A8B634794
:10F9A80050076347A00626847DBF56949306A0049B
:10F9B8005008A68552854204EFF03FC441802A8C46
:10F9C800854613067100A2855285EFF01FC3634C6C
:10F9D8008003E351A0F883570902E39D97F69387C4
:10F9E800F4FF2310F90289465A86A1655285EFF083
:10F9F800BFC3A6855285EFF01FE0A2855285EFF0C0
:10FA08009FDF268491B7E358A0FCA9B7634BA000F9
:10FA1800A6855285EFF03FDEA2855285EFF0BFDD67
:10FA280059B79C10BE9A238A0AFA639109022C00DE
:10FA38004808EFF0EFCC25D91C45224552C62318BB
:10FA4800810074006286DA858297B1BF0146CE854F
:10FA58004808EFF00FA261FDB9B7014525616F10A5
:10FA68001FFAEF12DFF89757FF1F938727AF8043DE
:10FA7800814409C42A893114814401E426856F1020
:10FA88005FF9631809005C4481EF404865D8311478
:10FA9800EDB708400146CA85EFF0AF9D6DF5F5B7A3
:10FAA8008297E5F4AA84D5B7EF127FF49757FF1F22
:10FAB800938747AB8043AA8409EC2685EFF07FFA49
:10FAC800AA840144EF504FDD636CA40026856F10B3
:10FAD8005FF45C402285A6859C4382970040E9BF7D
:10FAE80005041374F40FF9BFEF127FF00145EFF02E
:10FAF800BFFB6F101FF29757FF1F9387A7A623A07E
:10FB0800070023A207008280EF127FEE9757FF1F9E
:10FB18009387C7A423A0070023A20700EFF0BFFD27
:10FB28006F103FEFEF12BFEC4111130985002A84D3
:10FB3800EF50EFF2AA854A85EFF0FF88AA8419ED05
:10FB480089461306E100A1654A85EFF01FABE1770E
:10FB5800634405008357E1002310F4022685410120
:10FB68006F103FEB9757FF1F9387C79F904301473D
:10FB7800B28691EE05E3DC4310C11757FF1F23231C
:10FB8800A79E85EF9757FF1F23A0A79E82803687E1
:10FB98009442C5B7144385E2DC432320050091EB6A
:10FBA8009757FF1F23A2A79C9757FF1F23ACA79A1D
:10FBB800828088C3C1BF14C108C38280EF123FE3AB
:10FBC8001754FF1F130444952285EFF0BFF5AA844C
:10FBD80005E517D900001309293F22859757FF1F0C
:10FBE80023AE2793EFF01FF89757FF1F23A82793FB
:10FBF8009757FF1F23AC879626856F109FE197576D
:10FC0800FF1F83C7E796795599EFEF125FDEEFF094
:10FC1800BFEFEFF0BFFA11E585471757FF1F23091C
:10FC2800F7946F101FDF8280EF127FDC9757FF1F5A
:10FC38009387C79280432A89BE8419C0311415E07E
:10FC4800D840232A09009307490105E71757FF1FE2
:10FC58002328F7901757FF1F2322F79001456F10AD
:10FC68005FDB0C4003250900EF10FFE509C9404898
:10FC7800E9B71CC31757FF1F2324F78EC5B759557B
:10FC8800F9BFEF12DFD697F5FFFF938545B81755F3
:10FC9800FF1F1305E58AEF40E02CEFF05FF617250C
:10FCA800FF1F130525EEEFF03FF86F109FD6EF12F8
:10FCB8001FD48357650093E717002313F5003545D4
:10FCC800EFE0BFEC6F10FFD4EF127FD283576500CF
:10FCD80093E727002313F5003545EFE01FEB6F107E
:10FCE8005FD3EF12DFD08355C50101112A840A863C
:10FCF8000145EFD01FAF19C9835705001167D98F88
:10FD08002310F5001D45EFE05FE805A00247835684
:10FD1800C40119EF17D600001306C62CE5454800A4
:10FD2800EFE00FD24800EFE03F9105616F107FCE02
:10FD380093974601835607007D76D183F18EDD8E39
:10FD480093D7860093F7F7082310D70093E70705A2
:10FD5800A300F70045BFEF129FC92145EFE0FFE27E
:10FD68006F103FCBEF12BFC82145EFE01FE22545DA
:10FD7800EFE0BFE13145EFE05FE16F109FC9EF129F
:10FD88001FC78355C50141112A8470000145EFD072
:10FD98005FA501CD8357050071777D17F98F231073
:10FDA800F5001D45EFE07FDE31A0B24699E62285D9
:10FDB800EFE0AFFA41016F10DFC58357C4017D76CC
:10FDC8001397470183D706005183F18FD98F13D733
:10FDD80087002390F6009377F70893E70701A3803D
:10FDE800F600C1B7EF12BFC02A842545EFE0FFD95E
:10FDF80001E42945EFE07FD96F10BFC1EF123FBF83
:10FE08008355250041112A8470000545EFD07F9D58
:10FE180001CD8357050071777D17F98F2310F50001
:10FE28001D45EFE09FD631A0B24699E62285EFE066
:10FE38002FED41016F10FFBD835724007D76139786
:10FE4800470183D706005183F18FD98F13D78700D5
:10FE58002390F6009377F70893E70703A380F6004B
:10FE6800C1B7EF12DFB88355250001112A840A862D
:10FE78000545EFD01F9719C9835705001167D98F1A
:10FE88002310F5001D45EFE05FD005A0024783561B
:10FE9800240019EF17D6000013060614E54548009C
:10FEA800EFE00FBA4800EFE02FF905616F107FB659
:10FEB80093974601835607007D76D183F18EDD8EB8
:10FEC80093D7860093F7F7082310D70093E707071F
:10FED800A300F70045BFEF129FB1EF502FAC11E51B
:10FEE8002945EFE09FCA6F10DFB29747FF1F93873E
:10FEF8002754C043EF508FAA3375A40275D1E5B7D4
:10FF0800EF12FFAE2A84EF502F9A85476307F5005A
:10FF1800A301F4001945EFE05FC76F109FAFEF1220
:10FF28001FADEF506F9885476305F5001945EFE061
:10FF3800DFC56F101FAEEF129FAB3D45EFE0FFC46A
:10FF48006F103FADEF12BFAA8357650093E74700D4
:10FF58002313F5003545EFE05FC36F109FABEF1239
:10FF68001FA93145EFE07FC26F10BFAAEF123FA86B
:10FF78002D45EFE09FC16F10DFA9EF125FA78357F0
:10FF8800250079712A842314F100834745019305DC
:10FF9800450041461305A100230DF100EFA0106DA7
:10FFA8008356040017D60000130646F8D1456808A2
:10FFB800EFE00FA92C004D466808EFE00FD245612D
:10FFC8006F103FA5EF12BFA283560500011117D687
:10FFD80000001306A6F5D1456800EFE06FA668009B
:10FFE800EFE08FE505616F10DFA2EF125FA001114E
:08FFF8003684B28479478A8641
:020000021000EC
:1000000017D60000130646F6EFE06FCA09C822862D
:10001000A6850A85EFE0EFCC05616F101FA00A8569
:10002000EFE00FE2D5BFFD571727FF1F2300F7B8FA
:100030008280EF12BF9A41112A892EC6B289EF4001
:10004000AFC8B2451304F9FF2E944DC593170901AB
:10005000C187AA847D55635CF002420441809317F6
:100060000401C1876355F0029DC1EF40EFA8636AA8
:10007000A4069C4481443E95420541819307F5FFC7
:10008000C207C18363E027076396090069554101F0
:100090006F101F982390A900D5BF3387640383A7EF
:1000A0008A0A3E97835727006386470383570700D2
:1000B0006362F40203474701BA97C207C1831387FB
:1000C000F7FF4207418363672701E38109FC23901F
:1000D000F9006DBF8504EF502F97E3C0A4FC0145E4
:1000E0007DB78144416A974AFF1F938AEA34594B8E
:1000F0007D1AD5B77D5561BFEF12FF8F1744FF1FE3
:10010000130444489744FF1F938484480325C41470
:1001100019CD184D2326041411048347870093F743
:10012000F7FB2304F700EF50FFE1E31194FE6F109B
:10013000DF8EEF125F8C1745FF1F1305255AEF3036
:100140005070EFF07FFB6F105F8DEF12DF8A930529
:1001500040061745FF1F13056558EF30106D6F10EF
:10016000DF8BEF125F897D56B5450145EF40FFD229
:100170006F10BF8AEF129F86EF409F9A1744FF1FB0
:10018000130444402320A4142322B41481440D49B1
:100190009729FF1F938909A10325C41419CD85044C
:1001A00001466386240183270415814591E3CE85AA
:1001B000EF407FD71104E39124FF6F107F85EF128A
:1001C000FF8141112A84AE8932C6EFF09FF6EFF02D
:1001D0005FF929C99747FF1F9387C73A83A5C712BD
:1001E0009304C5002A892685EF509FBC814526854A
:1001F000EF509FB59315240093E5350093F5F50F67
:100200002685EF507FB43246CE852685EF50FFB16C
:100210009747FF1F23AE274BEFF0DFF50145410164
:100220006F100FFF6555E5BFEF12EFFCAE849545EB
:100230002A84EF503FC7A6852285EF50FFB06F108C
:10024000CFFDEF12CFF8BD652A84938505A617452B
:10025000FF1F1305A54AEF30505D9747FF1F938797
:1002600067549C439744FF1F9384C431268989CBEC
:10027000C84019C522868D45EF10903F6F10AFF82A
:10028000EFF03FEBEFF0FFEDAA846555E5D80327CB
:1002900009009747FF1F83C767439316170163D76A
:1002A000060C1307F0076388E70085071747FF1F51
:1002B000230EF74029A09747FF1F23890740832576
:1002C000C9129389C4004E85174AFF1F034A0A408A
:1002D000EF501FAED2854E85EF501FA783474400D5
:1002E00051478145637CF7009385C7FE93F5F50F71
:1002F000DD47B3D5F502850593F5F50F8A0593F52E
:10030000C50F4E85EF505FA4835544004E85EF50D6
:100310005FA7834544000840EFA06F86AA854E85FD
:10032000EF509FA2835544009747FF1F23A2973A9F
:10033000D14763F3B700D145939405010C40C180C8
:1003400026864E85EF507F9EA6852285EF50BF966C
:10035000174BFF1F130B0B23814AA14B5D4C835797
:10036000440085E3EFF01FE1014509BF1387F7FF64
:100370001377F70F9306D00FE3F9E6F2930700F82F
:1003800035B763967A01EFF03FD73955C5BDEFF029
:100390005FDD110B910A09E5EFF01FD66555F9BD38
:1003A000835544002326AB146373BC00DD45939949
:1003B00005018325C9129304C5002685EF505F9F70
:1003C000D2852685EF505F9893E52A0093F5F50FC7
:1003D0002685EF507F970C4093D909014E862685DC
:1003E000EF50BF94CE852285EF50FF8C8DBFEF126A
:1003F0008FE001117C003ECAB70707003ECC814563
:100400007C0048083ECEEFF03FE29745FF1F83C5D2
:1004100065184808EF505F93D247480883C7170014
:100420001747FF1F2304F71EEFF0BFE111E58547D3
:100430001747FF1F2302F71805616F100FDEEF1239
:100440008FDB01117C003ECAB70706003ECC914508
:100450007C0048083ECEEFF03FDD4808EFF07FDE3D
:1004600095471747FF1F2309F71405616F10EFDA4F
:10047000EF126FD801117C003EC083450500B7071D
:1004800011003EC27C003EC42A8481C50145EFB004
:100490006FE38347040085450A851747FF1F23073D
:1004A000F716EFF07FD8EF303FE4AA850A85EF50CA
:1004B000BF8985450A851744FF1F13046426EF5042
:1004C0005F8C1C400A8583C5C700EF50FF871C4026
:1004D0000A85CC4BB335B000EF501F871C400A850E
:1004E00083C59701EF505F861C400A8583D5A7011D
:1004F000EF503F891C400A8583C5C701EF50DF8458
:100500001C400A8583D5E701EF50BF8782452D4601
:100510001745FF1F1305950F8505EFA0B0150A8538
:10052000EFF03FD211E589471747FF1F2306F70871
:1005300005616F108FCE9717FF1F83C727676387EB
:10054000A706EF12AFC92A84EFF0BFC1AA8429CD54
:100550001717FF1F034787659307F00F8149631A39
:10056000F7009717FF1F2383876497D900009389AB
:10057000A9B19747FF1F9387E70083A5C712138987
:10058000C4004A85EF50DF82A2854A85EF50CFFB39
:1005900085454A85EF504FFB26850146CE85EF40C5
:1005A0009F982685EF501F9A6F108FC68280EF129A
:1005B0008FC479713C083EC6B70716003EC89945FE
:1005C0003C0868003ECAEFF03FC641469745FF1F12
:1005D0009385C5FF6800EF504FF56800EFF07FC6C8
:1005E00005E19747FF1F9387E7F99C43139717018E
:1005F0009947634307009D471747FF1F230EF7FAEC
:1006000045616F108FC19387F501FD15FD1703C775
:1006100017000505A30FE5FEE39AB7FE8280EF12EF
:100620008FBD0547411132846304E504AA8719C9C7
:100630000947630EE5060D477D556385E71A4101BD
:100640006F10AFBD33E4C5007D5575F89747FF1FA8
:1006500023A607F89747FF1F23A407F89747FF1F14
:1006600023A207F89747FF1F23A007F80145C1BF42
:1006700033E4C5007D5561F49747FF1F9387470A10
:10068000804341499744FF1F938444F50346840106
:100690004C483305C9402695EFA0C07D0346840130
:1006A000814526853306C940EF10EFB7C1B79147A2
:1006B0007D55E3E6B7F897D700009387279CBE9552
:1006C00083C40500ADDC1749FF1F13096905032723
:1006D00009008357A701E58FBDD383479701E3E066
:1006E000C7F69747FF1F9387E7E99C4313971701C6
:1006F0006358070093E707081747FF1F2324F7E80D
:10070000C1476397F406A2854800EF900F94580004
:10071000814413064002A545639B84021C08A697EA
:10072000238A07FE9747FF1F938747EB26864C00D7
:100730003E85EFA020744146058E81452695EF1039
:100740008FAE832709004800DC538297CDBD8347D5
:100750000700B3F7C7029386770363E4F500938637
:10076000070385042300D70093F4F40F05076DB742
:1007700091454800EF906F8D7D141316240017D417
:1007800000001304E49032941C4092452685B3F592
:10079000F50293D7050113D787009746FF1F2385DE
:1007A000E6E41747FF1FA301F7E413970501418310
:1007B000218393978500D98F1747FF1F2317F7E2EF
:1007C0009747FF1F23AC07E09747FF1F23AA07E0C7
:1007D0009747FF1F23A807E0832709002EC29C53D9
:1007E0008297B1BDE3EDB7E497D70000938787897F
:1007F000BE9583C70500E38407E41747FF1F13076F
:1008000027F218438356E701FD8EE38A06E283460A
:10081000C701E3E6C6E29746FF1F9386A6D690423D
:10082000A145936606026394B700936606041857C1
:100830001746FF1F2328D6D4A2853E85029701B50F
:10084000EF12CF9941112E89B28935C501462A840C
:10085000EFF02FFE634F05048144174AFF1F130A70
:10086000AABDD94AEF405F9E63D5A40433855403E3
:1008700083278A0A3E9583570500B1E3231085003C
:10088000230A25012311350141016F106F9863126E
:1008900045030354E1008504EF401F9B05056349B0
:1008A00095001306E100CA852285EFF08FF865F107
:1008B00045F40145D1BF81440544695AF1BF85041F
:1008C00055B7EF12AF912A84AE8983454501035590
:1008D00005000149EFC0EF86834744016341F902F7
:1008E000638509002285EFF06FEE23100400414676
:1008F000814513054400EF100F936F106F9103555E
:10090000040093140901C180269542054181EFE05E
:100910000FB1035504000509269542054181EF30CA
:10092000204A03550400269542054181EF30604975
:1009300065B7EF124F8C1745FF1F130525DCEF300D
:1009400040709747FF1F83C767CC89C78145014522
:10095000EFB04F971744FF1F1304C4C21C401397F6
:10096000170163570700084401C58145EFF07FF583
:100970009747FF1F938707E39C4389C7484019C1E6
:10098000EF408F99EFF0EFFA130680158145174578
:10099000FF1F130525BFEF100F89FD571747FF1FD6
:1009A000A30AF7D09747FF1F938747D79C4395C368
:1009B00098472392070098C31747FF1F2320F7D0BB
:1009C0000545EF903FCF814711E1C9573E856F1034
:1009D000CF84EF1040489747FF1F23A1A7CECDB784
:1009E000EF126F8141112AC6EFF0BFF49747FF1F46
:1009F000938707D39C439C5F81C7B2450545829787
:100A000041016F108F81EF021FFF8347550085461C
:100A10002E8789836382D70C91C789466389D71053
:100A20006F00BFFF9746FF1F9386C6B59C42B684F2
:100A300013961701E34606FE83D545003D46E37154
:100A4000B6FE8983858B2A848DC303A7C6121C41F9
:100A5000E318F7FC9747FF1F83C707B6F1F301467A
:100A600081450545EFF0AFF565BF9747FF1F9387B9
:100A700027CB03A907000843414683250900EFA0BF
:100A8000003D59FD8327490399C3054582971C40C2
:100A9000BD65938505A61747FF1F232BF7C09C4014
:100AA0001745FF1F130585C593E747001747FF1F2D
:100AB000232AF7AC83A7841398472392070098C38F
:100AC000EF30A056014681450545EFF04FEF9747BF
:100AD000FF1F238307AEA9B79747FF1F938787AAF6
:100AE0009C4393961701E3DD06F203D745000DFB07
:100AF00013F7870001CB93E787001747FF1F2323D6
:100B0000F7A839BFBD9B93E787001747FF1F232B2B
:100B1000F7A6EFF00FE29747FF1F938767C09C434C
:100B2000DC5B99C305458297EFF07F8CD5BD974775
:100B3000FF1F938727A59C438983858BE38207EE5C
:100B400083D74500E38E07EC9C4103C50700EFF017
:100B50003FE9F9B5EF029FE81744FF1F130484A291
:100B60001C4013D72700058B35CF9183858B9304C9
:100B7000007D81E79D6493840453EF307FFA03275F
:100B80000414832744143307E5409D8D3335E50075
:100B9000898D93D7F44163C9B7046394F50063E585
:100BA000E4049744FF1F9384E49D01440D49971981
:100BB000FF1F938929FF03A5C4140DC51C4D05040F
:100BC00083C7870093F7070499EB01466306240166
:100BD00083A70415814591E3CE85EF40CFB49104FE
:100BE000E31B24FD6F00DFE21C409183858B91CBDA
:100BF0008327C4140145DC4703C757008D4763139F
:100C0000F7002545EFF0DFDDF1BFEF02DFDE9747AC
:100C1000FF1F938727979C434111A307A10013E768
:100C200007019746FF1F23AFE694C18B99E705465E
:100C30009305F1000945EFF08FD80347F100A54770
:100C40006314F700EFF0FFCE8345F10091C9974799
:100C5000FF1F9387E7AC9C439C5F99C30545829730
:100C600041016F009FDBEF021FD91744FF1F1304E0
:100C700064911C4001111397170163570700EFF0AF
:100C8000DFF805616F007FD97C003ECAB707070017
:100C9000AA843ECCA5457C0048083ECEEFF0CFD8D4
:100CA000A6854808EF504F8A4808EFF08FD91C40BE
:100CB00093E707101747FF1F2326F78CD9B7EF02DA
:100CC0009FD31744FF1F1304E48B83278413BD6550
:100CD000938505A69C431745FF1F130525A283C4D2
:100CE0000700EF308034032584139745FF1F83C529
:100CF000A59CEF908FEB05C91745FF1F0345859B0A
:100D0000EFF07F83834704131747FF1FA304F79A6D
:100D10009747FF1F2380079A1C40A183858B91C7AB
:100D20000D45EFF05FF46F005FCFA54763F49700C8
:100D30000945C5BF6388F4009747FF1F83C7C7876E
:100D4000E39097FE97C700009387073A0327841321
:100D50008E04BE9483D74400835647008507E399E9
:100D6000D7FC08439C400505829775BFEF02BFC8BA
:100D7000834645001747FF1F0347D7938347550016
:100D80006317D7003A85EFF00FFB6F001FC91746B6
:100D9000FF1F034626929734FF1F9384A47E6304AB
:100DA000D6020507E393E6FE1747FF1F2304D790FB
:100DB00003A7841314472312070014C37D579746D3
:100DC000FF1F239AE68E13D427009747FF1F83C780
:100DD000978E63F687000945EFF0FFE87DB76391D2
:100DE0008702A557B307F40203A7841303474700FC
:100DF0008D07BA9703D7450093F7F70FE39DE7FCFC
:100E00009747FF1F83C7278BB3D78700858BB5DF35
:100E10005D459307F4FFB387A70203A7841303D6A6
:100E200045008C410843D1073E95EFA0A00403C7BD
:100E300024138547B397870093C7F7FFF98F1747A8
:100E4000FF1F230AF786B1F3EFF07FE73DBFEF0204
:100E50001FB859711C083ECCB70706002A843ECE45
:100E600058181C0897C60000938686261746FF1F51
:100E70001306D682930500021735FF1F1305C571AF
:100E80003ED0EF90CFD619C11D4589A0D80897C68E
:100E90000000938666241746FF1F130636809305CD
:100EA00000021735FF1F1305256FEF904FD469FD22
:100EB0003546930571054810EF90D07BD408228603
:100EC0004C104818EF90EFED09C51945EFF0BFD968
:100ED000D9A8D80097C60000938686201736FF1F32
:100EE0001306D67B930500021735FF1F1305C56A4D
:100EF000EF90EFCF51F9034661062808A1458349D9
:100F00004106034B510632C603447106834C8106E9
:100F100003499106034CA106034AB106834BC1065F
:100F2000EFF08FB02808EFF0CFB135EDFD57173750
:100F3000FF1F2303F7689747FF1F93876786984330
:100F4000BE8A8144324611CF9747FF1F938787851A
:100F50009C4381CB9737FF1F9387C762C443B33449
:100F600090002204336494012209220A4204B366E9
:100F7000890193958900DC0033677A01C18EB3E55E
:100F80006501C808EF40CFD619ED83A70A0081C7D5
:100F900099C0EF1020069305007D1735FF1F13053C
:100FA000E575EF30800865616F00FFA5EF02BFA413
:100FB0001971AA84AA8534101736FF1F130606621A
:100FC0001735FF1F13058563EF90EFE119C11D452C
:100FD00019A841469735FF1F9385455E2810EF906D
:100FE000106709C51145EFF01FC8A5A21734FF1FF0
:100FF000130444591C409735FF1F9385255D1397B3
:10100000170163470700A6859734FF1F9384045C8C
:101010009736FF1F9386966826861735FF1F1305A0
:10102000E55CEF900FE245F51C40139717016355FF
:101030000712BC083EC6B70727003EC83818BC08D0
:1010400097C600009386C6081736FF1F130616655D
:10105000930500021735FF1F130505543ECAEF9094
:101060000FB935F5B80097C600009386E606173627
:10107000FF1F1306B662930500021735FF1F130505
:10108000A551EF90CFB621F535469305B104280858
:10109000EF90505E184497C600009386660417369A
:1010A000FF1F1306B65F1107930500021735FF1FD8
:1010B0001305854EEF90AFB3E31B05F01C4403D539
:1010C0002700EFB00FCFAA84E30305F09D45680029
:1010D000EFF08F9583C5E401930790054146B385F2
:1010E000F502680093850503A695EF401FC41C44D4
:1010F000680083D52700EF40DFC82685EFB08FCD8D
:10110000AA856800EF405FC49737FF1F9387C732F7
:101110008C436800EF40DFC91C44680083D507009A
:10112000EF403FC6A1456800EF409FBDB2462C0886
:10113000281885063686EF906FC519C1194565B523
:101140006800EFF00F9011E5A1471737FF1F230547
:10115000F74609616F007F8CEFF06FC5DDBFEF02CE
:101160009F8979713C083EC6B70716003EC897357F
:10117000FF1F9385A5473C081735FF1F1305054939
:101180003ECAEF902FC819C51D45EFF0DFAD456190
:101190006F00BF881736FF1F130646469735FF1F9F
:1011A0009385C5441735FF1F1305053FEF90AFC763
:1011B00061FDC1451735FF1F13054541EF80EFE87D
:1011C00061F595456800EFF02F86C1456800EF4056
:1011D0003FB3AA861736FF1F130646409735FF1FF9
:1011E0009385C53E1735FF1F13054541EF90AFBFEF
:1011F00041FD6800EFF0EF8459F99737FF1F93879F
:1012000067389C43B983858B93B7170095071737C9
:10121000FF1F2303F73AA5BFEF02EFFDAA85414662
:101220001735FF1F13058539EF90D0449737FF1FFF
:10123000938747359C431397170163560700EFF0D8
:101240000FB76F008FFDEFF09FF1E5BF9737FF1FDE
:10125000938747339C4313F7F7F79736FF1F23A372
:10126000E63213F7070809CB858B99C7EF02AFF871
:10127000EFF0FFEE6F006FFA8280EF02CFF7973446
:10128000FF1F9384243080403971AA85931714017D
:1012900063D4070613641400130600041735FF1FF8
:1012A0001305D53B9737FF1F23AE872CEF90903C5B
:1012B000EFE03FE89C401734FF1F1304343A1397C4
:1012C0001701634607001734FF1F13043435A28546
:1012D0000A85EFF04FB3930504020810EFF0AFB2A8
:1012E00097050000938505140A85EF904FC01DC92E
:1012F0001D45EFF05F973DA0130600041735FF1F53
:101300001305D531EF90103793579400858BC5DFC7
:1013100093571400858BC5FB136414009737FF1F88
:1013200023A2872621616F004FEFEF02CFEC1D71E2
:101330003C083EC6B70746003EC801453C083ECAC9
:10134000EF904FB719E51D45EFF0FF9125616F0054
:10135000CFEC2A848D456800EFE01FED9305000275
:101360006800EF40FF99A285EFF0EFA99305000216
:101370006800EF40FF9893050402EFF0CFA8173400
:10138000FF1F130424201C40B245130600041397CA
:10139000170185051735FF1F1305552863460700FC
:1013A0001735FF1F1305952BEF90D02C6800EFE049
:1013B0005FE949FD1C408566138706805D8F1736FF
:1013C000FF1F2321E61C1737FF1F1307A73D1843F4
:1013D00001CF584011CB7D771307F77FF98FD58F59
:1013E0001737FF1F2320F71A1C4013971701635B61
:1013F0000700A583858BB9FB8D471737FF1F230D8A
:10140000F71AA9B713D757009983D98F858B13077C
:10141000F00F91E315479737FF1F238FE7183DB76C
:10142000EF026FDDAA851735FF1F1305E516EFF0F4
:101430008F9D9737FF1F9387E7149C4313971701DE
:101440006352070413D7670093D65700558F058B57
:1014500011EB13D77700058B01CB91471737FF1F8F
:10146000230CF7146F006FDB1397370163550700E8
:10147000EFF0FFCEC5BF0967D98F1737FF1F2323B2
:10148000F710CDB713D79700058B05C715479736CB
:10149000FF1F2383E612856613F7F7F7558F9736FC
:1014A000FF1F23A1E60E93F70708CDDFEFE03FF91A
:1014B00055BFEFF09FE77DB7EF02EFD31734FF1F63
:1014C0001304440C8327C4149DCF0347450097376A
:1014D000FF1F83C7A71F6318F7021C409183858BEA
:1014E00099E3EFE01FC51C4013971701635F0700E6
:1014F00013F7F7BF9736FF1F23A6E60893F70740B9
:1015000089C7EFF09FE26F004FD11840FD779387B6
:10151000F77F13164701F98F856663470600173773
:10152000FF1F2321F706C5B7D58F13961701634711
:1015300006021737FF1F2327F7041C4013971701D4
:10154000E34307FC13F7F7F79736FF1F23ACE602D8
:1015500093F70708CDDBEFE09FEE75B7F57793873C
:10156000F77FF98FD58F9736FF1F23ADF6009317BE
:101570002701E3D407FCEFF09FBEC1B7EF02AFC76E
:101580008347050091C70945EFF0EFED6F00EFC805
:10159000834715002A8413F7E70F75F71737FF1FE6
:1015A0001307071818430346C700E31EF6FC9737D6
:1015B000FF1F938727FD944393F7F6DF19C293E744
:1015C00006209736FF1F23AFF6FAA583858B81C7C8
:1015D0001C4B91C382971546A2851735FF1F130533
:1015E000A503EF9030098D471737FF1F2306F7FC3F
:1015F000034644008345340003452400EFF02F8266
:10160000E35605F849B7EF028FBC173BFF1F130BDA
:101610006BF703270B0001119317170163D0070223
:101620003C003ECAB7070B003ECC3C003ECE834791
:1016300005002A8499E70945EFF0EFE205616F00A4
:101640008FBC8347150083462500A207D58FC207AC
:10165000C1878546E391D7FE83463500E3EDD7FC8D
:10166000973AFF1F938ACA0B83A70A0001499C5B24
:10167000ADCFA5CE13670720834444009737FF1FE3
:1016800023A2E7F08547E3E897FA034C5400A1470B
:10169000E3E387FB8349640003457400A209B3E9CF
:1016A000A90013F709FE41FB834B8400E3E577F9BA
:1016B000034A94000345A400220A336AAA009377E0
:1016C0000AFFB5FB834504001736FF1F035666EC7F
:1016D0001735FF1F0355C5EBEFF08F969737FF1FA8
:1016E00023A6A7EA11E5154581BF1377F7DF69B790
:1016F00083A70A0091C403C7870119C3D84B61EFC0
:1017000083C4970163F39B00DE8483D7A70193F41E
:10171000F40F13F7070101C713778A0059EBBD8B4C
:10172000D1CF13757A0059C9EFA07FAE83A70A0005
:101730007D15937BF50F03D5A701A94C3D89EFA03B
:101740001FAD7D15137AF50F03A70A008347C70164
:101750006373FC00E28713FCF70F8357E70113F76D
:10176000870001C713F7090131EF9D8BADC313F556
:10177000F90031CDEFA0BFA983A70A007D159379A9
:10178000F50F03D5E7011D89EFA07FA87D1513791B
:10179000F50FA947B307FC0233879403636AF70C7C
:1017A000638C0C0C639C040C81490149814B014AF8
:1017B0003DA0930C4002114A8D4B79B7814C014AF0
:1017C000814B59B7930740020D499149E1B78147D1
:1017D00001498149C1B781448149854B054A2D465C
:1017E000A2851735FF1F130575E2EF90A0688945A4
:1017F0004808EFE07FA381454808EF40EFD48325F8
:101800000B004808A5818589EF400FD4DE85480884
:10181000EF408FD3CE854808EF400FD3A685480808
:10182000EF408FD2D24515461735FF1F1305C5DE91
:101830008505EF9020644808EFE0BFA0E31005E0C5
:101840002686CA855285EFE09FDD01C50945EFF088
:101850008FC183270B00A583858B89C783A70A00C7
:101860009C5B829783274B0099CFEFF01FACF9B3B5
:10187000E284894B0D4AA5B781443DB7DE89528980
:101880008D4B094AA9BF83270B0093E70740173701
:10189000FF1F2329F7CE5DB3EF024F948347450026
:1018A0002A891735FF1F0345F5E06316F500EFE0C1
:1018B0009FC86F00EF951734FF1F1304A4CC832932
:1018C00084132E85AE84EF406FD62392A900834700
:1018D000490026851737FF1F230EF7DCEF402FD175
:1018E0009737FF1F238AA7DC8327841303D747007A
:1018F00009E70945EFF02FB76DBF83D76700E3EA2B
:10190000E7FE83475900898381C7D146E3F3E6FEAA
:101910001737FF1FA301F7DA1735FF1F0345A5D9B6
:10192000137715009307F00F05C31345F5FF1375E3
:10193000F50FEFA0DF8D7D159377F50F1737FF1F9C
:10194000034777D7E367F7FA1737FF1F0347A7D691
:1019500011C3BA87034559000981130715000545CE
:101960003315E5007D157D8D9737FF1F2385A7D49F
:101970008327841303D644008C408843EF90804F24
:101980008347241393F7E70F1737FF1F2305F7D279
:101990008DF3EFF0CFB231BFEF02EF8503450500C5
:1019A000EFF0AFA66F006F87EF02EF842A89AE8455
:1019B0000144EFA01FF9634494006F000F863305C4
:1019C000890042054181EFD08FA50504EDB7EF02F4
:1019D0008F8201449734FF1F938404A65949EF3046
:1019E000BF866344A4006F004F833305240383A79D
:1019F000840A3E958357050081C78545EFE07FEC5B
:101A00000504F1BFEFF29EFDAA8401441739FF1FC0
:101A1000130989A2D949EF303F836345A4000145EA
:101A20006FF01EFF330534038327890A3E95035761
:101A3000050063E7E40083474501BA97E3C2F4FE7B
:101A40000504D1BF9737FF1F938787CD9C43DC5F89
:101A500091C7EFF25EFA82976FF03EFC8280973773
:101A6000FF1F9387E7CB9C43BC4391C7EFF2BEF8BF
:101A700082976FF09EFA82809737FF1F938787B017
:101A800098439316170163D30608EFF2DEF68047FA
:101A900001498345440103550400EFA09FEA8347B1
:101AA0004401634BF9022285EFE0AFCD9737FF1F6A
:101AB00023AE07ACFD5701451737FF1F230EF7AEC6
:101AC000EFF0AF940346440183550400035524000E
:101AD000EFF0FFF86FF07EF4035504009314090152
:101AE000C180269542054181EFD06F9303550400D4
:101AF0000509269542054181EF20802C03550400FD
:101B0000269542054181EF20C02B51BF8280973737
:101B1000FF1F23A5A7C08280EFF2FEED9737FF1FBE
:101B2000938747A6DC436D54639FA700EFE07FE0F7
:101B30009737FF1F9387C7BE9C432A849C5F81C74A
:101B400081450945829722856FF03EEDEFF2BEEAAE
:101B50009737FF1F938707A3C84309C5EFF0DFFB43
:101B60006FF0BEEB25459737FF1F238607B4EFF0D4
:101B7000CF89FDB79737FF1F938787BA8843828045
:101B80009737FF1F938707A08843098105898280C3
:101B9000EFF27EE641112A84EFF09FFE2DC9035734
:101BA0004400954763F8E7062285EF406FAB2AC4EF
:101BB0002285EF40CFA32306A1002285EF402FA36B
:101BC0009737FF1F9387079C9843A306A1000983BB
:101BD000058B11C783A6C712A247639DF6020D8924
:101BE00097B700009387C74C0E05B386A7008355AF
:101BF000440003C6560063EFC50001E703C7460073
:101C000011EBAA979C43A2852800829721A0EFA000
:101C10007F9951D541016FF05EE09737FF1F9387A1
:101C200027B09C43FC4391C7EFF2FEDC82976FF034
:101C3000DEDE8280EFF23EDC97F5FFFF9385C5F193
:101C40001735FF1F130585A9EF2040326FF0FEDC2A
:101C500015C5EFF25EDA2A8497050000938545EFFB
:101C60001735FF1F130585A9EF2040309737FF1F59
:101C700023A887AAEFE0FFCB6FF03EDA7D55828084
:101C8000A9E182808327090013171400BA9783D72C
:101C90000700638697020504EF308FC6E344A4FE75
:101CA0000144EF30EFC5635CA400032709009317DC
:101CB0001400BA9703D7070019EB239097006FF031
:101CC000DED5EFF25ED32A89AE840144F1B7050474
:101CD000C9BFEFF25ED24111AA8401442EC6EF3093
:101CE0002FC2B245635CA400984093171400BA97C2
:101CF00003D707006317B7002390070041016FF077
:101D0000DED10504E1BFEFF21ECF9737FF1F9387A7
:101D1000A7A89C432A87AE86328889CF9738FF1FB1
:101D2000938848A703A30800894863151301829785
:101D30006FF0BECE9737FF1F9387C7A69C43014520
:101D4000E5DB9737FF1F9387E7A490438547E311AF
:101D5000F6FE4286B6853A85EF203FE0D1BFEFF22E
:101D6000FEC72E8A3284AA89EF203FDE751583577D
:101D7000440093140501C1801379FA0363FE9700B0
:101D8000CA852285EF30BFF1035644000C404E85D2
:101D9000EFF07FF76FF0DEC7936509042285EF301F
:101DA0001FF00C4026864E85EFF0FFF5A6852285B4
:101DB000EF307FF0136909088357440099CF8507F6
:101DC00063DF970093650A0C2285EF305FED0356C1
:101DD00044000C404E85EFF01FF3014565BFCA85F6
:101DE0002285EF30DFEB0C4026864E85EFF0BFF109
:101DF000A6852285EF303FECC1B7EFF2DEBF7971E7
:101E00003C083EC6B70717002A84AE843EC8680067
:101E10003C0885453ECAEF40EF886C002685EF30D0
:101E2000FF8C700085452285EFF07FF345616FF0F0
:101E3000DEBEEFF25EBCEF30AFAC89450605EFA029
:101E40002FBFE55711C59737FF1F23ADA78E8147D9
:101E50003E856FF09EBC9737FF1F9387678E985B18
:101E6000239607021735FF1F1305059098D7828028
:101E70001737FF1F1307C78C18436316A7021737BE
:101E8000FF1F0347678C75179387D5FF133717001C
:101E900093B71700FD566319F700EFF2DEB5EFF0C8
:101EA0001FEC6FF09EB7ED5636858280EFF21EB3C1
:101EB00005EDC16401441729FF1F1309E957930970
:101EC000400EFD1421A8330534038327090B3E95EA
:101ED0008357C50163839700D13F0504EF304FA4BA
:101EE000E343A4FE6FF0DEB29737FF1F9387478569
:101EF000AA85884365D9EFF05FF0EDB7EFF21EAE2B
:101F000079711C083EC2B70720003EC41734FF1F7A
:101F1000130404831C083EC61C40D9C31737FF1F97
:101F2000034787828947AE842A896315F70481496C
:101F300011A85C4013971900BA9783D707006381F3
:101F400097068509EF30CF9BE3C5A9FE854548007C
:101F5000EF305FF503564900832509004800EF3054
:101F6000DFDC084050008145EFF09FF005454561FA
:101F70006FF01EAAC167FD17E38AF5FC8547631160
:101F8000F702814911A85C4013971900BA9783D7CB
:101F90000700E38D97FA8509EF308F96E3C5A9FE18
:101FA0000145F1B723000502232205028280EFF2EA
:101FB0009EA485472300F5022A84EF20DFB79727E8
:101FC000FF1F9387674783A7070B48D01725FF1F7D
:101FD000130545751D8CB7F723B8938797E00984DF
:101FE0003304F4029727FF1F23AA877AEF20800289
:101FF0006FF0BEA2EFF29E9EEFA0CFDAE95705C1C7
:10200000C16401441729FF1F130909439309400EB6
:10201000FD14094AEF30CF906346A40081473E8506
:102020006FF01E9F330534038327090B3E958357BA
:10203000C501638897008347050263844701EFF079
:102040001FF70504C1BFEFF21E9B834705FE8546BF
:102050006398D7001305C5FDEFF09FC26FF0FE9B9C
:102060008946E39DD7FEFDD91305C5FDEFF07FC678
:10207000F5B79727FF1F9387E77198433DCF8546B4
:10208000F157631DD706EFF21E979727FF1F93871F
:10209000276B2A8788433E8405C99726FF1F83C67E
:1020A000A66A8D476392F60239E39727FF1F93874D
:1020B000676F9C4395EB9727FF1F238707681C409A
:1020C00003D50700EF205FACEF207FAD1725FF1F82
:1020D000130545659727FF1F23AE076AEF1070763B
:1020E00081473E856FF07E93EFF01FA3E9B703555C
:1020F0000500CD45EF209FA8D9B7F9573E858280CE
:102100009727FF1F938707699C437955BDC30947EC
:1021100071556383E7008280EFF2FE8D1724FF1F65
:1021200013040462184015C3834784008546FD17D5
:1021300093F7F70F63EBF60003550700CD4597279C
:10214000FF1F23830760EF207FA31C4003D50700F8
:10215000EF205FA6EF207FA71725FF1F1305855CE3
:102160009727FF1F23A80762EF10B06D01456FF09E
:10217000DE8A828015C1EFF21E881C41AE842A845B
:1021800089C72E860145814582975C4081C7A68517
:10219000014582976FF07E888280EFF2DE8597A7F7
:1021A00000009387A77B9C43AA8501459C478297A3
:1021B0006FF0BE86EFF23E842A84034585019307C3
:1021C000F00F6314F500EF60CFD9930720033305B8
:1021D000F5020328C40181460147930500029307D5
:1021E0006509034574017D8905053356D800058AC4
:1021F00001C605071377F70F8506E398B6FE198D1C
:10220000130740063305E5023E959307C012635459
:10221000F5001305C0126FF05E80EFF22EFC1C4D2E
:1022200003548500B28995834E04858B4111AA849D
:102230002E894D80314691C321463307260383D72B
:102240004401998F6344F60013F6F70F83C56401C8
:102250004E8532C6EF305FAF9C4C935564004E857F
:10226000860793F70708DD8DEF301FAE0A049355FC
:102270003900C18D93F5F50F4E85EF30FFAC9C4CC6
:10228000931559004E85FD8BDD8D93F5F50FEF30DD
:10229000BFABDC40931529003246BE958C414E857C
:1022A000EF30BFA841016FF0AEF6EFF22EF3AE8A29
:1022B0008345A5002A84B28905450146368A3A8BB2
:1022C000EF20BFBD3DC19304C5002A89A5452685E1
:1022D000EF305FBD630D0B0483450B0093F5F507ED
:1022E0002685EF307FA603D64A0083A50A002685FF
:1022F000EF30BFA39727FF1F938747FC9C43C9C7B5
:1023000050401C40835584000356460003D5C70146
:1023100005478146EF80DF8915E95C4083974700D8
:102320006354F0064A85EF30FFC16555A1A85C40B3
:102330000547814583D727008D07C207C183E37115
:10234000F7FA0C44E98193E5050459BF9727FF1F6D
:10235000938787F683A807000548A6870547814627
:10236000014681452285829805C15C4083974700DC
:10237000635CF0004A85EF30FFBC4E85D285EFF0FC
:102380007FDF01456FF0CEE8D2864E86CA85228572
:10239000EFB08F85C5BFEFF26EE42A8413054502C6
:1023A0002E89EF10104A9727FF1F938727F19C4330
:1023B00095CB8307740163D7070203467401054573
:1023C00081457D8A0506EF80C02E5C4C7D15638BB0
:1023D000A700035624018355040108409306840096
:1023E000EF809F8F81445840939924004E97084373
:1023F00019C5EFF09FDA5C40CE9723A00700834712
:1024000074018504FD8BE3D097FE8347740193F735
:10241000F7FBA30BF400630B09008147014823205D
:1024200004001CC423260401232804006FF04EDEA0
:10243000EFF2CEDA9C45AA842E84B289239205005D
:102440009CC10149DC4013172900BA97D8488C4336
:10245000A1479316270063C30600B14733872703BC
:1024600003D64401198E63D3C7003E862285EF3020
:10247000DF8B83C774010509FD8BE3D527FD83C777
:10248000740193F7070291EB83574400214763934C
:1024900009001147998F2312F4006FF06ED7EFF205
:1024A0008ED52A83084103DE050041110355C5017D
:1024B0006313AE0603454301098911C503C54500F1
:1024C000138E650119E1138E550083450E001377B5
:1024D000F7037D55639EE502BE85B68783264301DB
:1024E0004285468713F816009726FF1F9386C6F489
:1024F00094428358A30032C0B38606410358830038
:1025000036C22E86AA86814513051E00EF709FDE17
:1025100041016FF08ED07D55E5BFEFF22ECC2A84BD
:10252000035585004111BE89AE8A328AB6843A8944
:10253000EF101FEAE15739E103558400EFF08FCC2B
:10254000FD570DCD5C488358A4004E8713F8170043
:102550009727FF1F938747EE9C43CA8656C0B387D1
:102560000741035884003EC22686D287854511055F
:10257000EF705FD83335A000B307A0403E8541011E
:102580006FF00EC9EFF22EC72A8413058502EF10F3
:10259000502B81471CC48357840101482320040227
:1025A000C607C58323220402232004002326040136
:1025B00023280400231CF40081448347A4019DC701
:1025C0005840139924004A97084301CDEFF0FFBC0F
:1025D0005C40CA9723A007008347A401FD17230D81
:1025E000F4001C4C8504FD8BE3D997FC1727FF1FD3
:1025F000130787E41C47230D040093F6F7FD172605
:10260000FF1F232FD6E293F7070289CB08438145AA
:10261000EFA00F8201C50145EFA00FA96FF0EEBF3B
:10262000EFF2EEBA832A0502032A4502AA84AE8994
:1026300001490144172BFF1F130B8B17930B8004C9
:10264000EF205FB2634BA90201CC8357840181451F
:1026500013058402C607C583231CF400EF10F01C89
:102660002685EFF03FF263880A0083A74A0081C7FE
:10267000D2854E8582976FF00EB9B3077903032791
:102680000B00BA97638DF402039787016359070221
:1026900083D6070103D704016393E60283D627019B
:1026A00003D72401639DE60009CC5444D847636AEC
:1026B000D7006396E600144498476364D700050981
:1026C00041B73E84EDBFEFF26EB11841797123102E
:1026D00001028357C701231101023AD2231CF100E2
:1026E0008357850103476501231F0100EA07FD8722
:1026F000231DF100835725010A07231EF1009307CC
:1027000000F8A300F1028347B5012301F1023C0860
:102710003ED4835705012316F10283477501230731
:10272000F1021C4D9D83858BD98FA307F10283474E
:10273000D50195CBF1742A8417B900001309C99FFC
:102740009384F40F184C9357870093F7F7037D8B0E
:102750006371F7028357840171771307F70FF98FBD
:10276000231CF400A5A0A555EFF09FEB45616FF089
:102770002EAA58408A07BA979C43D1C38345740157
:1027800001460545EF206FF1AA8929C11306C5004E
:102790003285A54532C6EF30EFF00C4C324622852B
:1027A000A18193F5F503EFF05FA78347C401A286EB
:1027B0004A868507230EF400CE854810EFA0DFC2BD
:1027C0001DCD8347C401FD17230EF4008347C401C8
:1027D0008DE38317240113058402930520036358B6
:1027E000F0008347B401B385B70293850519EF1054
:1027F000D0038347D401FD17A30EF40085BF1C4C02
:1028000003578401A183850793F7F703A207658F18
:10281000D98F231CF4003DB7EFF2EE9D130585FD23
:10282000EFF07FEA6FF06E9F0347A50139CF0347B2
:10283000C501AA877D171377F70F230EE50031E74F
:10284000EFF26E9B83162501634AD0000347D50142
:1028500011E78145EFF0DFDC6FF02E9C03D6870196
:102860001167130707F0718F13858702814519EBF4
:10287000930520036358D00083C7B701B385B7021F
:1028800093850519EF10607AC1BF8280EFF2AE9692
:102890002E85EFF07FF96FF04E98EFF2CE958357CB
:1028A0008601AE84328413971701634E07001C52D1
:1028B00099CB9C4389CB50528297835784011167EF
:1028C000D98F231CF40081C42285EFF0FFF56FF04F
:1028D000CE94EFF2CE8FAA8413F5F507328915CD89
:1028E000A947630BF51883C74401014493F7070414
:1028F0009DCB9727FF1F9387E79B98436306071C91
:102900009727FF1F938747B39C5F9183858B639DB8
:10291000071AA68502972A8439A0035746009547CF
:1029200063E6E7007D5422856FF0EE8D3285368AAE
:10293000EF30CFCF9317150193D937019727FF1F9A
:102940009387C7979C43935AF500C20A93DA0A010A
:102950008DCB8387440163D60702DC4813F7170049
:102960009727FF1F938747AD9C43998F13D7870005
:10297000E207B3E737012320FA002322EA000144EB
:102980005DB74A85EF30CFCD096B83DB84002A89A0
:102990008144172CFF1F130CACE1930C80047D1BAA
:1029A000EF204FFCE3D0A4F83384940383270C007A
:1029B0003E9418445444B3776701639037058357B6
:1029C0002401638D7701638A0A021C4C0346A4012B
:1029D000FD8B85076313F602231974018317240105
:1029E000E352F0F42320EA002322DA0063190900FD
:1029F000A9552285EFF0DFC259B7850455B74A853E
:102A0000EF90FF801C4C7D15FD8BE3CDA7F01305E7
:102A10008402370A0040EF10C0627D1A854A4A8559
:102A2000EF90AFFC01E98347A401A9C72285EFF02D
:102A30009FC9B1B75840B30745018A07BA979C436D
:102A40009304F5FF8DC393F9F40F8A094E97084359
:102A5000EFF0AFF45C40BE9923A009008347A401C6
:102A6000FD17230DF40033959A001345F5FF3379D4
:102A7000A90075B78145B5BF035746008947E3F301
:102A8000E7EA03D7A4009727FF1F83D7E7D10144C4
:102A9000E31BF7E83285EF308FB5AA894A85EF301E
:102AA000EFB8D04493F9F907AA8621829377F60705
:102AB00005461D8E83D5A40003D584004E9613765B
:102AC000F60FEF50BF8385B59727FF1F93870795B4
:102AD0009C436154E38907E44A86A685829725BD15
:102AE000EFE27EEE7971AA8A2E8A32C0368B3A8462
:102AF0008144014D01499729FF1F938969CB930BAD
:102B00008004EF202FE663CCA414F15463050D1468
:102B100003A64A00630504188347040093E707F8F7
:102B2000230BFD0083D78A0003574A00B33580008A
:102B30002318FD0083574600A1492319FD00930780
:102B4000F7FF11E0B149B3C7370383568D0117254D
:102B5000FF1F1305658E231AED00819A9605FD8BE4
:102B6000DD8E231CDD008507230DFD001C45032899
:102B70004500898313F717001C41998F13D78700ED
:102B8000E207B3E707012324FD0083A70A002326F9
:102B9000ED0023226D032320FD0082472320FD0248
:102BA00093070040231EFD0083C7AA00A30BFD006E
:102BB00003A78A004D839377070413F7F6FB5D8F15
:102BC000231CED0083C7BA001377F7F79316F900BB
:102BD000858B9E075D8F93171701C583D58F13D7FC
:102BE0008700231CFD0093770708A30CFD00835783
:102BF0008D011307F00F93F7F7FDCD8F231CFD0018
:102C00008347A6002AC2639DE70AEF509FB5A30D34
:102C1000AD009714FF1F9384646A9C40130C8D00D1
:102C20006388071683270D0003278D0103562D01A6
:102C300083D58A0003D5C7017D8B0507E286EF7037
:102C40003FF76317051483172D016353F0146A854A
:102C5000EFF05F93E554268545616FE09EDAB38718
:102C6000740303A70900BA9703C7A7010DC703D6CA
:102C70008A0083D607010147631BD60003A74A00D9
:102C800083D72701035747001D8F13371700336978
:102C9000E9008504BDB5E31E0DFE3E8DDDBF835703
:102CA000260005478D07C207C1836365F7009307B8
:102CB00000F8BDB583A78A00E98393E707FC8DB5CB
:102CC000A30DFD00B9B73247035CA10063F3E70031
:102CD0003E8C83A70C00420C135C0C019C4362D019
:102CE00001460C1001458297AA8935D1E2855285AB
:102CF000EF20BFFD6286AA854E85EF80A01783274F
:102D00004D00131C2400E29723A037019C40A1CF63
:102D10001C103ECAB70710003ECC50081C10A285FC
:102D20006A853ECEEFF06FCF03278D0109467D8B7C
:102D30006303E400054603AE0D0005485C08050783
:102D4000DE8681455685029E19CD83A74A0083976A
:102D50004700635AF0004E85EFF02FC483274D00E3
:102D60003E9C23200C0005041374F40F83574A0083
:102D7000B9FB9C40A9C383274D009C438DEF6A8516
:102D8000EFF05F800245DA85EFF0CFBE8144E1B518
:102D9000814B11E0E28B93970901C1830144231514
:102DA00031013EC697AC0000938C4CBB971DFF1FB2
:102DB000938D8D5065BF63050900EF901FB3F9B780
:102DC0006A85EFF05F909717FF1F938767659C43B5
:102DD0008144E38207E892479C5F9183858BE38C73
:102DE00007E6EF90AFA885BDEFE2FEC0EF208FB7FA
:102DF000930780043305F502A145EF906FC301E509
:102E000065556FE09EC19727FF1F23A3A79A014432
:102E10009724FF1F9384C49913098004EF208FB473
:102E20006369A402EF200FB5A1451A05EF904FC0CA
:102E300061D99727FF1F23ABA7960144B1441729F7
:102E4000FF1F1309A996EF20EFB26364A4020145A6
:102E50004DBFEF202FB091450A05EF906FBD4DD1CA
:102E6000330724039C4005041374F40FBA97C8C3B6
:102E700075B7EF202FB13355950291454205418139
:102E80000A05EF90EFBA2DDD8327090013176400C0
:102E90000504BA97C8C31374F40F75B7EFE21EB4F4
:102EA000C1642A8901449719FF1F9389E958130ABD
:102EB0008002FD14EF20CFA76345A40001456FE019
:102EC0003EB53305440383A7C90A3E9583570500E1
:102ED0006386970083572500E38327FF0504D9BF46
:102EE000EFE27EB1C167BA841387E7FF41113684F0
:102EF000639BE500238004009717FF1F9387475DBE
:102F00001CC081471DA8F5172A896391F5043285F5
:102F10002EC632C4EF10CFCB71FD9717FF1F9387DA
:102F200067669C432246B245139717016350070218
:102F30003285EFE03FAD11E5FD573E8541016FE081
:102F4000DEAD110508C02380040065BFE30609FE5D
:102F50002E85EFF0BFF4E1576DD10347F9018947A2
:102F6000631DF7008347450089CB930775011CC09B
:102F7000834765012380F40069B7930765001CC08F
:102F800083475500C5BF83D7450099E77D558280AB
:102F90007D5505616FE0DEA7EFE25EA41307001820
:102FA0002A8401112D55E366F7FE2E85B6893289F4
:102FB000AE84EF207FD38D47E3FCA7FC03DA440007
:102FC000EF200F9811055C406358450103C7970037
:102FD000136707F8A384E70003D6470083D52700CB
:102FE00008401307B1017408EFF09FEF5DF18347CC
:102FF000B101139727008347B4008D8BD98FA305A8
:10300000F4005C408387970063D907002685EF2092
:10301000BFCD13358500134515008347B400060561
:103020009166F59B5D8D5C40A305A400014703D527
:103030004700A167A98F63F5D700EF501F812A874A
:103040005C409716FF1F9386263F83A8060083D512
:10305000270003D847009C4610448D058983858B43
:10306000B387F8403EC0C20583A84600835784005A
:1030700072456582C181A686058A93B52500EF70E9
:10308000CF9EE31805F05C400147CE86838797000A
:103090004A86A685228563D50700EFF07FA4D5BDBB
:1030A000EFF0AFA0FDB5EFE21E9532883A86139798
:1030B000060101114183A307B100231CE100231D78
:1030C000E10042CA42CEAD45584163F8D500834580
:1030D000970093E505F8A304B700FD562311D70028
:1030E00003079700635B07001307F100BE864C08D7
:1030F000EFF01F9F05616FE05E921307F100BE863F
:103100004C08EFF08F9AFDB7EFE25E8D3E84835757
:10311000C5010111231901002314F100FD572315E6
:10312000F1003C002ACA23170100231801002316CE
:10313000C1002309D10002CE3ECC2E89BA89C284B7
:103140002E8563040800EF102F9B231EA100EF5073
:103150002FA29717FF1F9387272E9C5F230FA10095
:1031600001459183858BADE3420913590941635DA4
:10317000200503D709001398F40099464E074583AC
:103180003368070193178800420813580801135841
:10319000880033E807019357040113D78700A30180
:1031A000F100931784004204418021805D8C23014B
:1031B000E100814701470A86814548082310010143
:1031C00023128100EFF03FEE05616FE07E84EFE2B5
:1031D0009E822A849304C5FDEF10FF958327C4FFC8
:1031E0001D8DBD67938707A663F8A70081452685D7
:1031F000EFF06F9A6FE07E82032804FF8355E4FEB0
:10320000832784FF834644FF0356C4FE0325C4FD81
:103210001358F801130744FEEFF01FEF2685EFE087
:103220007FF9AA852285EF005060E9B7EFE2AEFC96
:1032300001112E89AA84EF501FDD2A84FD57231522
:10324000F1008357C40203554503231901002316D7
:10325000F1008347140323170100231801002309F9
:10326000F1002314A10002CA02CC02CEEF906FB489
:103270002ACA08403C003ECCEF100FA78357050038
:10328000231EF100EF50CF8E8357C402230FA100FD
:10329000B1CF834714032302F100EF50AF9A7D159D
:1032A00013341500EF504FBD85476314F5001364C8
:1032B0002400EF506F9A85476314F50013644400AF
:1032C0009717FF1F938747179C5F9183858B99C33F
:1032D00013648400CA8726878D465000A945480894
:1032E000A302010023038100EFF0FFDB05616FE023
:1032F000CEF2EFE24EF081450145EFF03FF36FE093
:10330000CEF1EFE24EEF01449714FF1F9384444A3D
:1033100013098004EF101FE56345A40001456FE029
:10332000CEEF330724039C40BA9783C7A70199E3E4
:103330000504CDB70545E5B7EFE2EEEBAA840144FD
:103340001719FF1F1309490FEF109FD56353A402EC
:103350008327490B131534003E9583570500639C62
:103360009700231005002322050023010500EFC06C
:10337000BFB96FE08EEA0504C1BFEFE22EE62A84F2
:103380002E89EF10FFD319C1014565A08347440181
:10339000414793F60703E389E6FE93F70704EDD769
:1033A000EF101FD075D181448149171AFF1F130AEE
:1033B000AA08EF10FFCE63CCA900EF107FCE639B6D
:1033C000A90E81449719FF1F9389090789A88327AC
:1033D0004A0B93943900BE9403D7040083578400AA
:1033E000E30DF7FC8509F1B783A7490B139534006A
:1033F0003E95835705009DE3630509002320A9003E
:1034000061B7835784002310F5001C485CC15C48F9
:10341000858B2301F500EFC03FAFBDB78504EF10EA
:103420003FC8E3C3A4FCEF10BFC885476305F500A0
:1034300005456FE0EEDD9714FF1F83D4043717179F
:10344000FF1F130767FF939734008324470BBE9435
:1034500003D50400EFB0AFFC03D50400EFF0DFEDBF
:10346000630C0902232099009717FF1F83D7E733C6
:1034700085071717FF1F231AF732EF107FC2420587
:103480009717FF1F83D767324181E3EFA7EE9717A6
:10349000FF1F239C0730CDBD8357840026852390D2
:1034A000F4001C48DCC05C48858B2381F400EFC02D
:1034B000BFA55DBF8347440103C72400858B99C71F
:1034C00025DBD8401C48E375F7F611A07DDB6305CA
:1034D0000900232099004DBD835784002685239041
:1034E000F4001C48DCC05C48858B2381F40025B7C0
:1034F000EFE26ECD03584500217102D29147832B34
:10350000050063E707017D594A8539616FE06ECF99
:103510002E842A8A4C102285BA8DB689328CEFF01F
:10352000DFE575F185455285EF20EFF85285EF20F4
:10353000FF8F131935000981896442054181938CFD
:10354000F4FFB37495015285EF207F8A13798901C6
:10355000935755003369F900137DF5011379F90F7D
:10356000137BFD0FE3612BFB5C481848971AFF1F84
:10357000938A8AEC93F6170083A70A00B304974056
:10358000B3F49401958F93D68700B3049740E20774
:10359000DD8C23A2D90023A09900930C1B0023806B
:1035A0009D01814636CEEF10FFBCF2461718FF1F73
:1035B0001308C81F63D0A6048327080093946600ED
:1035C000BE9498481C446316F706D84483A7490064
:1035D0008C4403A609006366F7006390E74863FE26
:1035E000C54683C7740193F70704A1C7854526859F
:1035F000EFE07FDA5C4821478D83858B91E331478B
:10360000B3046703EF101FB863C4A4040328440184
:103610008346E400035684008355A40008401358F1
:1036200078001378180081474E87EFF0FFAD2D59D1
:10363000E1BD850685BF835784002310F5001C4833
:103640005CC15C48858B2301F500EFC0FF8B49A16D
:103650009717FF1F938787C69C4381EF814DEF101B
:103660007FB19717FF1F9387671463CBAD045D5934
:1036700061BD5C481307000893F7070CE390E7FE71
:103680001C4003C70D000356A4008355840003D5D6
:10369000C701CE86EF70CFD171F103284401834674
:1036A000E400035684008355A400084013587800B2
:1036B0001378180081474E87EFF01FA56559A9B50B
:1036C000984393946D00BA9403C7740193760704EA
:1036D00099C2850D69B713670704A38BE4001C40EA
:1036E0009CC05C488A0793F607029377F7FDD58F55
:1036F000A38BF40003A6090083A64900819BB3E7CE
:10370000A701A38BF40090C4D4C403C70B0093F7A4
:10371000F707238BE4000347E400238CE4000357FE
:1037200084002398E4000357A40023AE04002399E7
:10373000E400584813770708D98FA38BF400DC4CBA
:10374000B3D72701858B63950738DC4803574A00B8
:10375000F583858B6317690B93160901C182214696
:1037600091E33146B387C6023E97239AE400EF10F7
:103770008FBC138D440288D06A85EF00D00009ED1C
:1037800083A78A039183858B81EB2685EFE09FA237
:10379000AA856A85EF0070095C4821478D83858B77
:1037A00091E33147DC40BAC0179700001307071BAD
:1037B0001843931D2900130B01041843EE9701468B
:1037C000DA8501453ECE0297F24788C3DC40BE9DB4
:1037D00003A50D000DED032844018355A400834685
:1037E000E40003568400084013587800137818004A
:1037F00081474E87EFF05F9185452685EFE0BFB9A1
:1038000075BDA14691E3B146E383E6F6EDB90356F3
:103810004A0083250A00054A33192A01EF708065A2
:10382000DC4C668605453369F90023AE24018145E9
:10383000EF6030687D156306A90023204C01014923
:10384000E1B1125509CD835784002310F5001C48BF
:103850005CC15C48858B2301F500EFC0EFEA894726
:103860002320FC006A85EF00C07D03A84401DC4CE6
:103870008346E400035684008355A40008404E8725
:103880001358F801EFF05F888347440113F787006E
:1038900005CBB707000101464C1826853EDC5ADAF5
:1038A0005ADEEFE0FFB883C50B00CE8650182285A4
:1038B000EFF02F822A8981452685EFE0DFADA9B19F
:1038C00083C91B0003AA84003707800183CC0B0047
:1038D000220A3AD693D979005AD45AD8135A8A0070
:1038E00083D6440125476393090015477D59E3C4F6
:1038F000E6FC1717FF1F1307679C184311C793F7C0
:10390000070499E3014945BF0355A400A167116766
:10391000A98F814B63F5E700EF403FF3AA8B93D764
:103920006C00858BBDCF114C63830900214C420C88
:10393000135C0C01014B130D8002EF106FFF931706
:103940000B014205C1834181E3FEA7FA03A3CA0A22
:10395000B30DAB034E862C1026851ACEEFE05FAD7B
:10396000A25783A5CA0A930841033EDE3EDA83D7F5
:103970004401130881026687B3878741231DF10242
:10398000DE86CE875286EE952285231C0102EFE06B
:103990001FB12A89050B55F172439A9D83D72D00DB
:1039A00075A09717FF1F9387E7BD9C4313971701D7
:1039B000635007044E862C102685EFE07FA7A257A0
:1039C00021473EDE3EDA83D7440163930900114765
:1039D000998F231DF10238105C18CE865E86D28541
:1039E0002285231C0102EFE05FB32A89F55739CD08
:1039F0004E862C102685EFE0BFA3A25721473EDE5E
:103A00003EDA83D74401639309001147998F231D40
:103A1000F1025C4852C0341013F7170083A70A0064
:103A20004E868545998F3EC28358A4000358840072
:103A3000DE8758181715FF1F130585A9231C0102DF
:103A4000EF605F8B2A89F957E31705E62313F4002B
:103A50004C182285EF00FFDDB9BDE3E6E7AA631449
:103A6000F700E362B6AA03C70B0083C76401E31C37
:103A7000F7A803AD440193578D01FD8BE39567A92A
:103A80005C481357DD01058B8D83858BE31DF7A6FD
:103A900083C7740193F70704E39307CADC4C668677
:103AA000054581453ECEEF60D040F2477D15E39C51
:103AB000A7A48346E400035684008355A40008406D
:103AC0001358FD014E87EFF02FE41255E31505B6AC
:103AD00079591DBC9717FF1F2398A7CC8280EFD27E
:103AE0009EEE3971FD57170AFF1F130A2A7D3ED635
:103AF00083270A007D573AD402D2A3010102AA8487
:103B00002E84638707109C4183D5A50003D5C70188
:103B1000EF700F86834744011E0593F7F707C98F9F
:103B2000230AF400A5452685EF20EF98971AFF1F7A
:103B3000938A0A8F83A70A008DC71717FF1F1307E1
:103B4000A78F1C5F9183858B89CF8347440193F6B0
:103B5000070381EA5453214769596397E60A918B19
:103B6000C5C72685EF20AF979C40AA8B03DC440095
:103B70008387070063D3070A5C48014993F7070C62
:103B8000C1C71307310234105010A2852685EFF00B
:103B90003F962A8983A70A0085C31717FF1F1307BB
:103BA000A7891C5F9183858B81CB5853A1476315EF
:103BB000F7002285EF806FE19C44C20B93DB0B0181
:103BC000BE9B83270A0023A07401239284018DCF1A
:103BD0008307440163DA0702631809029707FF1F8E
:103BE0009387876D83A80700A257FD561256034797
:103BF000310201486393D71CB2566390F61CA68726
:103C00008146A285014582984A8521616FD07EDF79
:103C100083C7450193F7F70721B78547A301F10251
:103C200063140C007D59BDB781452285EFF0EFF498
:103C300075F92685EF20AF9B83474401AA8CA18BA1
:103C400081CBAA85341026862285EFE09FC891B7E4
:103C50005C48014993F7070C95DFEF106FCE110513
:103C600042054181EF10F03EAA89630605142ADA65
:103C7000231C0102EF10CFCC03D744001105231DF4
:103C8000A1024EDE914763E6E7004E85EF10503704
:103C900051BF83270A0091CB8347440193F7070460
:103CA00089E74E85EF10D035F5B50355A400A1671F
:103CB0001167A98F014B63F5E700EF401FB92A8B0D
:103CC00083D74400F1172392F40093D76C00858BBF
:103CD000E1E39717FF1F9387E78A9C431397170128
:103CE00063510702F2570C4826873EDA81465C187A
:103CF0005A862285231C0102EFE03F822A89F5576C
:103D000039C1F2578358A400035884003EDA5C4856
:103D1000A686014613F717009707FF1F9387C77101
:103D20009C4385451705FF1F1305857A998F3EC271
:103D30001C485818231C01023EC0DA87EF608FDB55
:103D40002A8925F1F9572313F4004C182285EF0036
:103D50005FAE81BF93078002B387FD02032ECD0AB9
:103D600010489308410326886687DA862285231C3B
:103D70000102850D3E9EF257F28572CE3EDA8147F2
:103D8000EFE0EFF12A8911E9724E83572E0065BFEB
:103D9000814D170DFF1F130D2D6AEF106FB94205EE
:103DA00093970D014181C183E3E6A7FA4E85EF1099
:103DB00030250149C5B35D59F1BBA687341091B5D3
:103DC00082808280EFD23EC301449714FF1F938408
:103DD000E49DEF102FBA6344A4029707FF1F938757
:103DE000A76503A4470BEF10AFAB13163500814551
:103DF0002285EFD05EC3EFC00F936FD01EC2884004
:103E00009317640085453E95EFE0EFD80504D1B7E0
:103E1000EFD27EBE01449714FF1F93846499130967
:103E20008004EF102FB46344A4006FD01EBFB3070B
:103E30002403884005043E95EFE0CFF4DDB7EFD2D0
:103E4000FEB901449714FF1F9384849613098004DC
:103E500097F9FFFF9389899CEF10CFB06341A402CB
:103E600001449714FF1F9384649417F9FFFF13090B
:103E70004936EF102FB0634EA4006FD07EB9B30760
:103E800024038840CE8505043E9513058502F92854
:103E9000E1B7884093176400CA853E951305450233
:103EA000F1200504F9B7EFD21EB51C452A84858B95
:103EB000A1CF9716FF1F9386E68F9C42014795C3BB
:103EC0006311F4041C40D4420DE71717FF1F23238E
:103ED000F78E6316D4001717FF1F232FF78C2320AC
:103EE00004001C44232C04000145F99B1CC46FD022
:103EF000DEB21CC3E315D4FE9717FF1F23AEE78A7B
:103F0000F9BF3E879C4365BF3105ED2CD9BF85893C
:103F1000B1C1EFD25EAE1714FF1F1304A48908408D
:103F20001DC51C411717FF1F2326F788584063162D
:103F3000E5001717FF1F2321F7881C45584193F60A
:103F4000E7FF14C5858BE1DF79DB0297C9BF014527
:103F50006FD0BEAC01458280EFD2FEA92E843146DF
:103F60008145EFD05EAC40C16FD03EABEFD2BEA872
:103F70002A84EFF07FFE2326040023280400232C4C
:103F800004006FD09EA9EFD21EA73105F9229547F4
:103F90003305F502A1473345F5026FD01EA89C45B5
:103FA00013E7170098C5858B9DE3EFD2DEA45C4133
:103FB00023A0050091EB4CC10CC10345850085454C
:103FC000EF10D03D6FD07EA58CC34CC1FDB7828071
:103FD000EFD2DEA03559634A06009C4DB2842E8490
:103FE000AA8999C731596387A7004A856FD05EA215
:103FF000014919E52285EFF01FEB2A89E34705FE09
:104000008E049545B3C5B402232C34011305C400B6
:104010006122E1BFEFD23E9EAA851705FF1F13055F
:104020006579EFF0DFF76FD05E9FEFD2DE9C2E86D2
:10403000AA851705FF1F1305E577EFF07FF96FD00D
:10404000DE9D1C4D99C7EFD21E9BEFF0DFE56FD0D0
:10405000DE9C7D558280EFD21E9A17050000130565
:1040600045EBEF2040089707FF1F9387A774238431
:10407000A70023A0070023A207006FD01E9A97E78E
:10408000FE1F9387E7B288436313F50001458280E2
:10409000EFD27E96EFF0BFFEFD5711C11C453E8565
:1040A0006FD0BE97EFD23E95EFF07FFDAA87014516
:1040B00099CB804785451705FF1F03456570EF10B5
:1040C00070553305A4406FD05E95EFD2DE9241115A
:1040D0002AC685451705FF1F0345856EEF10304C36
:1040E00085451705FF1F0345A56DEF10D02F3246FC
:1040F000634A06001705FF1F0345856C854511E6D9
:10410000EF10D02941016FD05E91EF10B032DDBFCA
:10411000EFD27E8E930545FF4845EFF05FE86FD004
:10412000DE8F85898DC9EFD21E8DEFF05FF509CD49
:10413000544118412324050098C254C3232005008C
:1041400023220500EFF0DFFCEFF09FF4EFF0FFF724
:1041500001456FD09E8C014582801C4185CFEFD2F6
:104160009E89AA84EFF0BFF197E7FE1F938747A4CB
:10417000DC43014419E5EFF0FFF23305A4406FD0B2
:10418000DE8918453A94E30895FE75D5E305F5FEFA
:104190000841CDB701458280EFD2FE850CC52A8447
:1041A000EFF05FF0AA84EFF09FED01C51C45858F0D
:1041B0001CC5EFF0DFEC97E7FE1F9387679FD043A6
:1041C00011E950C01CC0DC4380C397E7FE1F23A346
:1041D000879E29A8144518446350D7025C41338751
:1041E000E64018C55CC008C080C340C1EFF05FEA7C
:1041F000EFF0BFED6FD07E82158F18C4E303A6FCED
:1042000008417DBFEFD22EFF1C41FD54B1C72A8467
:10421000EFF0FFE62A89014563142401EFF09FE8DF
:1042200017E7FE1F1307C79858431C406308E400B4
:1042300091C71844098F88473A9588C758408144E8
:104240001CC3D8C3232004002322040063162401C6
:10425000EFF01FE4EFF07FE726856FD00EFCEFD282
:104260008EF917050000130505ECEF10D0679707CE
:10427000FF1F2387A7546FD04EFA11E282807D166C
:10428000B387C50003C70700B307C5002380E70055
:10429000EDB79707FF1F23A7A7528280EFD2AEF595
:1042A0001C412A84B284858B014989CBB2862E8633
:1042B000AA8597C0FE1FE780406F2A89A6852285C0
:1042C00097C0FE1FE780606C630A09008A04F1143E
:1042D00026941C4037070080D98F1CC06FD0EEF3A6
:1042E000EFD2CEEF039A260093070002AE891304A3
:1042F000FA013344F40293844602AA85B28A4E85B9
:104300002686054962046184A28697C0FE1FE78065
:10431000C06911ED931754000149635AFA00D28520
:104320004E8597C0FE1FE780A05C3339A000A286AF
:104330002686CE85568597C0FE1FE78000674A8592
:104340006FD00EEDEFD28EE9011121462E842A891D
:1043500097C0FE1FE780805E5C54A1460A863EC679
:104360001C588A850A853EC85C5802C402C23ECAEF
:104370001C5C02C03ECC5C5C3ECE97C0FE1FE7805A
:10438000C062AA84A1460A86CA854A8597C0FE1FD4
:10439000E780A0611C58AA94A1463EC65C580A86D4
:1043A0008A853EC81C5C0A8502CE3ECA5C5C3ECC57
:1043B00097C0FE1FE780605FAA94A1460A86CA855F
:1043C0004A8597C0FE1FE780405E1C50AA94A14614
:1043D0003EC05C500A86CA853EC21C544A8502CA49
:1043E0003EC41C5C02C802C63ECC5C5C3ECE97C09C
:1043F000FE1FE780805B5C50185CAA943EC01C5492
:104400003AC8585C3EC25C54A1460A863EC45C5819
:10441000CA854A853EC63ECC1C503ACA3ECE97C09D
:10442000FE1FE78080585C54AA94A1463EC01C58E9
:104430000A86CA853EC25C584A8502CA3EC41C50E0
:1044400002C802C63ECC1C543ECE97C0FE1FE78079
:1044500060591C58898CA1463EC05C580A86CA85A2
:104460003EC21C5C4A8502CA3EC45C5C02C83EC6B1
:104470005C503ECC5C543ECE97C0FE1FE780805619
:104480005C58898CA1463EC01C5C0A86CA853EC227
:104490005C5C4A8502CC3EC41C503EC65C503EC8A3
:1044A0001C543ECA1C583ECE97C0FE1FE780805366
:1044B0001C5C898CA1463EC05C5C0A86CA853EC2F3
:1044C0005C504A8502C43EC61C5402CC3EC85C54B3
:1044D0003ECA5C583ECE97C0FE1FE780A050338492
:1044E000A44097D4FE1F9384646D634704028549FA
:1044F00011E82146CA85268597C0FE1FE780403215
:1045000063073503A1462686CA854A8597C0FE1FE4
:10451000E780404D098CE9BFA1462686CA854A85B9
:1045200097C0FE1FE78060482A94E34704FE0561B8
:104530006FD00ECEEFD28ECA1D712A8432892E8A98
:10454000714681454800EFD00ECE830409008D47A7
:104550005286A686D28508103EC097C0FE1FE7800F
:10456000A04F8327C90A0C1022858297A6860A8647
:10457000A28522859309490097C0FE1FE7808046E7
:1045800009C9A6864E86A285228597C0FE1FE780B0
:10459000C041830609005286A285081097C0FE1FFD
:1045A000E780804B8327C90A0C1022858297A68654
:1045B00013064908A285228597C0FE1FE780E03ECA
:1045C00019E92686A2854E8597C0FE1FE780402503
:1045D0008547630AF500A6864E86A285228597C088
:1045E000FE1FE780204025616FD08EC2EFD20EBF44
:1045F0008384060019712A89AE8A3285A6853284A1
:10460000B68997C0FE1FE780802C6319052CA6860B
:104610005686D685880097C0FE1FE780E04383A7B3
:10462000C90A8C000A858297838609000A86CA8592
:10463000880097C0FE1FE780204283A7C90A8C002C
:1046400008108297838609000A868A85880097C0A9
:10465000FE1FE780604083A7C90A8C000A85829705
:10466000838609002286D685880097C0FE1FE780D2
:10467000A03E83A7C90A8C005685829783860900CD
:104680002286A285880097C0FE1FE780E03C83A7B2
:10469000C90A8C0022858297A6862286CA854A8509
:1046A000138A490097C0FE1FE780203019E926864B
:1046B000CA85528597C0FE1FE78080168547630A2A
:1046C000F500A6865286CA854A8597C0FE1FE780F8
:1046D0006031A6862286A285228597C0FE1FE780CC
:1046E000C02C19E92686A285528597C0FE1FE78057
:1046F00020138547630AF500A6865286A285228587
:1047000097C0FE1FE780002EA6862286CA852285D6
:1047100097C0FE1FE780002D09C9A6865286A28594
:10472000228597C0FE1FE7804028838609002286E5
:10473000CA85880097C0FE1FE780003283A7C90A98
:104740008C004A858297A6864A86CA85228597C0AC
:10475000FE1FE780802519E92686A285528597C02D
:10476000FE1FE780E00B8547630AF500A6865286A8
:10477000A285228597C0FE1FE780C026A6862286D6
:10478000CA854A8597C0FE1FE780202219E9268640
:10479000CA85528597C0FE1FE78080088547630A57
:1047A000F500A6865286CA854A8597C0FE1FE78017
:1047B000602381454A8597C0FE1FE780601363022E
:1047C0000512A6865286CA854A8597C0FE1FE780D5
:1047D000C01D2A8BA6854A8597C0FE1FE780E01A78
:1047E00093972400F117CA9788437E0B33656501C0
:1047F00088C3838609004A86CA85880097C0FE1F41
:10480000E780802583A7C90A8C0022858297A68627
:104810001010A285228597C0FE1FE780A01C09C941
:10482000A6865286A285228597C0FE1FE780E017E4
:10483000A6861010A285228597C0FE1FE780801AE9
:1048400009C9A6865286A285228597C0FE1FE780E9
:10485000C0150C10A68622862E8597C0FE1FE78005
:10486000601809C90C10A68652862E8597C0FE1FB7
:10487000E780A013838609001010CA85880097C0BE
:10488000FE1FE780601D83A7C90A8C004A858297B6
:10489000A6860A86CA850A8597C0FE1FE78080140F
:1048A00009C9A68652868A850A8597C0FE1FE780B9
:1048B000C00F2686A2854A8597C0FE1FE7800008A4
:1048C0002686D685228597C0FE1FE780200726868C
:1048D0008A85568597C0FE1FE780400609616FD024
:1048E0002E93A6854A8597C0FE1FE780000A11B760
:1048F000EFD2CE8EAE8919712A89B6854E85B284E3
:10490000368497C0FE1FE78080FC11C9A2854A85C6
:1049100097C0FE1FE780E0F909616FD06E8F228695
:10492000CE850A8597C0FE1FE78040012286A685B6
:10493000081097C0FE1FE7806000A285880097C01E
:10494000FE1FE78000F78547A2858810BEC097C08C
:10495000FE1FE78000F622860C100A8597C0FE1F16
:10496000E78000EC09E922868C004A8597C0FE1F8B
:10497000E780C0FC55B78247858B89EFA2850A8501
:1049800097C0FE1FE78060002286A6858800EFF0B2
:10499000FF90D1B78257858B99EBA285081097C0FD
:1049A000FE1FE78080FE2286A6858810CDB7A286EE
:1049B0006359A00410108A850A8597C0FE1FE780FE
:1049C0006002A2850A8597C0FE1FE78000FC228650
:1049D0008C10880097C0FE1FE78080E4635A0500B2
:1049E0008C00A28626862E8597C0FE1FE780E0FBFE
:1049F0008C00A28690102E8597C0FE1FE78080FE57
:104A000061B70C100A862E8597C0FE1FE78080FDD7
:104A1000A285081097C0FE1FE78020F722868C0031
:104A2000881097C0FE1FE780A0DF635A05008C1036
:104A3000A28626862E8597C0FE1FE78000F78C1081
:104A4000A28690002E8597C0FE1FE780A0F9A1BF27
:104A5000EFC27EF7038C070069712AC2B28D080984
:104A600062862E8D36C63E84BA8B97C0FE1FE780C5
:104A7000E0EC93172C003EC4EA976286BE85880955
:104A80003EC097C0FE1FE78060EBB246830404007F
:104A90006384066C2686B685081897C0FE1FE780DB
:104AA000E0E926860C09881897C0FE1FE78000E918
:104AB00026868C09081997C0FE1FE78020E8830628
:104AC00004001018B285881997C0FE1FE780C0F84F
:104AD0008327C40A8C1988088297830604009008EB
:104AE0000C09881997C0FE1FE78000F78327C40AC6
:104AF0008C19080982978306040010188C088819FD
:104B000097C0FE1FE78040F58327C40A8C198808E8
:104B100082978306040090088C09881997C0FE1FAD
:104B2000E78080F38327C40A8C198809829783273A
:104B3000440AA28610188C0908098297830604008B
:104B40001018B285881997C0FE1FE780E0F0832710
:104B5000C40A8C19880882978306040090088C1870
:104B6000881997C0FE1FE78020EF8327C40A8C199D
:104B7000881882978306040010188C08881997C03B
:104B8000FE1FE78060ED8327C40A8C19880882978E
:104B90008306040090080C19881997C0FE1FE7804F
:104BA000A0EB8327C40AF91B8C190819C20B829742
:104BB00093DB0B4113094400854C830404006346D6
:104BC000705B81456E8597C0FE1FE78060D2B33968
:104BD000A00096099C18338A3701933A15001C19D6
:104BE000960ABE999C18338B5701A6861C195286CB
:104BF000DA850808BE9A97C0FE1FE780A0DE09C9C3
:104C00000C08A6864A862E8597C0FE1FE780E0D94D
:104C1000830604001008B285881997C0FE1FE7803C
:104C2000A0E38327C40A8C1908088297830604002E
:104C30001008D285881997C0FE1FE780E0E183271E
:104C4000C40A8C1952858297830604001008DA85FD
:104C5000881997C0FE1FE78020E08327C40A8C19BB
:104C60005A858297A6864E86D685080897C0FE1F6D
:104C7000E780A0D319E926860C084A8597C0FE1F55
:104C8000E78000BA8547630AF5000C08A6864A86C5
:104C90002E8597C0FE1FE780E0D4A6864E86D68577
:104CA000568597C0FE1FE780E0D309C9A6864A86CD
:104CB000D685568597C0FE1FE78020CFA6865286F0
:104CC000DA85081897C0FE1FE780C0D109C90C1803
:104CD000A6864A862E8597C0FE1FE78000CD8306F4
:104CE00004001018CE85881997C0FE1FE780C0D633
:104CF0008327C40A8C194E858297A6865A86D28548
:104D0000081897C0FE1FE78040CA19E926860C18CC
:104D10004A8597C0FE1FE780A0B08547630AF5006B
:104D20000C18A6864A862E8597C0FE1FE78080CB8A
:104D3000830604005686D685881997C0FE1FE78033
:104D4000A0D18327C40A8C195A858297A686101889
:104D5000DA855A8597C0FE1FE780C0C809C9A686B4
:104D60004A86DA855A8597C0FE1FE78000C4A6866A
:104D70005A86D285880897C0FE1FE780A0C609C959
:104D80008C08A6864A862E8597C0FE1FE780E0C164
:104D9000830604009008D685881997C0FE1FE78017
:104DA000A0CB8327C40A8C1956858297A6864E8687
:104DB000D685568597C0FE1FE780C0C209C9A68662
:104DC0004A86D685568597C0FE1FE78000BE8306BB
:104DD00004001008B285881997C0FE1FE780C0C77D
:104DE0008327C40A8C19880882978C08A686101815
:104DF0002E8597C0FE1FE780E0BE09C98C08A686F5
:104E00004A862E8597C0FE1FE78020BAA686528666
:104E10008C08081897C0FE1FE780C0BC09C90C1891
:104E2000A6864A862E8597C0FE1FE78000B88306B7
:104E3000040010080C18881997C0FE1FE780C0C135
:104E40008327C40A8C1908188297A6864E860C18E8
:104E50004E8597C0FE1FE780E0B809C9A6864A863E
:104E6000CE854E8597C0FE1FE78020B426868C082D
:104E7000528597C0FE1FE78060ACE28690180C094F
:104E8000081897C0FE1FE780E0B509C90C18E28634
:104E90004A862E8597C0FE1FE78020B18306040056
:104EA0004E860C18881997C0FE1FE780E0BA83274A
:104EB000C40A8C1908188297830604006A860C18A5
:104EC000881997C0FE1FE78020B98327C40A8C1970
:104ED000081882970C182E85E2864A86EFF05FA1AB
:104EE0008306040002460C18881997C0FE1FE7804D
:104EF000A0B68327C40A8C19081882978306040079
:104F000052860C18881997C0FE1FE780E0B48327EB
:104F1000C40A8C1908188297830404005A86D28523
:104F2000A686880897C0FE1FE780C0AB09C98C0819
:104F3000A6864A862E8597C0FE1FE78000A78306B7
:104F400004009008B285881997C0FE1FE780C0B0A2
:104F50008327C40A8C198808829783060400900866
:104F6000DA85881997C0FE1FE78000AF8327C40A3F
:104F70008C195A858297830604009008D285881977
:104F800097C0FE1FE78040AD8327C40A8C19528565
:104F90008297A6865686CE854E8597C0FE1FE780EF
:104FA00060A409C9A6864A86CE854E8597C0FE1F95
:104FB000E780A09F830604004E86CE85881997C09F
:104FC000FE1FE78060A98327C40A8C19880882978E
:104FD0008C08A6865A862E8597C0FE1FE78080A083
:104FE00009C98C08A6864A862E8597C0FE1FE780D1
:104FF000C09B8C08A68652862E8597C0FE1FE78030
:10500000609E09C98C08A6864A862E8597C0FE1F19
:10501000E780A099A6865A86D285528597C0FE1F42
:10502000E780409C09C9A6864A86D285528597C0EA
:10503000FE1FE7808097830604005286D685881974
:1050400097C0FE1FE78040A18327C40A8C195685AC
:105050008297A6869008DA85528597C0FE1FE78062
:10506000609809C9A6864A86D285528597C0FE1FD8
:10507000E780A093830604005286CE85881997C0E6
:10508000FE1FE780609D8327C40A8C194E85829796
:10509000A6865686CE854E8597C0FE1FE7808094F3
:1050A00009C9A6864A86CE854E8597C0FE1FE78031
:1050B000C08F26868C08528597C0FE1FE780008827
:1050C000830604001018B285881997C0FE1FE78078
:1050D000A0988327C40A8C19880882978306040045
:1050E00090088C18881997C0FE1FE780E0968327E8
:1050F000C40A8C19881882978306040010188C083B
:10510000881997C0FE1FE78020958327C40A8C1951
:10511000880882978306040090080C19881997C0A4
:10512000FE1FE78060938327C40A8C1908198297B1
:10513000124562868C1897C0FE1FE7802080924738
:1051400022470C1962863385E70097B0FE1FE7807F
:10515000E07E55616FC0FE8AA685081897B0FE1FD5
:10516000E780207585473ED82DBADE856E8597B0DD
:10517000FE1FE780E077133A1500B3894C4196098A
:105180009C18B38A37011C19160ABE999C18338BD8
:105190004701A6861C195686DA8508083E9A97C0EC
:1051A000FE1FE780208409C90C08A6864A862E8542
:1051B00097B0FE1FE780607F830604001008B28569
:1051C000881997C0FE1FE78020898327C40A8C199D
:1051D00008088297830604001008D685881997C0AE
:1051E000FE1FE78060878327C40A8C195685829743
:1051F000830604001008DA85881997C0FE1FE7802F
:10520000A0858327C40A8C195A858297A6864E8664
:10521000D285080897B0FE1FE780207911E926861D
:105220000C084A8597B0FE1FE780805F630A9501EE
:105230000C08A6864A862E8597B0FE1FE780807AE6
:10524000A6864E86D285528597B0FE1FE78080796C
:1052500009C9A6864A86D285528597B0FE1FE78087
:10526000C074A6865686DA85081897B0FE1FE780B8
:10527000607709C90C18A6864A862E8597B0FE1F4E
:10528000E780A072830604001018CE85881997B0B5
:10529000FE1FE780607C8327C40A8C194E858297A5
:1052A000A6865A86D685081897B0FE1FE780E06F5D
:1052B00011E926860C184A8597B0FE1FE7804056F4
:1052C000630A95010C18A6864A862E8597B0FE1FA4
:1052D000E7804071830604005286D285881997B012
:1052E000FE1FE78060778327C40A8C195A8582974E
:1052F000A6861018DA855A8597B0FE1FE780806E63
:1053000009C9A6864A86DA855A8597B0FE1FE780C6
:10531000C069A6865A86D685880897B0FE1FE780A2
:10532000606C09C98C08A6864A862E8597B0FE1F38
:10533000E780A067830604009008D285881997B09B
:10534000FE1FE78060718327C40A8C1952858297FB
:10535000A6864E86D285528597B0FE1FE78080686C
:1053600009C9A6864A86D285528597B0FE1FE78076
:10537000C063830604001008B285881997B0FE1F29
:10538000E780806D8327C40A8C19880882978C086F
:10539000A68610182E8597B0FE1FE780A06409C965
:1053A0008C08A6864A862E8597B0FE1FE780E05FB0
:1053B000A68656868C08081897B0FE1FE780806284
:1053C00009C90C18A6864A862E8597B0FE1FE7806D
:1053D000C05D8306040010080C18881997B0FE1FE2
:1053E000E78080678327C40A8C1908188297A686ED
:1053F0004E860C184E8597B0FE1FE780A05E09C947
:10540000A6864A86CE854E8597B0FE1FE780E05976
:1054100026868C08568597B0FE1FE78020528304AD
:1054200004005A86D685A686880897B0FE1FE780B6
:10543000605B09C98C08A6864A862E8597B0FE1F38
:10544000E780A056830604009008B285881997B0BB
:10545000FE1FE78060608327C40A8C198808829742
:10546000830604009008DA85881997B0FE1FE7804C
:10547000A05E8327C40A8C195A858297830604008C
:105480009008D685881997B0FE1FE780E05C8327D7
:10549000C40A8C1956858297A6865286CE854E857B
:1054A00097B0FE1FE780005409C9A6864A86CE85BC
:1054B0004E8597B0FE1FE780404F830604004E865E
:1054C000CE85881997B0FE1FE78000598327C40A4C
:1054D0008C19880882978C08A6865A862E8597B0E4
:1054E000FE1FE780205009C98C08A6864A862E85B3
:1054F00097B0FE1FE780604B8C08A68656862E85E7
:1055000097B0FE1FE780004E09C98C08A6864A8620
:105510002E8597B0FE1FE7804049A6865A86D6851D
:10552000568597B0FE1FE780E04B09C9A6864A86DC
:10553000D685568597B0FE1FE78020478306040076
:105540005686D285881997B0FE1FE780E0508327E2
:10555000C40A8C1952858297A6869008DA855685EA
:1055600097B0FE1FE780004809C9A6864A86D685FF
:10557000568597B0FE1FE780404383060400568699
:10558000CE85881997B0FE1FE780004D8327C40A97
:105590008C194E858297A6865286CE854E8597B009
:1055A000FE1FE780204409C9A6864A86CE854E851F
:1055B00097B0FE1FE780603FFD1B26868C0856854E
:1055C000C20B97B0FE1FE780603793DB0B416FF093
:1055D000CFDEEFC24EC25D713284AA841018A2865B
:1055E0002E850C082EC432C6EFE09FCF035724004F
:1055F000133515009C080A053E95032685FB050713
:105600004207A28741878146930544042685EFF02F
:105610002FC48345040026858605E205E18597B001
:10562000FE1FE780C02A1335150061616FC0EEBE12
:10563000EFC2EEB92E8BAA84B2855A85328497F9CF
:10564000FE1F9389291897B0FE1FE780A02B83A720
:105650000900B1C7131A5400931B24003305AA4054
:105660001389CBFF7D5A2699335AAA00930A000466
:10567000054C83A70900DE85268582970DC1832707
:105680000900A2852685B3F747012320F90097B0CA
:10569000FE1FE780C02319C5FD1AE39C0AFC0145E3
:1056A0006FC06EB62286A6855A8597B0FE1FE7802A
:1056B0006037E31385FF0545E5B7EFC22EB2AA892F
:1056C0002E89B28413040004130A0002930A4602CE
:1056D00003962400D6854A857D0633464603620636
:1056E0006186EFF0FFF409C92686CA854E85EFF082
:1056F0005FEE11E57D1469FC01456FC06EB1054593
:10570000EDBFEFC2AEAD03891600357100102A8BD4
:10571000130A01042285B2894A86B684838A060068
:1057200022CC52CEEFE07FB513161900DA8588102F
:10573000EFE0BFB4A2852285A6865286EFE05FBA6D
:1057400097F7FE1F938707089C432A849DC39317EE
:1057500025001811BA9783A687F7568693854400CB
:10576000368536C6EFF0DFECB24609E50D616FC055
:105770002EAA814603D72400133414001C110A04F6
:105780003E94032684F705078C104207A6874187BD
:105790002E85EFF0EFAB4A868C104E85EFE0FFAD23
:1057A00083C5040088108605E205E18597B0FE1FD9
:1057B000E780E0111335150055BF17C5FE1F13050F
:1057C000A53F828023AC05FE1C4191E7010001004A
:1057D0000CC18280BA8703A787FF6DFF23ACB7FE99
:1057E0008280184183A785FF6319B7001CC1FD574C
:1057F00023AC05FE238FF5FE8280232CF6FEC5BF69
:10580000411122C437E400E026C2044037072000DB
:1058100006C6F98C2320E4180F10000009E92320A4
:1058200094101545B24022449244410182800347BE
:10583000E5FF9307F00F6306F7002320941011454E
:10584000D5B797C0FE1FE78080FC01452320941048
:10585000D1BF411126C2B7E400E04AC003A9040049
:10586000B707200006C622C43379F90023A0F41834
:105870000F10000009E923A02411B24022449244F1
:105880000249410182809565938505D0C98D2A849E
:105890002105C2054205C181418197C0FE1FE780F5
:1058A000E0E701CDFD5723200500231285002303E7
:1058B000F50023A024112105C9B723A02411014517
:1058C0006DBF0111B7E700E04AC803A907004EC643
:1058D0003707200006CE22CC26CAAA893379E900F0
:1058E00023A0E7180F10000097F7FE1F9387C7ED5E
:1058F00080438144014611E491E8A1654E8545212C
:105900000DA08347E4FF639A37038DCCA68517F576
:10591000FE1F130565EBEFF0DFEC65D0A1654E854A
:10592000B52CF2406244B7E700E023A0271126859A
:105930004249D244B2490561828091E02286032423
:1059400084FF55BFA284E5BF41114AC037E900E09A
:1059500022C4032409003707200006C626C2798C1A
:105960002320E9180F10000089E523208910154530
:105970001DA0AA8497F7FE1F83C757E52E8563F500
:10598000F400894763EF9700EFF09FE7B7E700E087
:1059900023A087100D45B2402244924402494101A0
:1059A000828083A785FF99E703C7E5FF9307F00F80
:1059B0006309F700EFF0DFE4B7E700E023A087100A
:1059C0007DB7238F95FE17F5FE1F1305E5DFEFF07A
:1059D0007FDFA1652685D92201452320891065BF77
:1059E00097F7FE1F23A207DE828097F7FE1F93879B
:1059F00027E39C4399E33E85828003D72700631603
:105A0000B70003C70700E308A7FEDC47E5B7A5C159
:105A1000011106CE22CC26CA8147C14633D7F540B4
:105A2000058B29C312053E9531473305E50217F76B
:105A3000FE1F130727E3044305443314F4002EC666
:105A400042044180AA949C40C8408297B24523A05A
:105A5000040023A20400A18DF2406244D2442E85AA
:105A6000056182808507E39BD7FA0144EDB72E8557
:105A70008280C9C1797122D406D626D24AD04ECEB0
:105A800001444147B3D78540858BA5C312053147F3
:105A900022953305E50297F7FE1F9387A7DC03A93C
:105AA00007008544B3948400C204C180BE892A994A
:105AB0000327090011C7032549002EC60297B245E6
:105AC00031473304E40283A709003E941C4489E76C
:105AD0002320090023220900B2502254A58D025927
:105AE0009254F2492E85456182800504E31CE4F856
:105AF0008144DDB72E8582804111B7E700E022C4E2
:105B000080433707200006C626C2798C23A0E718F9
:105B10000F10000097F7FE1F9387C7D09C53938404
:105B2000C18099C782979C403E9523A6A18039A049
:105B300097F7FE1F938747CE9C43EDF78840B74702
:105B400003009387D73F3305F502B7A72600938755
:105B500037ECB24092443E9523A6A180B7E700E01F
:105B600023A0871022444101828097F7FE1F93876C
:105B7000E7CF9C43411122C406C617F4FE1F13044D
:105B8000E4C481CB82975C483E9597F7FE1F23A91A
:105B9000A7C44848B240224441018280B7E700E0F0
:105BA0009843B706200023A0D718758F0F10000068
:105BB00097F6FE1F83C696C16373D50217F6FE1FC4
:105BC0001306C6C593161500084236958356050080
:105BD000D58D2310B50023A0E7100145828023A0B6
:105BE000E7100D458280B7E700E09843B706200034
:105BF00023A0D718758F0F10000097F6FE1F83C6DD
:105C0000F6BC6375D50217F6FE1F130626C1931660
:105C10001500084293C5F5FF369583560500F58DAE
:105C20002310B50023A0E7100145828023A0E710D0
:105C30000D45828079714AD037E900E026D283246D
:105C40000900B707200006D622D44ECE52CC56CA41
:105C50005AC85EC6FD8C2320F9180F10000097F774
:105C6000FE1F83C7B7B6637AF50097F7FE1F9387C9
:105C7000A7BA83AB070063970B00B7E700E023A048
:105C80009710A9A017FBFE1F130B8BBE832A4B0096
:105C9000B74736FE938707C82E8A97F5FE1F83D530
:105CA000A5BDBE9AB387C5022A84B2898146B3B521
:105CB000C50213850732B337F50013060064BE959D
:105CC000EF40705F63F0AA02232099100145B250A3
:105CD000225492540259F249624AD24A424BB24B80
:105CE00045618280829B97F5FE1F83D5E5B8B38717
:105CF00035032A89130600648146B3B5350313853D
:105D00000732B337F500BE95EF40F05AB3072501CF
:105D10003E8903274B0063E4A70063E4E70033896F
:105D2000E740D2852285EFF05FCC09C92324250105
:105D3000B7E700E023A09710054551BF936504F035
:105D4000C205C181414597C0FE1FE780209D19E92A
:105D500097F7FE1F938707AD9C5B85D3A2851145FE
:105D6000829721BF97F7FE1F938787AB9C4385E7F8
:105D700097F7FE1F23A6A7AA8547232605002324FD
:105D800025012311450123008500A300F5002322EE
:105D9000050079BFBA87D84775FFC8C7F1BF0111A1
:105DA000B7E700E04AC803A9070022CC4EC6370770
:105DB000200006CE26CAAA892E843379E90023A0C2
:105DC000E7180F100000EFF05FC2AA8419C1231179
:105DD0000500A2854E85EFF01FE197F7FE1F83C7F0
:105DE000E79E639B370197F7FE1F83D7A7A25D8CC1
:105DF00097F7FE1F239087A2B7E700E023A02711A3
:105E0000014591E01945F2406244D2444249B24909
:105E1000056182804111B7E700E026C2844306C6CF
:105E200022C437072000F98C23A0E7180F100000C8
:105E3000EFF0BFBB19E90145B2402244B7E700E0EB
:105E400023A0971092444101828097F7FE1F938709
:105E5000A79C9C430045829797F7FE1F938747A115
:105E60006368A402D843B74636FE938606C8330556
:105E7000A4403697E371E5FC13070064B335E502EF
:105E800003D6870081463305E502EF40D0426DB767
:105E9000D8433A94C1BF411122C426C217F4FE1F51
:105EA0001304049D97F4FE1F938444929448584031
:105EB00097F7FE1F9387479606C69C436393E608B1
:105EC00082975440B74736FE938707C8B697338703
:105ED000A7003A856364F7006364D7003305D740B1
:105EE00097F4FE1F938444ADDC5081CF97F7FE1FDB
:105EF000938747B494433707CDFF7D179C46F98FAE
:105F00009CC611E1484097F7FE1F9387A791DC5389
:105F1000829719E5DC508DC3EF109033EF10A05A33
:105F2000DC5099CB97F7FE1F9387C7B09843B7060D
:105F300033001C47D58F1CC7B24022449244410114
:105F40008280829794485840B387A6003E8563E4D8
:105F5000D700E3E7E7F83385E74059B7411106C6B4
:105F600097F7FE1F23A4A7900295B24097F7FE1F54
:105F700023AAA786014541018280994763E9B700BA
:105F80008A0597F7FE1F93872787BE9588C1828071
:105F900097F7FE1F23AAA78C11C5854717F7FE1F89
:105FA000230BF786828041117146814517F5FE1F4C
:105FB0001305858406C697F7FE1F23A3078697F768
:105FC000FE1F23A5078A97F7FE1F23A7078497F7CD
:105FD000FE1F2382078497F7FE1F23A7078897B029
:105FE000FE1FE780E0C113068002814517E5FE1F12
:105FF0001305C57D97B0FE1FE78080C0EF40C03D10
:1060000097F7FE1F9387078203C5C70383C7D7038C
:1060100085453E958D473305F50239051375F50F16
:1060200097E7FE1F2385A77A99473305F5021305E5
:10603000052497B0FE1FE780606E17F7FE1F23232D
:10604000A78259CD994717E6FE1F034646783306C7
:10605000F60281451306062497B0FE1FE78040BA7A
:1060600097F7FE1F938707809C439387072417E7C2
:10607000FE1F2321F77817E7FE1F034747750A071E
:10608000BA9717E7FE1F232BF778EFF07F95D12EF5
:1060900097E7FE1F93870776944397E7FE1F83C712
:1060A000F772139727003697170600001306A69C71
:1060B00010C3138717001377F70F0A0736971706D1
:1060C00000001306069510C313873700890793F75E
:1060D000F70F8A0797E5FE1FA38AE56EB69790C370
:1060E000B2404101828097E7FE1F83C7376E17E7F2
:1060F000FE1F0347C76D63F3E70217E7FE1F130791
:10610000676F18439386170017E6FE1FA300D66C2F
:1061100093962700369708C33E8582809307F00F39
:10612000E5BF1C416385071641777D8FB7060020C8
:106130008947631FD71403574500630B07144111A8
:1061400022C419462A849305F00F610506C697B04C
:10615000FE1FE78060B605478D476305E5121C44C6
:1061600081CB58589947630F0710185C630C0710D0
:1061700013060004814517E5FE1F1305A56A97B0B5
:10618000FE1FE780E0A713060004A28517E5FE1FA7
:106190001305456997B0FE1FE780A0A297E7FE1F91
:1061A00083D7076917E7FE1F1307C76799E79307A8
:1061B000001097E6FE1F239DF66697E7FE1F83C734
:1061C000476791E7854797E6FE1F2384F66697E7C2
:1061D000FE1F83D7276691E7ED4797E6FE1F239BB7
:1061E000F66497E7FE1F83C7D76491E7954797E664
:1061F000FE1FA380F66497E7FE1F83C7C76391E77E
:10620000854797E6FE1F2388F66297E7FE1F83C740
:10621000976299E78347F70097E6FE1FA38DF66024
:1062200097E7FE1F83C7576181CF93F637008983B5
:1062300017E6FE1F2306D66297E6FE1FA382F662CC
:1062400097E7FE1F83C7475F91E7D54797E6FE1F95
:106250002384F65E8347640199E79307C00397E6BA
:10626000FE1F238CF65C1C5791C7829797E7FE1F91
:106270002392A756FD5717F7FE1FA307F780EFF0ED
:106280009FD28147B24022443E85410182808947A6
:106290003E85828001114EC697E9FE1F9389495DB4
:1062A00083A7090006CE22CC26CA4AC852C48297C8
:1062B00013090064B335250303DA89008146528649
:1062C00033052503EF40207F97E7FE1F9387075094
:1062D000804FAA8401456306940233858440636E2F
:1062E000940003A5490052868146B335A9023305BF
:1062F000A902EF40407C018D269597E7FE1F23A35E
:10630000974EF2406244D2444249B249224A056162
:10631000828097E7FE1F9387E750985739CB41114A
:1063200022C426C206C6BE84029717E7FE1F035783
:10633000674A2A8415CBBA876373A700AA87C20766
:10634000C183BA866373E400A286C206C182958FB8
:106350005147635BF700DC5491C38297EF100058FC
:1063600097E7FE1F23988746B2402244924441019A
:106370008280828097E7FE1F23A6075097E7FE1FC3
:106380009387474ADC57011106CEAA8581C72AC6E2
:106390008297B245C9C59C410545BDCFDC41ADCF13
:1063A00083D78500B5CB83D7A500BDC7514617E578
:1063B000FE1F1305E54B97B0FE1FE780808097E72F
:1063C000FE1F238D074A97E7FE1F9387674A9C436A
:1063D00017E7FE1F2322F74497E7FE1F83C7F74501
:1063E0008DE79307805717E5FE1F0355E5483305F2
:1063F000F50237460F001306062481468145EF401B
:10640000806B97E7FE1FA38AA742170500001305BC
:10641000A5E8EFF0BFB40145F2400561828097E73F
:10642000FE1F23A3073C97B7FE1F9387A7C517E757
:10643000FE1F232FF7427D5797E7FE1F23ACE7424D
:10644000B7873200938727A197E6FE1F23A6F6425F
:1064500097E7FE1F23840742B7C7004023A4E7261F
:106460009DB7011122CC17E4FE1F1304A43B08447E
:1064700006CE26CA4AC801E90545F2406244D24424
:106480004249056182805C58E5DB185C75D7700075
:10649000854582971844B247E300F7FE9305E00470
:1064A00017E5FE1F0355C53897B0FE1FE78000278C
:1064B00017E7FE1F232CA73261D117E6FE1F0356F4
:1064C00026379305F00F97A0FE1FE7806073814485
:1064D00017E9FE1F1309892F97E7FE1F83C767354A
:1064E0000326090263C1F402328597B0FE1FE780DC
:1064F0000032014597E7FE1F23AA072E97E7FE1FEC
:1065000023A8072E9DBF97E5FE1F83D56532B3876D
:1065100095020844185C898185043E9508C202975B
:1065200065BFC167F9176313F50041A3411106C6A2
:10653000EF00D00111E15D45B24041018280397127
:106540004ED656D25AD006DE22DC26DA4AD852D4AB
:10655000AA8A2E8BB28959EB36C6EFF09FFC914583
:10656000812BAA844D4925C9B246054A23803401AE
:106570000544630A0B00B68513851400029B0505CC
:10658000131405014180E20993D9894163D30902BB
:10659000C1455685EF00007D65491DE533868400C1
:1065A000A2852685EF00007F2A8919ED3104420477
:1065B000418091472C085685231CF10026CE231DCF
:1065C0008100252D2A8901C963070A00268597B015
:1065D000FE1FE780C023F25062544A85D2544259CC
:1065E000B259225A925A025B21618280BA84014ACE
:1065F000B5BF011106CE2EC6112F01C9B245F2401A
:106600000355250005616F009038F240494505614A
:10661000828097E7FE1F93872727884B828097E722
:10662000FE1F93876726DC4B8843828097E7FE1F17
:1066300093878725D84B1C4385071CC317E5FE1F8E
:106640000345B5249307F00F6305F50091656FF0DE
:10665000EFD48280C1671387E7FF6394E5029387D5
:1066600041859C4391EB494582804945B240224493
:10667000924402494101828003A30700E30503FE1F
:106680000283411122C426C24AC006C6FD172A89C8
:106690002E84B2846395F502938741859C4391CB08
:1066A0009C4381CB829711E5238C2185A38C918417
:1066B00075BFA6854A85EFF0DFF34DF9F5B72E8556
:1066C000752B45D5834705000D45E39127FB2285B2
:1066D0002244B2400249A685924441016F00302B0A
:1066E000BD47638CF50663E9B702A5476387F506E6
:1066F00063EDB7009947638CF5049D47638FF504FC
:106700009547638CF50401458280B5476387F5049E
:1067100063E1B704AD47F5B7DD47638EF50263EA81
:10672000B700C947638BF502D9476386F502C547B1
:10673000C9BFF5476383F50263E4B700ED47D1B7FE
:1067400093072005638BF5009307200D5DBF484537
:106750008280084182800845828048418280011100
:1067600026CA06CEB68422CCDD4663E1B608D946F9
:1067700063FDD50AA5466380D50A63EDB604954648
:10678000638BD50899466386D50A054441687D1810
:10679000631506093AC6EFF0DFD833068540324765
:1067A00042064182420441803305C4004205BA8555
:1067B000418132C6F52CAA8749C181C43246239053
:1067C000C400B30580406244F240D2443E85056176
:1067D0006F303048C5466380D504C9460D44E39602
:1067E000D5FAC167FD17E31FF6FA6DB7F54663806A
:1067F000D50463E4B600ED46D5B79306200563885B
:10680000D5029306200DE392D5F8C167FD170D441C
:106810006319F60041B7094495BF9306200DE39331
:10682000D5F8310642064182B5BF15445DBF0D441F
:106830004DBFC167FD171D447DB7F2406244D2448D
:1068400005618280411106C6EFF09FE919C5B2408B
:10685000410117B3FE1F670083FBB24041018280F4
:1068600097E6FE1F83C69614814763E5D70001476C
:106870003A8582802E87910503D6C5FFE30AA6FEDE
:106880008507E5B717E7FE1F034757128147FD56F7
:1068900063E3E70082802310D5002301050085070C
:1068A0001105FDB7411106C6EFF09FFB11C5034569
:1068B0002500B240410182800145E5BF9387C18533
:1068C0009C4399E30145828098470357A700E31949
:1068D000A7FE138547008280411106C6EFF01FFE18
:1068E00011C503452500B240410182804145E5BF05
:1068F00041119387C18522C4804306C6014731C038
:106900001C4483D6A7001C406397A60205CB1CC37A
:106910002E8581C921469305440097A0FE1FE7807C
:10692000402A228597B0FE1FE78060EE0145B24005
:1069300022444101828022873E84D1B723AEF18474
:10694000C1BF0545EDB7938741869C438146B1C7DA
:1069500003D647009843631CA602011106CE22CC41
:1069600026CA8DCA98C2AA843E852E8497B0FE1F7F
:10697000E780E0E92C002685EFF09FF701E519C0DC
:10698000B2471CC0F2406244D24405618280BE8698
:10699000BA8775BF23A2E186F9B705458280938740
:1069A00001869C4317E7FE1F034757002A86050709
:1069B00081463E8583D707006388C7008506930715
:1069C0006500E3E8E6FE014582809387C185984330
:1069D00019E3014615A81C4703D8A700636B0501FE
:1069E00083584700B38608016355D50081466394F8
:1069F00016011843F1BF3E86C10703D3A7FF6317F3
:106A0000A30099C123900501328582808506C206C4
:106A1000C182F1BF03C7A186854763F2E706011172
:106A200022CC26CA4AC806CE2A843289AE84EFF028
:106A30001FF701C9034725009307E00F5D45630871
:106A4000F700631C0900A6852285EF303026F2404E
:106A50006244D24442490561828003D50400930513
:106A6000E10023170100EFF05FF60355E100EFF0BE
:106A7000BFE6AA8505462285252C71D5C9BF594593
:106A80008280C167FD176315F5002E856FF09FDFCB
:106A9000411106C6EFF0DFDC11C5FD572310F500EC
:106AA00023010500B2404101828003D581868280A6
:106AB0001905956542054111938535C0418106C68A
:106AC00097B0FE1FE78080C511C5B240E95541016E
:106AD0006F303018B2404101828083D705003147C2
:106AE000F1173387E70297E7FE1F938727E5BA97E9
:106AF000D84319EBD8412395A7000145D8C303D744
:106B000025002394E70082805945828003D7250021
:106B100061CF83D68186ED4763E9E60C011122CC73
:106B20002E8426CAAA844840914506CEEF307012C2
:106B300083572400AA862300F50083572400A183ED
:106B4000A300F500835704002301F50083570400D8
:106B5000A183A301F50003562400C167F9171106AC
:106B6000420641826396F4042AC4314532C6EFE0FE
:106B70005FCEAA85CD471DC5930700F93246A246D0
:106B80002300F500F9572311F50089472302F5008A
:106B90002313C50014C517E5FE1F034565D9EFE0B3
:106BA000BFDA8147F2406244D2443E85056182806B
:106BB00081452685F92BAA8701E903C7A1867DD3E4
:106BC0007D172385E186F9BF09476302E5021D476A
:106BD0006301E50249476300E5027D47E314E5FCF4
:106BE00003C7A1868147E1BFED473E858280D1473B
:106BF00055BF914745BF894775B783D705000D47F6
:106C0000F117C207C1836361F706DC41B1CF4111BF
:106C100022C42E84854526C206C6AA84A12239C56F
:106C200026852D22C167F917638FF40009ED83577C
:106C3000240091CB835604001947639FE60203D7D3
:106C4000818663FBE70283C7A186A285268599C753
:106C50002244B240924441016FF05FEB2244B240C3
:106C6000924441016FF07FE7094582805145B2406F
:106C700022449244410182806D45D5BF97E7FE1FB3
:106C8000938707CF984317E6FE1F034626D2814716
:106C90006315F600814636858280BA861307C703DE
:106CA000835567FCE389A5FE850793F7F70FCDB7FA
:106CB000011122CC2EC632C406CE2A84EFF01FFC6E
:106CC0002246B24511E9C167F9176303F400514543
:106CD000F24062440561828054558347450095C265
:106CE00013F7270141456314A700154575F2C18BC1
:106CF0003D45F9DF83C7A6010145E3FBB7FC3145FC
:106D0000C1BFC18B0145E9F71545D9B797E7FE1F0C
:106D1000938707C6C166984397E5FE1F83C505C9DB
:106D20008147FD166395F500014632858280035840
:106D300027003A866306D80003480700E307A8FE49
:106D4000850793F7F70F1307C703E9BF411106C67D
:106D5000EFF0DFF211C503554501B24041018280D9
:106D60000145E5BFC167F9176304F502411122C46B
:106D700006C62E84EFF09FF0AA87014591C703C590
:106D80004700698C33358000B24022444101828043
:106D9000054582805D714EDE86C6A2C4A6C2CAC009
:106DA00052DC56DA5AD85ED689495DC955CA138B6A
:106DB0004500420B135B0B01AE8A2A8A930530050E
:106DC0005A85B28497B0FE1FE78040952A84CD494A
:106DD00041C9EFF0DF842A895686D285935A89000B
:106DE000135A0901937BF90F1305440093FAFA0F24
:106DF000137AFA0F1359890197A0FE1FE78040E824
:106E0000A301740123015401A300440123002401C0
:106E1000EFF03F80AA854146080897A0FE1FE78053
:106E200020E6214734005A86A28508087522AA89DF
:106E30001DE121462C0023807401A380540123818D
:106E40004401A38124011385440097A0FE1FE7801D
:106E500020E3EFF0AFFD228597B0FE1FE780209B77
:106E6000B64026444E8596440649F259625AD25A93
:106E7000425BB25B616182808147C1463307F500A6
:106E8000B388F5000347070083C808003308F600FD
:106E90008507334717012300E800E391D7FE82807E
:106EA0000147BD471308F00F3306F500834606007F
:106EB000B388F500FD178606558F2380E800034749
:106EC000060093F7F70F1D83E39007FF8280814749
:106ED000930800F8414893F6F70F3387F50063FCF9
:106EE000C600B306F50083C606002300D700850759
:106EF000E39307FF82806395C60023001701C5BF97
:106F000023000700EDB701114AC856C22E89AA8A8C
:106F100093053005414506CE22CC26CA4EC652C442
:106F2000328A97A0FE1FE780607FAA849305300510
:106F3000414597A0FE1FE780607E2A84CD49BDC0F1
:106F400029CD4146814597A0FE1FE78060CB26866C
:106F5000A2855685352BAA8929E18387040063D34E
:106F60000706A2852685EFF0BFF34A8697650000E5
:106F70009385051D2285EFF03FF08307090063D854
:106F80000704A2854A85EFF0BFF15286976500009D
:106F90009385051B2285EFF03FEE268597B0FE1FF7
:106FA000E780E08611C4228597B0FE1FE780208627
:106FB000F24062444E85D2444249B249224A924A42
:106FC00005618280CA852685EFF09FED7DB7D28569
:106FD0004A85EFF0FFECD1B739715AD05ECE2A8BDB
:106FE000AE8B41459305300506DE26DA52D456D2E3
:106FF00062CC66CA6AC8368C328DBA8C22DC4AD81A
:107000004ED697A0FE1FE7806071AA8A93053005CF
:10701000414597A0FE1FE78060702A8ACD44638EA9
:107020000A0859C52A86D6855A85EFF0DFEDAA846D
:1070300041E193053005414597A0FE1FE780006EB2
:107040002A8993053005414597A0FE1FE780006D12
:10705000AA896308090E6304050E1304FD00118458
:107060001376FD0049C07D144204418035EE1315AE
:1070700044004E86D6855E95EFF01FE0414681457F
:107080004A8597A0FE1FE780A0B7014D93170D0119
:10709000C18363F38708BDC04A8597A0FE1FE780C0
:1070A0000077638709004E8597A0FE1FE780207652
:1070B000568597A0FE1FE780807563070A005285FA
:1070C00097A0FE1FE780A074F250625426854259B3
:1070D000D254B259225A925A025BF24B624CD24CB1
:1070E000424D216182800144131544008A855E95DA
:1070F000EFF0FFDD4E86D2850A85BDBF93154D00AA
:107100000A86DE954A85EFF03FD74A868A855A85FA
:107110004126AA84050D9DBFC1F00A86CE854A8509
:10712000EFF09FD54A868A855A859D26AA84668671
:10713000CA85628597A0FE1FE780A0A8B1BFCD4495
:10714000A1BFCD44B9BF011122CC2A84194506CE76
:107150002EC6EFE00FF005C98567938717F9231056
:10716000F500854723018500A301F500B24562447F
:10717000F2402312B500AA8517E5FE1F034585825C
:1071800005616FE06FFCF2406244056182806F3000
:10719000A00A6F30201117E7FE1F0347578295475B
:1071A000630BF70097E7FE1F9387078183C777007C
:1071B0000D47631FF70097E7FE1F83C77780639D26
:1071C00007109307601017D7FE1F231BF77E8280DE
:1071D000411197E7FE1F9387E78D194522C426C208
:1071E000E05F06C64AC0212597D7FE1F9387877C9C
:1071F000944337C7898E130767ED98C637575500F4
:1072000013075755D8C2034724029306F00FBE84D4
:107210006307D700FD57A300E4022301F4020345EE
:10722000140289476303F500014517D9FE1F1309AE
:10723000297B0327090001469305F00F5C4393E780
:1072400017005CC3930710FA2305F400994717D77A
:10725000FE1FA306F77697D7FE1F238F077497D7D5
:10726000FE1F238D0774D12E97D7FE1F9387877C2F
:107270009443DC56F59BDCD69C4003479400137680
:10728000F7079843137707F8518F98C398431377FC
:10729000F7CF98C398431377F7CF1367072098C3A6
:1072A0009C4637073300B240D98F032709009CC69C
:1072B000B7070300938787153CCB97D7FE1FA38F93
:1072C000076E97D7FE1FA389076E224485471CC30C
:1072D0009244024941018280828017D7FE1F130722
:1072E000276D1C439306001094C3010001000100A8
:1072F00001001C4323A00700834615000348250016
:10730000A2064208C29603480500C296034835000B
:107310006208C29694D78346550003486500A206CA
:107320004208C29603484500C296034875006208A9
:10733000C296D4D7834695000348A500A20642080A
:10734000C29603488500C2960348B5006208C296FB
:1073500094DB8346D5000348E500A2064208C296A6
:107360000348C5000345F500C2966205AA96D4DB22
:1073700083C6150003C52500A2064205AA9603C5CB
:107380000500AA9603C535006205AA9694CF83C668
:10739000550003C56500A2064205AA9603C545002F
:1073A000AA9603C575006205AA96D4CF83C6950038
:1073B00003C5A500A2064205AA9603C58500AA96A4
:1073C00003C5B5006205AA9694D383C6D50003C54C
:1073D000E500A2064205AA9603C5C50083C5F500CF
:1073E000AA96E205AE96D4D3D443F59AD4C3D44337
:1073F00093E61600D4C3944393E6160094C3BA8769
:107400009443D842058B59E3984E01452300E6008A
:107410009843184F2183A300E6009843184F4183F7
:107420002301E6009843184F6183A301E6009C43C3
:10743000D84F2302E600D84F2183A302E600D84F9D
:1074400041832303E600D84F6183A303E6009853EA
:107450002304E60098532183A304E6009853418354
:107460002305E60098536183A305E600D85323065D
:10747000E600D8532183A306E600D85341832307AF
:10748000E600DC53E183A307F600828001008DBF94
:10749000011122CC2A84354506CE2EC632C4812E57
:1074A00097D7FE1F9387C753984322853C4B93E79A
:1074B00007083CCB2246B245EFF03FE2F24062447F
:1074C00001450561828097D7FE1F9387A74E9C4395
:1074D000B70680003706008298437D16558F98C303
:1074E0001307F00F98DF13070005D8DBD857B7064E
:1074F0000080558FD8D7D45717D7FE1F0347C733FF
:10750000931587011377F703F18E6607558FD8D748
:10751000E18517D7FE1F1307E7519306A003184311
:1075200063DEB602744F37060007D18E74CF37077B
:1075300002003907D8DF984B137707FC1367E70081
:1075400098CB37E700E0D147A309F70497A7FE1FC0
:10755000938787CB93E717007CD78280930620021E
:1075600063DAB600744F370600F97D16F18E3706E0
:10757000000565BFB70600F91386F6FF744F69452D
:10758000F18E37060003E342B5FA3706000171BFFA
:107590009387C1869C4399CB944BD04B9842518F93
:1075A00098C294439C479842D98F9CC297D7FE1F9C
:1075B0009387474017D7FE1F0347A74017D6FE1FE4
:1075C0001306064205489C431307E7091442631E4D
:1075D000050388431365050888C3C8468177FD17EE
:1075E000E98FDCC60F1000001C42B7060200AD0593
:1075F00094C7930600F817D6FE1F2301D63C8A05D0
:10760000BA958605ECD3C8C7828088431375F5F711
:1076100088C3C8468177FD17E98FDCC60F100000CC
:107620001C42B7060200A90594C7930600F817D6B6
:10763000FE1F2305D6388E05E1B79387C1869C438C
:1076400089CFD44303A8870098423367070198C2C3
:10765000D447DC4B9842D98F9CC297D7FE1F9387A3
:10766000673505479C439505631EE50298438E05E3
:107670001367070898C3984F137707C01367A713BA
:1076800098CF13078007A389E7009385C50397D791
:10769000FE1F23ABB73211C6060697D7FE1F23A5E0
:1076A000C7328280984392051377F7F798C3984FB3
:1076B000137707C01367271398CF1307F007A38921
:1076C000E700E1B7411106C617D7FE1F0347472F52
:1076D000A1476311F70497D7FE1F83C7A730858B97
:1076E00017D6FE1F0346363297D6FE1F83C6A63135
:1076F000BDC797D7FE1F9387E730C8432DC1834589
:1077000015000905EF00705911C5854717D7FE1FF1
:10771000A308F72A17D7FE1F0347872A9947631C38
:10772000F70097D7FE1F9387E738FC5F83C7B70042
:1077300095CBEFF05FA617D7FE1F034767289D473D
:107740006312F70297D7FE1F9387C73683A70709EF
:1077500083C7770081CBB24041016F20705F8145C4
:1077600001454DB7B2404101828017D7FE1F130774
:1077700027271C43B44B93F6F68FB4CB944393E680
:10778000860094C39C438D83858B89C701000100CB
:107790000100010097D7FE1F9387C72194439C42A5
:1077A00093F7F7CF93E707109CC297D7FE1F9387F5
:1077B00067289043B706CEFFFD161C46F58F1CC602
:1077C0001C4337070300B8CB9387C1869C4399CBF2
:1077D000D44390479842518F98C2944BDC4B9842C7
:1077E000D98F9CC297D7FE1FA38B071C828097D787
:1077F000FE1F9387E71E9C439C438D8BF9CF41115D
:1078000022C426C206C617D7FE1F0347571B8D4743
:10781000AA8417D4FE1F1304241A631BF70097D7FA
:10782000FE1F9387271C9C4B014681454545829747
:1078300019476396E40497D7FE1F83C7771899CB3F
:1078400097D7FE1F83C7C7176396970097D7FE1F6A
:10785000A38807168347740021476318F70093072E
:10786000801017D7FE1F231DF7142244B240924404
:1078700097D7FE1F238107FA41016FF01FEF9D4745
:10788000639FF40097D7FE1F83C79713E1D717D7DD
:10789000FE1F0347E7128D47E31EF7FA45BF8346F5
:1078A0007400630BD700034774006387E7008347C6
:1078B00074002147E31BF7FA97D7FE1F83C75710C1
:1078C000CDF78347740017D7FE1F230BF70E8547AC
:1078D00017D7FE1FA306F70E49BF828017D7FE1FDA
:1078E0000347F70D91476309F70C97D7FE1F93875E
:1078F000270C9843B7C7004093870730631EF70AE9
:107900000111354506CE22CC26CA4AC84EC6EFF034
:107910001FEE97D9FE1F9389E9091D2AEF10B027A2
:10792000EFF07FBA83A7090017D9FE1F130989104A
:10793000B7063300984397D4FE1F9384640A370434
:1079400003001367070898C398431377F7CF98C3CA
:1079500098431377F7CF1367072098C303270900CD
:107960001C47D58F1CC79C4013078455B8CBEF101C
:10797000B038EF20300BEF10502BEF10503403A72E
:1079800009001C4393F7F7CF93E707101CC3832626
:1079900009003707CEFF7D179C46F2404249F98F18
:1079A0009CC69C40B249D244A0CB624497D7FE1FEC
:1079B000A3870700056182808280B7C700401387D4
:1079C000073097D6FE1F23A5E6FE13870720411137
:1079D00097D6FE1F23A6E6009387071037D70040EF
:1079E00022C497D6FE1F23A7E60417D4FE1F130454
:1079F000A4FC17D7FE1F232FF7FA8547A303F40033
:107A000097D7FE1F938707E29C4306C65CD09387F7
:107A100007111CD09797FE1F9387677F23A8F186D5
:107A2000EFF0DFEBB7E700E0A305040003C7574121
:107A300013670708A38AE740B240370710002244C3
:107A400023A0E7103707200023A0E7104101828020
:107A500097D7FE1F9387C7F89C431307C008930668
:107A60006007D8CBD4CFD8D31306E006D0D7D8DB65
:107A7000D0DFF8C3F4C7130780072393E700F84B60
:107A8000B7060080558FF8CB5147F8CB17D7FE1FAC
:107A9000130787F25853F8DF7D5798C737071F0041
:107AA0003D07D8C7828097D7FE1F9387A7F89843D2
:107AB00017D6FE1F130606F397D7FE1F938787EF8F
:107AC00094438347160013F8F707D9C588425C42F0
:107AD000137505F83365050188C213F5150001C952
:107AE00093F5050341456386A506938787C14C57E7
:107AF0004168130808A093E525004CD7B3D50703C8
:107B0000B70810FEFD18B3F70703FD89139545016B
:107B10006C43B3F51501C98D6CC39305A00F3705F0
:107B2000FCFFAA07B3D7B7026C43E98DBA07B98344
:107B3000CD8F7CC383470600898B99CB9C4293F7FA
:107B4000F70713E707049C4293F707F8D98F9CC205
:107B500082809387078361BF5C57F59B5CD79C420B
:107B600093F707F8B3E707019CC2E9B7411106C6CE
:107B700097D7FE1F238F07E8EFF03FBFB2400145C4
:107B800041018280411197D7FE1F83C717E306C6C4
:107B9000858B9DC7EFF09FFD97D7FE1FA38F07E052
:107BA00097D7FE1F238C07E097D7FE1F938787E3A5
:107BB00003A30701014681450545B2404101028307
:107BC00097D7FE1F9387C7E19C43FC538DE3EFF0EB
:107BD000FFF997D7FE1F238307DE97D7FE1F9387F2
:107BE00067E003A30701014681454545F9B797D7EB
:107BF000FE1F938767DC83C777000D476317F70085
:107C0000854717D7FE1F2308F7C0B2404101828085
:107C1000411197D7FE1F83C747DA26C206C622C482
:107C2000858B97D4FE1F9384A4DBF5CB97D7FE1FDB
:107C3000238507D897D7FE1F9387C7DF984317D5AB
:107C4000FE1F034525DA17D4FE1F1304A4D95C5781
:107C50008583858BB1CB504093760503C14593074F
:107C600086C16394B60093070683C165938505A01A
:107C7000B3D6B702370810FE7D18B3F7B702FD8AF6
:107C8000139646017443B3F60601D18E74C393066E
:107C9000A00F3706FCFFAA07B3D7D7027443F18EB3
:107CA000BA07B983D58F7CC31185014697D5FE1FCE
:107CB00083C505D50D89EFF05F9817050000130502
:107CC000050BEFE0EFAC98408177FD175447F58F37
:107CD0005CC70F1000009840B70702001CC793074D
:107CE00000F817D6FE1F230BF6CC97D7FE1F9387FD
:107CF00067CC9C439C439D83858B99CF93076019E8
:107D0000032304017CD354C7014681450545224421
:107D1000B2409244410102839307E01BD5B79C40D7
:107D2000FC538DE3EFF09FE497D7FE1F238807C82D
:107D300097D7FE1F938707CB03A307010146814511
:107D40004545F1B797D7FE1F938707C783C77700CD
:107D50000D476317F700854717D7FE1F230DF7AAB6
:107D6000B2402244924441018280011197D7FE1F04
:107D700083C7B7C406CE22CC858B17D7FE1F130747
:107D8000A7C3C9CF3A84EFF07FDE485097D7FE1FD4
:107D9000A38507C2814581461306F10097D7FE1FD0
:107DA000238E07C09790FE1FE78020619315850101
:107DB000E1858DE15C509306F00F03C70700630B6C
:107DC000D70097D7FE1F83C7F7C36385D700630328
:107DD000F700894597D7FE1F9387C7C00387070021
:107DE0006347070058508346F1002300D7009C4B9F
:107DF000505093F5F50F0945829797D7FE1F83C71B
:107E000027C1898B81CB854517D5FE1F034585C0CA
:107E1000EFD0DFD8F24062440561828097D7FE1F21
:107E2000938707BC9C43FC538DE3EFF03FD497D777
:107E3000FE1F238507B897D7FE1F9387A7BA9C4BD1
:107E40000146814549458297F1B7834777000D4741
:107E5000E312F7FC854717D7FE1F230EF79A5DBF85
:107E6000797122D452CC56CA06D626D24AD04ECEEA
:107E70005AC893070008AA8A2E84328A6319F60228
:107E8000BD449790FE1FE780407BE3FCA4FE97D79C
:107E9000FE1F83C7C7B69607C117E3E4A7FE97D7AF
:107EA000FE1F9387E7B39C4313078007F8D317D9C6
:107EB000FE1F130929B003270900814597D4FE1F2F
:107EC000938404B25C5797D9FE1F9389A9B117DB3D
:107ED000FE1F130B6BAEF19B93E717005CD717D512
:107EE000FE1F034535B0EFF01FBC8327090037069E
:107EF000330098431377F7CF98C398431377F7CF9E
:107F00001367072098C317D7FE1F1307A7B21443A0
:107F10009846518F98C69840B706030093868625E9
:107F200034CB83A6890094C783A6C90097D9FE1FC6
:107F3000938949ADD4C35C4393E717005CC383C7FF
:107F4000E90093E7270017D7FE1F2304F7AC930738
:107F5000FAFF93F7F70F05476369F70C03250B0248
:107F60002286D68523004501A30085000905979048
:107F7000FE1FE78000C503270B029C4093150401F8
:107F8000C181B8DF17D7FE1F230907A217D7FE1F2D
:107F9000A30507A217D7FE1F230207A20D4797D6F6
:107FA000FE1FA38EE6A013070008631EEA08F8531D
:107FB0007DFF97D7FE1F938727869C432EC6829707
:107FC00003A78900B2456368E506198D83270B0274
:107FD000370480000D811307F42F6205598D88C383
:107FE00017D5FE1F034505A011850D89EFF04FDA67
:107FF000832709009843418F98C3D857719BD8D7DE
:1080000097D7FE1FA38C079A97D7FE1FA386079AC0
:108010009C40094798C3B250225492540259F249E5
:10802000624AD24A424B4561828093070008E314BA
:10803000FAF4094489B797D7FE1F93876783DC4317
:10804000998F3E9561B717D5FE1F0345A5991185F8
:108050000D89EFF0EFD383270900B70680001715CD
:1080600000001305450D9843558F98C3D857719B51
:10807000D8D7EFD0FFF197D7FE1F238B079897D75C
:10808000FE1FA38D079297D7FE1FA38707929C40E0
:10809000094798C383C7C90093F7F70FE5DFA5BF6A
:1080A0001C49638D0718411122C406C626C28347A6
:1080B00005002A8493F7070489C75C410945638E4C
:1080C000071013060002814517D5FE1F1305859181
:1080D0009790FE1FE780C0B213060002A28517D555
:1080E000FE1F130525909790FE1FE78080AD97D760
:1080F000FE1F83C7B79097D4FE1F9384A48E99E781
:108100009307800217D7FE1FA30AF78E97D7FE1F8B
:1081100083C7E78E91E7A14717D7FE1F2301F78E8C
:1081200097D7FE1F83C7B78D91E7C54717D7FE1FA7
:10813000A307F78C97D7FE1F83C7878C91E7ED576E
:1081400017D7FE1F230EF78A97D7FE1F83C7578BBB
:1081500091E7ED5717D7FE1FA304F78A8347040062
:1081600093F7070491CFDC4037B724001307F7E9F2
:10817000636AF7069307500217D7FE1FA304F7861A
:1081800097D7FE1F93870788C84309C59790FE1F9E
:10819000E780E06797D7FE1F23A8078683C7040000
:1081A000858B85C317D5FE1F0345958593059004E0
:1081B00009059790FE1FE780605697D7FE1F23A5FD
:1081C000A78483C71400014517D7FE1FA303F784B4
:1081D0009C4417D7FE1F2321F784B24022449244C7
:1081E00041018280370725009306F74863EDF600CA
:1081F0003767DBFF13070793BA971307007DB3D7E1
:10820000E702FD1795BF130707496395E70093073A
:1082100060029DB737D725001307F777636DF70026
:108220003767DBFF13070793BA971307007DB3D7B0
:10823000E702F91791B7930770023DBF05458280A9
:10824000797126D297C4FE1F9384C4799C4406D6C4
:1082500022D44AD04ECE52CC56CA5AC85EC662C448
:10826000638B072217C7FE1F034777759547AA8BB5
:1082700097CAFE1F938A4A7409456303F71E0D458A
:108280002E84328B368CEFF08FD697C7FE1F83C7B4
:108290002778898B17CAFE1F130ACA7685CB3D49FA
:1082A0009790FE1FE7806039E37CA9FE97C7FE1F09
:1082B00083C7E7749607C117E3E4A7FE97C7FE1FBD
:1082C000938707729C4313078007F8D397C9FE1F53
:1082D0009389496E03A709005C57F19B93E7170048
:1082E0005CD78347CA00898B99E783C7040093F75B
:1082F000070463930718814517C5FE1F0345956E54
:10830000EFF06FFA83A709003706330017C9FE1F85
:108310001309096D98431377F7CF98C398431377E0
:10832000F7CF1367072098C317C7FE1F130787707F
:1083300014439846518F98C603270900B7060300D7
:108340009386862534CB944494C7D444D4C383C73E
:10835000040093F617005C43F99BD58F5CC38347F9
:10836000EA0003A50A0293E7270017C7FE1F2302AE
:10837000F76A97C7FE1F2387676997C7FE1FA38306
:108380008769638E0B0E23006501A300850022869A
:10839000DE8509059790FE1FE780A08283A70A0269
:1083A000032709003CDF97C7FE1F2388076097C794
:1083B000FE1FA384076097C7FE1F238107608D47B8
:1083C00097C6FE1FA38DF65E8347CA00898B9DCB9F
:1083D0007C53FDFF97C7FE1F938707449C438297FA
:1083E00003278A006361E50A198D83A70A0209043D
:1083F0001374F40FA38087000D81A29723800700D8
:10840000A380A70017C5FE1F0345C55D11850D8913
:10841000A285EFF0EF9783C7040017F5FFFF130560
:10842000657F858B89E717F5FFFF1305E575EFD0AD
:108430003FB683A70900B706800001459843558FD2
:1084400098C3D857719BD8D797C7FE1FA3880756E4
:1084500097C7FE1FA382075683270900094798C3C1
:10846000B250225492540259F249624AD24A424BC3
:10847000B24B224C456182808945C84051B52320CA
:108480006501014421BF97C7FE1F9387673EDC4308
:10849000998F3E9599BF0545E1B77971B7E700E03F
:1084A00026D284433707200006D622D44AD04ECEA7
:1084B00052CC56CAF98C23A0E7180F10000017C43D
:1084C000FE1F13042452184409EF23A097100545FA
:1084D000B250225492540259F249624AD24A45613A
:1084E000828017C7FE1F1307E75C0327470A09C7E7
:1084F00023A097100945E9BF83470400328AB68953
:10850000858B2E86AA8ABDC717C9FE1F1309894FFE
:108510008327490095E317C5FE1F0345754E2EC6F8
:108520000905930590049790FE1FE780201F3246AF
:1085300097C7FE1F23AAA74C8327490099E7B7E7EF
:1085400000E023A097100D4561B717C7FE1F034732
:10855000874B2380E70083274900638F0A0429CED5
:10856000A380C70003254900D68509059780FE1F13
:10857000E780206517C7FE1F034777449547630CC4
:10858000F70097C7FE1F83C7A74319476385E70016
:108590000D476396E70297C7FE1F83C7774299E7A7
:1085A0009307801017C7FE1F231CF740B7E700E0B2
:1085B00023A09710014529BFA380070065BF17C9F5
:1085C000FE1F1309E9418327090098430D8B0DC74E
:1085D00017C7FE1F23010724B84B1377F78FB8CBBB
:1085E00098431367870098C39C438D83858B89C705
:1085F0000100010001000100832709003707020084
:1086000097CAFE1F938A0A4023A2070698C797C7F6
:10861000FE1F2385073A97C7FE1F83C7673F918BCD
:1086200089EB97C5FE1F83C5E53B93F7050463916E
:108630000712814517C5FE1F0345D53AEFF0AFC6B7
:1086400017C5FE1F0345053A1185014697C5FE1F54
:1086500083C5053B0D89EFE05FFE17C7FE1F1307BB
:10866000673514441C4394C75444D4C3832609007B
:10867000834704003A8413F61700DC42F99BD18F3C
:10868000DCC283A74A00BCDE97C7FE1FA38D473715
:1086900097C7FE1F2389373783C7EA0093E7470050
:1086A00097C6FE1F2387F6369307000497C6FE1F62
:1086B0002384F63097C7FE1F23820730A14797C651
:1086C000FE1FA38EF62E97C7FE1F9387A7159C57F4
:1086D00091CB13060064C14517C5FE1F03458533C2
:1086E000EFD04FD583270900170500001305C531CA
:1086F000DC43858B89E71705000013056506EFD07D
:108700003F891840B70633001C4393F7F7CF1CC3CB
:108710001C4393F7F7CF93E707201CC397C7FE1FAF
:108720009387473198431C47D58F1CC703270900FF
:10873000B7070300938787153CCB97C7FE1FA38F0E
:10874000072697C7FE1FA389072685471CC3B9BD07
:1087500093F5050393E515004840CDB5011197C782
:10876000FE1F83C7772506CE22CC26CA4AC8858B32
:1087700017C7FE1F130747246386072497C7FE1FEA
:10878000A38C07223A84A30701004453EFF00FBEE5
:1087900097C7FE1F83C7C727918B97C6FE1F938677
:1087A000662617C9FE1F1309E923638A071A83C7C0
:1087B0001400A69703C7070093070008631AF70081
:1087C0008347090093E7870017C7FE1F230CF72094
:1087D0005C4C0D47637FF710F11717C7FE1F232B63
:1087E000F71E5C4C984663EDE7103387E74083C77C
:1087F000140003C6C600A69783C7170062066186E9
:108800008E076350061263F4E7101D8F9306000273
:1088100063EBE600584C636FF70EB307F74017C7DA
:10882000FE1F2325F71E894517C5FE1F0345851E1C
:10883000EFD0CFB683470900A18B638D071097C790
:10884000FE1F9387E71994439307800C1307F00FDB
:10885000FCD21C5037063300014598C397C7FE1F52
:10886000238D071497C7FE1FA389071497C7FE1F00
:108870002386071497C7FE1FA382071497C7FE1FFE
:108880009387471398431C4393F7F7CF1CC31C43AC
:1088900093F7F7CF93E707201CC397C7FE1F938773
:1088A0006719984397C5FE1F83C5C51391851C475B
:1088B0008D89D18F1CC7B707030093878725BCCA52
:1088C00005469790FE1FE78060B883470900DD9B4F
:1088D00017C7FE1F2308F71097C6FE1F83C6A612F0
:1088E00017C6FE1F0346361281450145EFF0FFBA59
:1088F000E1A017C7FE1F1307A7F75843BA97E9BDB2
:1089000017C6FE1F1306C6F65042B297F9BD33874D
:10891000E740EDBD97C6FE1F938686F5D442369795
:10892000EDBD584C6361F702B307F74017C7FE1F50
:10893000232EF70C83C7C60093E7070817C7FE1F4F
:108940002308F70CCDB517C6FE1F130666F250427A
:108950003297D9BF83C71400F917A380F400485099
:10896000814681451306F1009790FE1FE780E0A441
:108970005C50931585019306F00F03C70700E1854E
:10898000630CD70097C7FE1F83C7F7076386D7001E
:108990006304F70093E525008307090063C7070018
:1089A00089E58347F1002380F400832709015050B3
:1089B00093F5F50F0D458297F2406244D244424947
:1089C0000561828097C7FE1F938787019C43FC53F4
:1089D00099EFEFF0AF9997C7FE1F9387A7E49C5BD1
:1089E000E38C07EE8545130510088297F5B583479C
:1089F00077002147E312F7FC854717C7FE1F230CBA
:108A0000F7E05DBF797197C7FE1F83C7E7FA06D607
:108A100022D426D24AD04ECE52CC858B17C7FE1F09
:108A2000130787F963840726032947028146130643
:108A3000F10081454A853A84A307010097C7FE1FCC
:108A4000238C07F69790FE1FE7802097131A850165
:108A5000135A8A4163120A0297C7FE1F83C7B7FAE7
:108A60009306F00F638AD700585003470700630549
:108A7000D7006303F700094A97C4FE1F938484F666
:108A80008387040097C9FE1F9389C9F763C607143B
:108A900063160A148347F1002300F90083C7C90055
:108AA000918BD1CB5C4C0D47637DF716F11717C73F
:108AB000FE1F2321F7F25C4C03A7890063EAE71647
:108AC0003387E7408347190083C6C900CA9783C725
:108AD0001700E206E1868E0763DD061663F1E716EE
:108AE0001D8F9306000263EBE600584C636CF7148D
:108AF000B307F74017C7FE1F232AF7F0894517C5AC
:108B0000FE1F034525F1EFD06F8983471900330716
:108B1000F90083460700130700086395E6161C500A
:108B20001307F00F98C383C7040093E7870017C7A4
:108B3000FE1F2309F7EA97C7FE1F9387A7EF984305
:108B40005C578583858BA1C3DC40C165938505A0F7
:108B5000B3D6B702370510FE7D15B3F7B702FD8A0D
:108B6000139646017443E98ED18E74C39306A00F09
:108B70003706FCFFAA07B3D7D7027443F18EBA07B2
:108B8000B983D58F7CC383A7490017C5FE1F034552
:108B900065E5118583C517000D89EFE07F9F1705F7
:108BA000000013056513EFD0AFBE97C7FE1F938774
:108BB00067E09C43B70680009843558F98C3D85709
:108BC000719BD8D783C70400A18BA1E79C48505064
:108BD00081450D45829735A8E3020AECEFE0FFB826
:108BE0009C4850500D459375FA0F829703A5490094
:108BF00017C6FE1F034636E197C6FE1F83C6A6E0D2
:108C000009C583451500090519A081450145EFF007
:108C1000DF88B250225492540259F249624A4561A7
:108C2000828017C7FE1F1307A7C45843BA97BDBD5C
:108C300097C6FE1F9386C6C3D442B69751B53387F5
:108C4000E74045B597C6FE1F938686C2D442369745
:108C500045B5584C6361F702B307F74017C7FE1FCD
:108C60002326F7DA83C7C90093E7070817C7FE1F53
:108C70002300F7DA61B597C6FE1F938666BFD4421C
:108C80003697D9BFF917A300F90075B597C7FE1F2E
:108C9000938707D59C43FC539DE3EFE03FED97C7D7
:108CA000FE1F938727B89C5B89C789451305100869
:108CB000829797C7FE1F9387E7D4C84315BF8347A2
:108CC00077002147E317F7F4854717C7FE1F2304F2
:108CD000F7B481B7411197C7FE1F83C7F7CD06C60A
:108CE00022C4858B8DCB97C7FE1FA38707CCEFE0EF
:108CF000FFE797C7FE1F9387E7CE03C707003E84B1
:108D0000218B21E703A30701014681451145224438
:108D1000B2404101028397C7FE1F938767CC9C43F3
:108D2000FC53ADE797C7FE1F238A07C897C7FE1FEE
:108D3000938747CB03C707003E84218B19E703A322
:108D40000701014681455145D9B797C7FE1F938753
:108D500067CBC84317C6FE1F0346F6CA97C6FE1F59
:108D600083C666CA0DC1834515000905EFF0EFF211
:108D700083470400DD9B17C7FE1F2305F7C6B240DB
:108D800022444101828081450145CDB7854717C7FF
:108D9000FE1F2302F7A8E5B74111B7E700E022C4A0
:108DA00080433707200006C6798C23A0E7180F10F0
:108DB000000097C7FE1F238E07C497C7FE1F938727
:108DC00067C4C84309C59790FE1FE78040A497C7B2
:108DD000FE1F23AB07C217C7FE1F034777BE97C707
:108DE000FE1F938767BD01CF97C6FE1F83C646BD92
:108DF00021476396E60017C7FE1FA30307BC03C7FE
:108E0000770099466387E60003C777009D46639D18
:108E1000E60083C7770017C7FE1F2303F7BA85470D
:108E200017C7FE1FA30EF7B8EFE03F94C14517C563
:108E3000FE1F034525BE97C7FE1F238E079CEFC06C
:108E40001FF6B7E700E023A08710B2402244014597
:108E500041018280411106C622C426C217C4FE1FEA
:108E6000130444BAEFF05FF38347F400A14517C53C
:108E7000FE1F034525BA17C7FE1FA305F7B65C48BA
:108E800097C4FE1F938404B617C7FE1F2320F7B6AE
:108E9000EFC0FFF0914517C5FE1F0345A5B7EFC012
:108EA0001FF08347C400898B9DC39C4801468145C0
:108EB0001305200282972244B240924497C7FE1FB6
:108EC000238807B48945014541016FD00F8B834743
:108ED000C400918BEDD39C480146814513054002A7
:108EE000D1BF97C7FE1F83C7A7B2898B638C0712B8
:108EF000011152C406CE22CC26CA4AC84EC656C25A
:108F00005AC017C7FE1F034797AB8D4717CAFE1FEE
:108F1000130A8AAA91456300F70C354501798569E2
:108F2000EFE0FF8CA14417C4FE1F130464AB7D194E
:108F3000938929F91306000881450145EFE05FF2A6
:108F4000B70A0200130B00F883472A00858B8DE3D4
:108F50001C40FC53F5FBFD14F1FC6244F240D2448A
:108F60004249B249224A924A024B05616FF09FEE94
:108F700017C5FE1F034505A7118501469305F00F90
:108F80000D8997C7FE1F238A07A2EFE00FEB97C555
:108F9000FE1F83C525A591851306F00F8D89054514
:108FA0009780FE1FE780804A83473A00858BB9C3CC
:108FB00097C7FE1FA38307A0EFE05FBB97C7FE1F05
:108FC000938747A483C7C700854593E7070817C75A
:108FD000FE1F230FF7A26244F240D2444249B24935
:108FE000224A924A024B17C5FE1F0345A5A20561FE
:108FF0006FC0DFBAEFE09FB71C40D847B3762701B8
:10900000D4C70F1000001C4023A4570197C6FE1FB1
:109010002386669B23A23707D8C71C40FC538DDBF1
:109020000100E5BF8280411122C406C693F71500F6
:109030002E84A1CB97C7FE1F83C7879D898B85CFC1
:1090400097C7FE1F9387079C83C7C70017C5FE1FDE
:109050000345459C13060005E207E18763DA070034
:1090600017C6FE1F034696999307000A3306F602B9
:109070009145EFC03FBC13451400B240224441016A
:10908000828093F72500B9C797C7FE1F83C747980B
:10909000918B95CF97C7FE1F9387C79683C7C7004D
:1090A00017C5FE1F034505971306000AE207E1876F
:1090B00063DC070017C6FE1F034656949307000A99
:1090C0003306F60213068602A145EFC0BFB613456C
:1090D000240065B793F7450091C7EFF09FE0134573
:1090E000440061BF93F7850081CF97C7FE1F83C7F8
:1090F0002792918B99C3EFF0FFD513458400B5BF3C
:1091000093F705010145B5DBEFD0AFA017C7FE1FF0
:109110000347F78AA147631BF70013060064C145A4
:1091200017C5FE1F0345058FEFC0DFB013450401CF
:10913000A9B7411197C7FE1F83C7278806C622C457
:1091400026C24AC0858B6388071E17C5FE1F0345CC
:10915000658911850146930500020D8997C7FE1F99
:10916000238D0784EFE06FCD97C5FE1F83C58587EC
:1091700091851306F00F8D89054517C9FE1F130948
:10918000A9839780FE1FE780602C83473900858B79
:109190006383071A0325490297C7FE1FA38F078021
:1091A00081460146814597C7FE1F23880780978027
:1091B000FE1FE7808020AA84631F0516032449024E
:1091C0009547034724006318F716194697B5FE1F05
:1091D0009385C566130594009780FE1FE78060A500
:1091E0008547631AF514832709021947814598C3F7
:1091F00017B5FE1F0345057F11850D89EFE04FB9B7
:1092000097B5FE1F83C5057E918501468D890D4565
:109210009780FE1FE780802383472900858B638C1E
:10922000071097B7FE1F238A077897B7FE1F93870B
:10923000A75E9C43829797B7FE1F23A9A77CEFF0F8
:10924000BFB597B7FE1FA38F077897B7FE1FA381FF
:10925000077C8347340101469305000217B7FE1FC0
:10926000A30EF7788347440117B7FE1F2309F77849
:109270008347540117B7FE1FA303F7780347040180
:109280008347F40022075D8F83471401C2075D8F77
:1092900083472401E207D98F17B7FE1F2328F774ED
:1092A000034774018347640122075D8F834784016C
:1092B000C2075D8F83479401E207D98F17B7FE1F5E
:1092C000232CF77217B7FE1FA30607740147B3D606
:1092D000E700858A89C6850493F4F40F05460507DF
:1092E000E317B7FE09C697B7FE1FA385977283479A
:1092F000A40193053400194617B7FE1F2300F77029
:1093000017B5FE1F1305C571894717B7FE1F230147
:10931000F7709780FE1FE780C08A2244B2409244D3
:10932000024917B5FE1F0345E56E130680029145FD
:1093300041016FC03F90EFE04FC3B2402244FD5760
:1093400017B7FE1F2306F76C924402494101828041
:10935000411106C622C4EFE04FE6130640028145E4
:1093600017B5FE1F1305056A9780FE1FE780408929
:1093700017B4FE1F13040469FD57170500001305F9
:10938000C5CA1CC0EFC03FD62308A400B240224487
:1093900001454101828097B7FE1F9387A7699C43CF
:1093A00013070048B70600F998D7D85FFD16758FE8
:1093B000B7060002558FD8DFD85FB70600400E070A
:1093C0000D83558FD8DFF84BC576FD16419B13678B
:1093D0009700F8CBD85F758F9566558FD8DF985B6F
:1093E0009D661367077098DB985B558F98DB985BD9
:1093F000B7060700558F98DB985BB7060090FD16FF
:10940000758FB7060010558F98DBF847B706F9FF40
:10941000FD16619BF8C7F84F758FF8CFF84FB70668
:1094200090FFFD16758FF8CF828017B7FE1F1307C8
:1094300067601C4341767D16B44BF18EB4CB9447E4
:1094400037062000D18E94C7D44793E60601D4C7CF
:10945000D447BD9AD4C701000100010001001443A4
:109460000566DC4693E70701DCC6DC42D18FDCC22F
:1094700097B7FE1F9387C7569043930740067CD249
:109480007C5291C783A7C609A183858BF5DB0100B8
:109490000100010001001C43416603A7C709B44B4A
:1094A000D18EB4CB9376F701B84B019B558FB8CBD7
:1094B0009847B706E0FFFD16758F98C7828097B76B
:1094C000FE1F938727579C4341777D17B44F416612
:1094D000F98EB4CF9447D18E94C7D44793F6F6EF64
:1094E000D4C7D443758FD8C3D44793E60610D4C7E6
:1094F000D843518FD8C38280397122DC17B4FE1F44
:10950000130444531C4006DE26DA4AD84ED652D401
:1095100056D25AD05ECE62CC66CA6AC86EC6D843EE
:10952000FD76FD161377F7EFD8C39857758F98D748
:10953000D857B70602003D9BD8D79847558F98C794
:10954000D84313670701D8C317B7FE1F1307074E89
:1095500014433757341213078767E38FE64AD8431B
:1095600081749384F40F799BD8C3985FB166938616
:1095700006F0658F558F98DFD84313671700D8C35F
:109580009780FE1FE780E0151C4003A707091377AB
:10959000F703238AE18603A7470929831377F7078F
:1095A000A38AE186D843B96693860670799BD8C3AF
:1095B000985F658F558F98DFD84313671700D8C31E
:1095C0009780FE1FE780E0111C4003A7070913776F
:1095D000F70397B6FE1FA381E64603A74709298331
:1095E0001377F70797B6FE1F2384E644D843B56682
:1095F00093860630799BD8C3985F658F558F98DF27
:10960000D84313671700D8C39780FE1FE780600D0B
:1096100018408327070993F7F70397B6FE1F238D9A
:10962000F64083274709A98393F7F70717B7FE1F6B
:10963000230CF73E1C4017BCFE1F034CEC3F83C6B7
:10964000418703A7070AB386864113F6F600419BBC
:10965000518F23A0E70A130760023387E60213063F
:10966000700283A5070A7D7E130EFE0F93F5F5F0B9
:109670001305400245737D13130430023347C702BC
:10968000B708F1FFFD1813082002930E10027D4F5A
:10969000F94FF542F1436D4DD14B454BBD4439492E
:1096A000314AAD4AB5493D8B12074D8F93055002A3
:1096B00023A0E70A3387B60283A5070AB3F5C501DD
:1096C0003347C7023D8B22074D8F23A0E70A33871C
:1096D000A60283A5070A370500F17D15B3F56500DD
:1096E0003347C7023D8B32074D8F23A0E70A3387EC
:1096F000860283A5070A6144B3F515013347C70203
:109700003D8B42074D8F23A0E70A3387060383A5CD
:10971000070A370810FF7D18B3F505013347C70264
:109720003D8B52074D8F23A0E70A3387D60383A5CD
:10973000070AB70E0010FD1EE98D3347C7023D8BA7
:1097400062074D8F23A0E70A139756003347C702DD
:109750009315C70103A7070A3377D7014D8F23A0BD
:10976000E70A3387E6035D4F3347C7029375F70077
:1097700003A7470A419B4D8F23A2E70A3387F603CD
:1097800083A5470AD94F93F5F5F03347C7023D8BC0
:1097900012074D8F23A2E70A3387560283A5470A93
:1097A000D542B3F5C5013347C7023D8B22074D8F24
:1097B00023A2E70A3387760283A5470ACD43B3F590
:1097C00065003347C7023D8B32074D8F23A2E70A5E
:1097D0003387A60383A5470A494DB3F515013347DF
:1097E000C7023D8B42074D8F23A2E70A69473387A3
:1097F000E60283A5470AB3F505013347C7023D8B4F
:1098000052074D8FE54523A2E70A3387B60283A5A9
:10981000470AE98D3347C7023D8B62074D8F23A26C
:10982000E70A338786020D443347C7029315C70101
:1098300003A7470A3377D7014D8F23A2E70A33875F
:10984000E603254F3347C7029375F70003A7870A3E
:10985000419B4D8F23A4E70A3387F60383A5870A2C
:109860009D4F93F5F5F03347C7023D8B12074D8F9F
:1098700023A4E70A3387560283A5870A9942B3F5E2
:10988000C5013347C7023D8B22074D8F23A4E70A4A
:109890003387760383A5870AB3F565003347C7028C
:1098A0003D8B32074D8F23A4E70A3387760283A5C9
:1098B000870A9543B3F515013347C7023D8B42072D
:1098C0004D8F23A4E70A3387A60383A5870A294D72
:1098D000B3F505013347C7023D8B52074D8F23A4D3
:1098E000E70A3387660383A5870AE98D3347C702F2
:1098F0003D8B62074D8F93954600B3C5C50223A4E7
:10990000E70A03A7870A3377D701F2054D8FB3859E
:10991000960223A4E70A03A7C70A419BB3C5C50261
:10992000BD894D8F23A6E70A3387260383A5C70A7F
:1099300093F5F5F03347C7023D8B12074D8FB3C542
:10994000860223A6E70A03A7C70A3377C701BD89A2
:10995000A2054D8F23A6E70A3387460383A5C70ACE
:10996000B3F565003347C7023D8B32074D8F23A601
:10997000E70A3387560383A5C70AB3F515013347B2
:10998000C7023D8B42074D8F23A6E70A3387A60304
:1099900083A5C70AB3F505013347C7023D8B5207BC
:1099A0004D8F23A6E70A3387E60383A5C70AE98D0F
:1099B0003347C7023D8B62074D8F93953600B3C581
:1099C000C50223A6E70A03A7C70A3377D701F20522
:1099D0004D8FB385F60323A6E70A03A7070B419B28
:1099E000B3C5C502BD894D8F23A8E70A3387560248
:1099F00083A5070B93F5F5F03347C7023D8B12079C
:109A00004D8F23A8E70A3387760283A5070BB3F5AA
:109A1000C5013347C7023D8B22074D8F23A8E70AB4
:109A2000139726003347C70283A5070BB3F56500DC
:109A30003D8B32074D8FB3C5360323A8E70A03A732
:109A4000070B33771701BD89C2054D8F23A8E70A9D
:109A5000139716003347C70283A5070BB3F505011B
:109A60003D8B52074D8FB3C5C60223A8E70A03A753
:109A7000070B698FBD89E2054D8F23A8E70A03A76D
:109A8000070B930580023377D70123A8E70A17B79E
:109A9000FE1F034777FA3307EC40B34DB70283ACA0
:109AA000470B93FC0CFFB34B770393FDFD00B3EC26
:109AB000BC0123AA970B83AC470BCD4D93FCFCF064
:109AC00093FBFB00920BB3EB7C0123AA770BB30B48
:109AD000870283AC470BB3FCCC01B3CBBB0293FB37
:109AE000FB00A20BB3EB7C01B34CA70323AA770BBB
:109AF00083AB470BB3FB6B0093FCFC00B20CB3EBE6
:109B00009B0123AA770BA14BB34B770383AC470B85
:109B1000B3FC1C0193FBFB00C20BB3EB7C0123AA3B
:109B2000770BB30B570283AC470BB3FC0C01B3CBE1
:109B3000BB0293FBFB00D20BB3EB7C0123AA770B98
:109B4000B30BF70383AC470BB3FCAC00B3CBBB0246
:109B500093FBFB00E20BB3EB7C01B34C770223AA2F
:109B6000770B83AB470BB3FBDB01F20CB3EB9B0131
:109B7000B30CE70323AA770B83AB870B93FB0BFF95
:109B8000B3CCBC02B30A570393FCFC00B3EB9B01BC
:109B900023AC770B914B83AC870B93FCFCF0B34B5E
:109BA0007703330A470393FBFB00920BB3EB7C0173
:109BB00023AC770B83AB870BD54CB3FBCB01B3CA7C
:109BC000BA02B309370393FAFA00A20AB3EA5B01B7
:109BD00023AC570B83AA870BD94BB3FA6A00334ADD
:109BE000BA0233092703137AFA00320A33EA4A0128
:109BF00023AC470B03AA870BE14A337A1A01B3C996
:109C0000B902B304970293F9F900C209B3693A01A2
:109C100023AC370B83A9870B654AB3F90901334994
:109C2000B902B3C4B4021379F900520933E9290126
:109C300023AC270B03A9870BE9493379A900330B20
:109C40006703BD88E204B36499001319470023AC8D
:109C5000970A83A4870BB3F4D4013349B902334B79
:109C6000BB027209B3E4240123AC970A83A4C70B97
:109C7000C198137BFB0033EB6401C944B304970222
:109C800023AE670B03A9C70B5D4B1379F9F0B3C47F
:109C9000B402BD889204B364990023AE970AB3045A
:109CA000B70303A9C70BF54D3379C901B3C4B40297
:109CB000BD88A204B364990023AE970A8944B344D3
:109CC000970203A9C70B33796900BD88B204B36456
:109CD000990023AE970AB304970303A9C70BF94C65
:109CE00033791901B3C4B402BD88C204B3649900C6
:109CF00023AE970AB304770303A9C70BFD4B33794F
:109D00000901B3C4B402BD88D204B364990023AE80
:109D1000970AB304670303A9C70B130B1002337927
:109D2000A900B3C4B402BD88E204B364990023AEB1
:109D3000970AB304570303A9C70B930A2002337988
:109D4000D901B3C4B402F204B364990023AE970AF4
:109D5000B304470303A9070C130A3002137909FF60
:109D6000B3C4B402BD88B364990023A0970CB304B4
:109D7000370303A9070C930940021379F9F0B3C420
:109D8000B402BD889204B36499006D4923A0970C76
:109D9000B304270303A9070C3379C901B3C4B40280
:109DA000BD88A204B364990023A0970CF144B304C6
:109DB000970203A9070C33796900B3C4B402BD88C4
:109DC000B204B364990023A0970CB304B70303A9AA
:109DD000070C33791901B3C4B402BD88C204B3645B
:109DE000990023A0970CB304970303A9070C3379B8
:109DF0000901B3C4B402BD88D204B364990023A09E
:109E0000970CB304770303A9070C3379A900B3C4F3
:109E1000B402BD88E204B364990023A0970C9314A4
:109E20005700B3C4B4021399C40183A4070C3306CA
:109E3000C702B3F4D401B3E4240123A0970C03A90F
:109E4000470C137909FFB3046703B3C4B402BD8898
:109E5000B364990023A2970CB304570303A9470CDA
:109E60001379F9F0B3C4B402BD889204B3649900C5
:109E700023A2970CB304470303A9470C3379C90104
:109E8000B3C4B402BD88A204B364990023A2970CA2
:109E9000B304370303A9470C33796900B3C4B40290
:109EA000BD88B204B36499001309500223A2970C31
:109EB000B304270303A9470C33791901B3C4B402CF
:109EC000BD88C204B364990023A2970C9304600276
:109ED000B304970203A9470C33790901B3C4B40250
:109EE0003346B602BD88D204B364990023A2970C0E
:109EF00083A4470CE98C3D8A6206458E23A2C70CD9
:109F000003A6470C9314C7013376D601458E23A2CE
:109F1000C70C130690023306C70283A4870CC198AE
:109F20003346B6023D8A458E23A4C70C1306A00211
:109F30003306C702B345B60203A6870C1376F6F0C4
:109F4000BD899205D18D23A4B70C97B5FE1F83C59B
:109F5000A5AD17B6FE1F0346A6AD3386C540B304B4
:109F6000A60303A9870C3379C901B3C4E40293E4BF
:109F70008400BD88A204B364990023A4970CB304A1
:109F8000E60303A9870C33796900B3C4E40293E4C0
:109F90008400BD88B204B364990023A4970C931481
:109FA0003600B3C4E40203A9870C3379190193E4A2
:109FB0008400BD88C204B364990023A4970CB30441
:109FC000F60303A9870C33790901B3C4E40293E4CF
:109FD0008400BD88D204B364990023A4970CB30411
:109FE000560203A9870C3379A900B3C4E40293E4B1
:109FF0008400BD88E204B364990023A4970CB304E1
:10A00000760203A9870C3379D901B3C4E40293E43F
:10A010008400F204B364990023A4970C93142600DF
:10A02000B3C4E40203A9C70C137909FF93E48400C5
:10A03000BD88B364990023A6970CB304860203A9D4
:10A04000C70C1379F9F0B3C4E40293E48400BD882B
:10A050009204B364990023A6970C93141600B3C41A
:10A06000E40203A9C70C3379C9013347E60293E43C
:10A070008400BD88A204B364990023A6970C03A6AC
:10A08000C70C33766600136787003D8B3207518F0C
:10A0900023A6E70C03A7C70C3377170123A6E70C09
:10A0A00003C751870D8F3346D70293F5F507E205B5
:10A0B0003D8A9314460103A6C70C33048702337606
:10A0C0000601458E23A6C70C1316170083A4C70CE0
:10A0D000E98C3346D6023D8A6206458E23A6C70C1C
:10A0E00003A6C70C3344D402B37ED601131627004F
:10A0F000B3037702720433E48E0023A6870C334641
:10A10000D602B3025702937EF60003A6070D419ACA
:10A110003366D60123A8C70C03A6070DB3C3D30229
:10A120001376F6F0B3C2D20293F3F3009203B36353
:10A13000760023A8770C03A6070D337EC601B30F64
:10A14000F70393F2F200A202B3625E0023A8570C59
:10A1500003A6070D3373660013163700B3CFDF0273
:10A16000330FE70393FFFF00B20FB36FF30123A890
:10A17000F70D03A3070DB37813013346D602330D51
:10A18000A7033D8A420633E6C80023A8C70C03A6EE
:10A19000070D33780601334FDF02B346DD02137F2C
:10A1A000FF00520F336FE80123A8E70D03A7070D47
:10A1B000798DBD8AE206C98E23A8D70CD84385665F
:10A1C0003D9BD8C3D843799BD8C39857558F98D710
:10A1D000D857B7060081FD1613670701D8D7137744
:10A1E000FC0303AC8703137C0CFC336CEC0023AC46
:10A1F0008703985F758FD98D8CDF6254F250D254EB
:10A200004259B259225A925A025BF24B624CD24CDA
:10A21000424DB24D2161828097B7FE1F23A807806F
:10A220006FF04FC197B7FE1F9387C78098435C4379
:10A2300093E707105CC38280411106C6012893058D
:10A2400060408922B240014541018280011106CE61
:10A250009317450163D307025924894719C98346D7
:10A2600005001147B1476396E60095472300F500C6
:10A27000C947F2403E85056182802EC64924C94700
:10A280006DD90347A500418B6DD7B2458347B50013
:10A29000230AB50491E7E9472308F5008147D1BFB8
:10A2A000ED47DDBF01114AC84EC652C406CE22CCCE
:10A2B00026CAAE89328A3689992479C1631E0A007A
:10A2C0008547238BF1860145F2406244D2444249DE
:10A2D000B249224A0561828003C7618785472A8483
:10A2E0006315F700238B01868949B7E700E08443B3
:10A2F0003707200023A0E718F98C0F1000004165F4
:10A30000130545F5212C21CD8347A5002315F50024
:10A3100083278411A9E3232CA410232EA4109307D0
:10A3200010F879192320050023164501A304F50030
:10A3300023043501232225018347940285450145E5
:10A34000B395F500C205C181EFB05F85B7E700E0C6
:10A3500023A097108DBF8327C41188C37DBF97A703
:10A36000FE1F9387274C9C5B91C795659385555538
:10A3700005458297B7E700E023A097101D45A9B7D0
:10A38000094599B76FC03FDC011106CE2AC6EFC060
:10A39000FF8E09C9B245F240034505004D460561EF
:10A3A0006FC04FABF24049450561828097A7FE1F01
:10A3B0009387077017A7FE1F1307076F9C43184367
:10A3C00001456313F700828083D6670081E683D658
:10A3D000470036959C43F5B797A7FE1F93878744A0
:10A3E0008C4317A7FE1F03572744411113860522EC
:10A3F00097A7FE1F23AEC76A938785FFBA970565A7
:10A4000097A6FE1F23A2F66A06C61D0593563700BF
:10A410006374E500930600203307D60017A5FE1FDE
:10A420002326E56823A0E522E1162312D600231394
:10A4300006001CC3998FE1172312F70023130700AE
:10A44000EFF0DFF6B24097A7FE1F2394A738410133
:10A45000828097A7FE1F9387A76597A6FE1F938606
:10A46000A6649C4390422A87B305B5406314F60066
:10A470003A8529A8938687009C43E369D7FEE37752
:10A48000F7FE2E85E3E4D5FEE3F2F5FE828083D766
:10A4900005002300F50083D70500A183A300F50084
:10A4A00003D525000905420541818280011122CC96
:10A4B0002A84C84106CEAE86014719C52EC68D45F1
:10A4C000EFF03FF9B2462A8722856244F2406D469A
:10A4D000970500009385E5FB05616FC04F8697A740
:10A4E000FE1F9387275DBC4B9C5799E33E85828076
:10A4F00003D78701E30CA7FE93878705FDB797A7CE
:10A50000FE1F9387275B83A7870999E33E85828097
:10A5100003D78700E30CA7FE9C43C5BF97A7FE1F88
:10A520009387475983A7870AC16697A5FE1F83C5EE
:10A5300055300147FD1603D6A7006309A60063073F
:10A54000D6000507C107E3D8E5FE81473E85828036
:10A5500017A7FE1F0347B7469547630BF70097A75A
:10A56000FE1F9387674583C777000D47631FF7007A
:10A5700097A7FE1F83C7D744639C071293077010E9
:10A5800017A7FE1F231EF7428280411197A7FE1FC7
:10A59000938747520D4522C426C206C683A40709E5
:10A5A0004AC017A4FE1F1304E440EFD04FA4184084
:10A5B000B7C7898E938767ED1CC7B7575500938738
:10A5C00057555CC303C7A4039307F00F6305F70057
:10A5D000FD57238DF40217A9FE1F130969400327B5
:10A5E00009008547A38CF4025C430146014593E7CB
:10A5F00017005CC3930720FB2383F4009D4717A734
:10A60000FE1FA30EF73A97A7FE1F2387073A93056D
:10A61000500297A7FE1F2383073AEFD00F8217A798
:10A62000FE1F1307274114430145DC56F59BDCD67A
:10A6300083C754001040CA8493F6F7071C423A8936
:10A6400093F707F8D58F1CC297A7FE1F83C7072370
:10A6500091C797A7FE1F938767588843EFB05F9312
:10A660001840B70633001C4393F7F7CF1CC31C43B5
:10A6700093F7F7CF93E707201CC303270900B240E5
:10A6800022441C470249D58F1CC79840B7070300D6
:10A69000938787153CCB97A7FE1FA381073297A707
:10A6A000FE1FA38B073085471CC392444101828063
:10A6B000828011CE93070002918F635BF000B39507
:10A6C000C500B357F5003316C500DD8D3285828095
:10A6D000930506FE0146B315B5003285CDBF01488E
:10A6E00063C6050E63DB06003306C040B337C00007
:10A6F000B306D0401348F8FF9D8EB6873283AA8EEA
:10A70000AE886391061863FCC50C41676361E61E61
:10A71000B70700016365F63693568601E1471737A0
:10A720000000130727A4369703470700BA971307BB
:10A7300000021D8F19CBB395E500B357F500331315
:10A74000E600B3E8B700B31EE50013560301B3D724
:10A75000C80293160301C18213D70E01B3F5C802D4
:10A760003385F602C205B3E8E50063FAA8009A98BB
:10A770001387F7FF63E4680063E9A832BA87B388F8
:10A78000A840B3D5C802C20E93DE0E01B3F8C802CA
:10A79000B386B602C208B3E8D80163FBD8009A9822
:10A7A0001387F5FF63E56800F91563E3D800BA8500
:10A7B000139507014D8D8145630908003305A040BD
:10A7C000B337A000B305B0409D8D82803305A04013
:10A7D000B337A000B305B0409D8D7D5821B701E689
:10A7E00005433353D3024167636AE30EB7070001A1
:10A7F000636BF32893568301E14717370000130773
:10A800006796369703470700BA97130700021D8F14
:10A8100065EB93180301B3866540135F030193D87A
:10A820000801854513D70E01B3D7E603B3F6E60357
:10A8300033861703C206558F637AC7001A9793862B
:10A84000F7FF636467006365C726B687118FB35649
:10A85000E703C20E93DE0E013377E703B3881603D6
:10A8600042073367D701637B17011A971386F6FFF8
:10A8700063656700F91663631701B28613950701D4
:10A88000558D1DBF63E1D504C16763E1F604B707C9
:10A89000000163E2F61E93D88601614797370000F6
:10A8A0009387478CC69703C30700930700023A9328
:10A8B000B3876740E9EB63ECB61C3335C50013453D
:10A8C00015008145D5BD81450145FDB59307F00FC4
:10A8D00063F2D71C93D886002147C9B71307F00F3E
:10A8E0009A86E37C67F093568300A14739B7130734
:10A8F000F00FB286E375C7E293568600A14705B50F
:10A900003313E30033D6F500135F0301335EE60330
:10A91000B396E500B357F500DD8E9318030193D885
:10A920000801B31EE50093D50601B377E60333872C
:10A93000C803C207CD8F63FBE7009A971306FEFF9B
:10A9400063E3671663F1E716791E9A97998F33D6FA
:10A95000E703139706014183B3F7E7033385C80282
:10A9600093960701D98E63FBA6009A969307F6FF8C
:10A9700063E7661263F5A61279169A9693150E018F
:10A98000898ED18D45B533576600B396F600D98EC2
:10A99000B3D8650013DF0601B3DEE803139E06019A
:10A9A00033536500135E0E01B395F500B365B30034
:10A9B00013D705013316F600B3F8E8033303DE03BB
:10A9C000C20833E7E800637B670036979388FEFF91
:10A9D0006369D70C6377670CF91E369733076740B6
:10A9E0003353E703C205C1813377E703B3086E022F
:10A9F0004207D98D63FB1501B6951307F3FF63EE8C
:10AA0000D50863FC15097913B695C20E416FB3EEF4
:10AA10006E001307FFFFB3F6EE0013D30E01718F24
:10AA20004182338EE602B3851541B386C602935840
:10AA30000E013307E302BA96C6963306C30263F3E8
:10AA4000E6007A9613D306011A9663E2C50263857F
:10AA5000C500768581458DB341677D17F98EC206A5
:10AA6000337EEE00B317F500F296E3F4D7FE1385BC
:10AA7000FEFF814591B393D80601414705B5935632
:10AA80000601C14769B993560301C147BDB381456A
:10AA900005451DB3B688014711B53A83BDB73E865B
:10AAA000F1BDC68E25BF328E55B5F9179A98C1B93A
:10AAB000F9171A9761BBB687B2882A832E88639DDF
:10AAC000061463F9C50A4167636EE61AB707000109
:10AAD0006363F63493568601E14717270000130796
:10AAE0006768369703470700BA97130700021D8F60
:10AAF00019CB3398E500B357F500B318E60033E8F7
:10AB000007013313E50013D608013355C8029396A5
:10AB10000801C182935703013377C802B385A602A7
:10AB200042073368F700637AB80046989307F5FF49
:10AB3000636418016367B8303E853308B840335703
:10AB4000C8024203135303013378C802B386E602F6
:10AB5000420833686800637BD80046989307F7FF84
:10AB60006365180179176363D8003E874205598DE4
:10AB70008145828001E60547B358C702416763EA11
:10AB8000E80EB707000163ECF82893D68801E14787
:10AB9000172700001307075D369783460700BE9608
:10ABA00093070002958FE5EB939E080133871541CB
:10ABB00013DF080193DE0E018545935703013355DA
:10ABC000E7033377E703B306D5034207D98F63FA68
:10ABD000D700C6971307F5FF63E4170163E6D7268E
:10ABE0003A85958F33D7E703420313530301B3F735
:10ABF000E703B30ED703C207B3E7670063FBD701D0
:10AC0000C6979306F7FF63E51701791763E3D7014A
:10AC100036874205598D828063E2D504C16763E2BD
:10AC2000F604B707000163E4F61E13D786016148F6
:10AC30009727000093870753BA9703C70700130E9F
:10AC400000024297330EEE40631A0E0C63EDB61C01
:10AC50003335C50013451500814582808145014586
:10AC600082809307F00F63F3D71C13D78600214827
:10AC7000C1B71307F00FC686E37C17F193D688009F
:10AC8000A14739B71307F00FB286E378C7E49356AC
:10AC90008600A14799B5B398F80033D6D50013DFE5
:10ACA0000801335EE6033397F500B356D500558FA0
:10ACB000939E080193DE0E013313F50093550701AF
:10ACC000B376E603B387CE03C206CD8E63FBF600F0
:10ACD000C6961306FEFF63E4161763F2F616791E96
:10ACE000C6969D8E33D6E60393170701C183B3F64C
:10ACF000E6033385CE02139706015D8F637BA700C1
:10AD000046979307F6FF636817136376A7127916C1
:10AD1000469793150E01098FD18D45B5B357E600BF
:10AD2000B396C601DD8E33D3E50013DF0601B357BA
:10AD3000E303939E060193DE0E013398C50133575A
:10AD4000E50033680701935808013316C6013373D1
:10AD5000E303B385FE024203B368130163FBB8004B
:10AD6000B6981387F7FF63EAD80C63F8B80CF917A5
:10AD7000B698B388B84033D7E8034208135808019F
:10AD8000B3F8E8033383EE02C208B3E5080163FBBE
:10AD90006500B6951308F7FF63EDD50863FB6508FA
:10ADA0007917B695C207416FD98F1307FFFFB3F626
:10ADB000E70093D80701718F4182B38EE602B38515
:10ADC0006540B386C60213D80E013387E802BA96EF
:10ADD000C2963386C80263F3E6007A9693D80601DA
:10ADE000469663E2C5026385C5003E858145828043
:10ADF00041677D17F98EC206B3FEEE003315C5011B
:10AE0000F696E374D5FE1385F7FF8145828013D74C
:10AE10000601414831BD93560601C1477DB993D61D
:10AE20000801C147B5B38145054582803687014891
:10AE300001B5428785BF3E86E9BDBA871DBF328E08
:10AE40004DB579154698D5B97915C69759BB0147BF
:10AE50006314E60001458280B307E5000507B38669
:10AE6000E50083C7070083C6F6FFE383D7FE33857B
:10AE7000D7408280B3C7A5008D8B3307C50081E71B
:10AE80008D4763EEC700AA876370E50A83C6050095
:10AE900085078505A38FD7FEE3EAE7FE82809376D8
:10AEA0003500AA8791CA83C6050085078505A38F4B
:10AEB000D7FE93F63700FDB79376C7FF138606FEDD
:10AEC00063F0C70683A3050083A2450083AF850016
:10AED00003AFC50083AE050103AE450103A38501A1
:10AEE00083A8C5019385450223A0770003A8C5FF69
:10AEF00023A2570023A4F70123A6E70123A8D70123
:10AF000023AAC70123AC670023AE1701938747022A
:10AF100023AE07FF75B790419107910523AEC7FE99
:10AF2000E3EBD7FEE3E4E7F6828063F3A504B386A0
:10AF3000C500637FD5029345F6FF8147FD176393F4
:10AF4000F50082803387F600034807003387C70087
:10AF50002A9723000701DDB73387F50083460700F2
:10AF60003307F50085072300D700E317F6FE82803C
:10AF70008147E5BF39713EDA2ED232D436D63AD87F
:10AF800042DC46DE9387018122CC804326CA06CE6E
:10AF9000AA8409C41C4C99E322859D230C445410B7
:10AFA0002686228536C6EF00F01BF2406244D2446A
:10AFB00021618280011126CA4AC806CE22CC4EC623
:10AFC00052C4AA842E8901C51C4D91E3152B9C4CBB
:10AFD000804499E326852D23972700009387872AAD
:10AFE000631CF402C0408357C400A18BB1C71C4846
:10AFF000A1C7FD59294A1C4483450900FD17B1E941
:10B000001CC463DE07062286A9452685F120FD576C
:10B010006308F502294535A0972700009387872804
:10B020006314F4008044C1B79727000093878723F7
:10B03000E31BF4FAC04445BFA2852685B12A55D941
:10B040007D55F2406244D2444249B249224A0561E8
:10B0500082801CC4050963D70700184C63CBE70046
:10B06000638945011C401387170018C02380B7006F
:10B0700059B7228626858D20E31F35F7D1B71C40AE
:10B080001387170018C029472380E70061B793870B
:10B090000181AA8588436FF0FFF1AA87850703C75E
:10B0A000F7FF6DFF3385A7407D15828005C67D16AD
:10B0B0000147B307E500B386E50083C7070083C6F1
:10B0C00006006396D7006304C7000507FDF33385C8
:10B0D000D740828001458280011122CC26CA4AC80D
:10B0E00006CE4EC6AA842E89328401C51C4D91E33A
:10B0F0000129972700009387E7186319F406C040D9
:10B100001C4C1CC48357C400A18BC9C31C48BDCFB1
:10B110001C4808409379F90F1379F90F1D8D5C488D
:10B120006346F500A2852685652C2DE51C440505A2
:10B13000FD171CC41C401387170018C0238037015B
:10B140005C486389A7008357C400858B81CBA947DE
:10B150006316F900A285268561240DEDF240624454
:10B160004A85D2444249B24905618280972700004E
:10B17000938747136314F400804459B7972700005E
:10B180009387470EE31EF4F6C0449DBFA285268533
:10B1900021203DDD7D59D9B741119387018126C218
:10B1A000844322C44AC006C62A892E8489C49C4C82
:10B1B00099E32685B126972700009387A70C631C87
:10B1C000F402C0400317C40093170701C18393F62C
:10B1D0008700B5EE93F607019DEEA5472320F90001
:10B1E000136707042316E4007D55B24022449244BD
:10B1F000024941018280972700009387A70A6314C0
:10B20000F4008044C1B7972700009387A705E31B8C
:10B21000F4FAC04445BF918B8DC74C5889C9930738
:10B2200044046384F5004A85892B232A040283574A
:10B23000C4002322040093F7B7FD2316F4001C4832
:10B240001CC08357C40093E787002316F4001C48F2
:10B2500081EF8357C4001307002093F70728638505
:10B26000E700A2854A8595298357C40013F7170084
:10B2700005C75C4823240400B307F0401CCC1C48DD
:10B280000145A5F78317C40013F7070839DF93E7D3
:10B2900007042316F40089BF898B014791E35848BE
:10B2A00018C4F1BF83D7C500011122CC26CA06CE2F
:10B2B0004AC84EC613F78700AA842E8471EFD8417E
:10B2C000634DE000B841634AE0000145F24062444A
:10B2D000D2444249B2490561828058547DD703A9BE
:10B2E00004009396370123A0040063DD060670482E
:10B2F0008357C400918B99C75C401D8E5C5899C3DD
:10B300003C401D8E5C540C50814626858297FD572B
:10B310000357C400631DF5009440F54763E8D70662
:10B32000B70740208507B3D7D700858BA5C31C4836
:10B33000232204001CC09317370163D80700FD5770
:10B340006314F5009C4091E368C84C5823A0240185
:10B35000ADDD930744046384F50026853929232A4B
:10B360000402A5B70C500146854626850297FD5775
:10B370002A86E31FF5F69C40A5DF75476385E70045
:10B3800059476394E70423A0240181B71367070496
:10B390002316E4007D551DBF83A90501E38709F24B
:10B3A00003A905008D8B23A03501330939410147DD
:10B3B00091E3D84918C4E35A20F11C540C50CA86B2
:10B3C0004E86268582976349A0008357C40093E781
:10B3D00007042316F4007DBFAA993309A940E1BFF1
:10B3E0009C49A5C3011122CC06CE2A8411C51C4D4F
:10B3F00081E72EC63122B24597270000938787E860
:10B40000639CF5004C408397C5009DC7228562442C
:10B41000F24005616FF01FE997270000938787E8E6
:10B420006394F5000C44C5B797270000938787E322
:10B43000E39BF5FC4C44C1BFF24062440145056109
:10B44000828001458280411122C406C62A842316C7
:10B45000B5002317C500232005002322050023245F
:10B4600005002322050623280500232A0500232C96
:10B470000500214681451305C505EF60CEDA971713
:10B480000000938787B65CD0971700009387E7B8D2
:10B490001CD497170000938727BD5CD49717000032
:10B4A0009387E7BF00D01CD8B2402244410182807C
:10B4B00097050000938505F3B1AA411126C2130632
:10B4C00080069384F5FFB384C4024AC02E8922C447
:10B4D00006C693854407B1262A8401CD23200500A2
:10B4E00023222501310508C4138684068145EF60B7
:10B4F0008ED32285B2402244924402494101828087
:10B500001C4DB5E7411106C622C49707000093877A
:10B5100067FA1CD5972700009387C7DF9C43232435
:10B52000050423260504232805046314F500854734
:10B530001CCD2A84352848C022851D2808C42285B0
:10B54000052848C4484001469145EFF0DFEF084424
:10B550000546A545EFF03FEF48440946C945EFF0E1
:10B560009FEE85471CCCB2402244410182808280FC
:10B570004111972700009387E7D926C284434AC028
:10B5800006C69C4C22C42A8981E72685EFF05FF726
:10B59000938484048044DC40FD1763D607009C40FC
:10B5A000B9CF8440C5BF0317C40039E7C177850709
:10B5B0002322040623200400232204002324040061
:10B5C0005CC423280400232A0400232C0400214601
:10B5D00081451305C405EF600EC5232A0402232C00
:10B5E000040223240404232604042285B2402244B6
:10B5F00092440249410182801304840671BF91453F
:10B600004A85EFF09FEB88C049FDB1472320F90040
:10B610000144E1BF797122D44AD052CC56CA5AC8EB
:10B620005EC606D626D24ECE2A8AAE8A130485047A
:10B630000149054BFD5B09ECB25022544A859254F6
:10B640000259F249624AD24A424BB24B456182806A
:10B65000044483294400FD1963D409000040E1BF7C
:10B6600083D7C400637BFB008397E4006387770183
:10B67000A6855285829A3369A90093848406E1BF26
:10B680001971A6DAAE848395E500A2DC86DE3284E9
:10B6900063DC050083D7C40023A0060093F70708E6
:10B6A00085E7930700401DA0300836C6EF00B0259F
:10B6B000B246E34105FE7247BD67F98F7977BA97C5
:10B6C00093B717009CC2F1BF930700041CC0F6504B
:10B6D0006654D65401450961828083D7C5000111A3
:10B6E00022CC06CE26CA4AC8898B2E8489CF9307DE
:10B6F00074041CC01CC885475CC8F2406244D24434
:10B7000042490561828074003000AA84EFF05FF73F
:10B71000A2452A892685312201ED8317C40013F73B
:10B72000072061FFF19B93E727002316F400C1B7C0
:10B7300097070000938707D89CD48357C40008C09C
:10B7400008C893E707082316F400A2475CC8B2476D
:10B7500091CF8315E4002685EF00101E01C98357A1
:10B76000C400F19B93E717002316F4008357C4002D
:10B770003369F9002316240149B7DDC183A7C5FF4A
:10B78000411122C406C626C21384C5FF63D3070035
:10B790003E94AA84EF003022938781879C4381EFF7
:10B7A0002322040023AC81862244B24026859244A1
:10B7B00041016F007020637EF40014403307D40011
:10B7C0006396E7009843DC43369718C05CC0D9BF46
:10B7D000BA87D84319C3E37DE4FE94433386D70088
:10B7E000631F86001040B29694C33386D700E31DD2
:10B7F000C7FA10435843B29694C3D8C375B763755C
:10B80000C400B1479CC04DB71040B306C4006316D6
:10B81000D70014435843B29614C058C0C0C369B788
:10B820008280011126CA93843500F19806CE22CC7D
:10B830004AC84EC6A104B14763F3F404B14463E2BD
:10B84000B4042A89EF0030179387818798433A849C
:10B8500039E09387C1879C4391E781454A85A12FB1
:10B8600023AEA186A6854A85B927FD5963193507F8
:10B87000B1472320F9004A85EF00101429A0E3D036
:10B8800004FCB1471CC10145F2406244D244424924
:10B89000B249056182801C40858F63CF0702AD46A7
:10B8A00063F6F6001CC03E9404C031A05C406313F4
:10B8B000870223ACF1864A85EF0010101305B4000F
:10B8C0009307440061993307F5405DDF3A94898F0F
:10B8D0001CC05DBF5CC3C5B72287404095BF130441
:10B8E00035007198E30285FCB305A4404A85E12543
:10B8F000E31C35FBB5BF1C46FD171CC663DA070009
:10B90000184E63C5E700A9476394F5006FF0CFFCBC
:10B910001C422E851387170018C22380B70082802F
:10B92000011122CC26CA4AC84EC652C406CE2A8964
:10B93000AE893284B304D6007D5A63149400014565
:10B9400011A8834504004E864A85EFF0DFFA05040E
:10B95000E31545FFF2406244D2444249B249224ACB
:10B9600005618280357122CD26CB4AC94EC706CFEC
:10B9700052C556C35AC1DEDEE2DCE6DAAA89AE84DD
:10B980003289368409C51C4D99E3EFF07FB79727BC
:10B9900000009387278F639CF40C83A4490083D70E
:10B9A000C400A18BFDC79C48EDC793070002A30408
:10B9B000F1029307000302D22305F10222C6930B82
:10B9C0005002972A0000938AEA8F054C294B4A843B
:10B9D0008347040099C36391770FB30C2441638EAE
:10B9E0000C00E6864A86A6854E85EFF07FF3FD576C
:10B9F0006306F51E9256E69636D283470400638F9F
:10BA0000071CFD571309140002C802CE3ECA02CC1F
:10BA1000A309010482D48345090015465685BD2F2C
:10BA200013041900C24759E913F7070109C713079F
:10BA30000002A309E10413F7870009C71307B00246
:10BA4000A309E104834609001307A0026380E60806
:10BA5000F2474A84814625460347040093051400B3
:10BA6000130707FD6379E60AB5CA3ECE85A8972776
:10BA70000000938727836395F40083A4890005B7AA
:10BA8000971700009387077EE39BF4F083A4C90017
:10BA900039B7A6854E85EFF02FF001D97D55FA40D4
:10BAA0006A44DA444A49BA492A4A9A4A0A4BF65B36
:10BAB000665CD65C0D618280050419BF3305554173
:10BAC0003315AC00C98F3EC82289B1B732479306FF
:10BAD0004700184336C6634907023ACE03470400BD
:10BAE0009307E002631FF704034714009307A002C3
:10BAF000631BF702B2470904138747009C433AC609
:10BB000063C107023ECA35A83307E04093E7270028
:10BB10003ACE3EC8E1B7B387670385462E84BA970D
:10BB200025BFFD57C5B7050402CA81468147254692
:10BB30000347040093051400130707FD6376E60628
:10BB4000F1F2834504000D46171500001305057832
:10BB5000B12511CD97170000938747771D8D930767
:10BB60000004B397A700424505045D8D2AC88345AC
:10BB700004001946171500001305857513091400F4
:10BB80002304B102212D3DC19747FEFF93878747CC
:10BB900095E74247B2471377071009CF91073EC692
:10BBA0009257D2973ED225B5B387670385462E8438
:10BBB000BA97BDBF9D07E19BA107D5B7780097064F
:10BBC0000000938626D626860C084E859700000036
:10BBD000E7000000FD572A8AE314F5FC83D7C40070
:10BBE00093F70704E39C07EA125555BD78009706C2
:10BBF0000000938626D326860C084E85012AD9BFDD
:10BC0000797156CA9C49BA8A984522D426D24ECE1A
:10BC100052CC06D64AD05AC85EC6AA892E84B284AF
:10BC2000368A63D3E700BA879CC00347340419C33C
:10BC300085079CC01C4093F7070281C79C40890779
:10BC40009CC00329040013796900631A0900130BCF
:10BC50009401FD5B5C449840998F634CF9041C404F
:10BC60008346340493F70702B336D000A5EB1306DE
:10BC70003404D2854E85829AFD576303F5041C4037
:10BC800011469840998B544481446397C700B3840C
:10BC9000E64063D3040081441C4418486354F70011
:10BCA000998FBE94014969047D5B63982405014521
:10BCB00009A885465A86D2854E85829A631E7501EB
:10BCC0007D55B250225492540259F249624AD24AE6
:10BCD000424BB24B456182800509ADBF3307D400AA
:10BCE00013060003A301C7040347540493871600F7
:10BCF000A2978906A381E7049DBF85462286D28547
:10BD00004E85829AE30E65FB050945B7797122D409
:10BD100026D24AD04ECE06D652CC56CA5AC8B6897A
:10BD200083C68501930790063289AA842E841386E0
:10BD30003504638DF60263E2D706930780056388B6
:10BD4000F61863EDD7006381062293073004638EF3
:10BD5000F60A930A24042301D404C9A093073006E9
:10BD60006385F60A93074006E395F6FE1C400843F8
:10BD700093F6070893054500C5C61C410CC363D85C
:10BD800007001307D002B307F040A301E40497169D
:10BD900000009386665429476DA8930700076384C3
:10BDA000F61663E5D7029307E006638BF618930750
:10BDB000F006E390F6FA0C401C4313F805081385CF
:10BDC00047006307080608C39C438DA893075007E4
:10BDD000E383F6FE93078007638BF6129307300721
:10BDE000E399F6F61C43D04181459386470014C37E
:10BDF00083AA070056855D2601C53305554148C015
:10BE00005C401CC8A301040471A81C43930A2404C9
:10BE1000938647009C4314C32301F4048547D5B798
:10BE200093F607041C410CC3B9DAC207C18781BF6E
:10BE300093F5050408C3C9D983D707001307F00693
:10BE40006388E60E97160000938606492947A301EA
:10BE500004044C400CC463C5050008406D9908C03B
:10BE600099E3B28A91CDB28AB3F5E702FD1AB6958D
:10BE700083C505002380BA00B3D5E70263F0E70C61
:10BE8000A147631EF7001C40858B91CB58401C488E
:10BE900063C7E70093070003A38FFAFEFD1A33067A
:10BEA000564110C84E87CA867000A2852685EFF0DD
:10BEB0003FD57D5A631E450B7D55B2502254925496
:10BEC0000259F249624AD24A424B45618280A382BA
:10BED000D50497160000938626400C40084313F8BB
:10BEE00005081C411105630D080208C313F715006E
:10BEF00001C793E505020CC04147B1FB0C4093F527
:10BF0000F5FD0CC0A9B79C4193E707029CC19307BC
:10BF10008007A302F404971600009386263D75BFA0
:10BF200013F8050408C3E30308FCC207C1837DBFFF
:10BF3000971600009386463A214711BFAE872DB76A
:10BF400094411C43CC4913F8060813854700630647
:10BF5000080008C39C438CC301A808C393F60604D9
:10BF60009C43F5DA2390B70023280400B28A1DBF52
:10BF700014485686CA8526858299E30F45F31C40EE
:10BF8000898B8DE7B2474844E359F5F23E8535B7D2
:10BF900085465686CA8526858299E30F65F1050A8E
:10BFA0005C443247998FE345FAFEE9BF014A930AA0
:10BFB00094017D5BF5B7411122C42A842E859797A1
:10BFC000FE1F23AF07C006C69D2CFD576319F50061
:10BFD0009797FE1F9387C7C09C4391C31CC0B24074
:10BFE000224441018280411122C42E848395E500C0
:10BFF00006C6E122634905007C48AA977CC8B24086
:10C000002244410182808357C4007D777D17F98FD8
:10C010002316F400EDB783D7C500011122CC26CA40
:10C020004AC84EC606CE93F70710AA842E843289DA
:10C03000B68991C78395E500894601463522835725
:10C04000C4007D777D17F98F2316F4008315E40073
:10C050006244F240CE864A86B24942492685D2449D
:10C0600005613DA8411122C42E848395E50006C6D2
:10C07000E528FD570357C400631BF500FD77FD1746
:10C08000F98F2316F400B240224441018280856773
:10C09000D98F2316F40068C8FDB78395E50025A85D
:10C0A000411122C42A842E85B28536869797FE1FB9
:10C0B00023A807B206C6EF601EC0FD576319F5003E
:10C0C0009797FE1F9387C7B19C4391C31CC0B24092
:10C0D000224441018280411122C42A842E859797EF
:10C0E000FE1F23AF07AE06C61922FD576319F500E0
:10C0F0009797FE1F9387C7AE9C4391C31CC0B24065
:10C10000224441018280411122C42A842E85B285B5
:10C110009797FE1F23A607AC06C6D520FD576319C7
:10C12000F5009797FE1F9387A7AB9C4391C31CC054
:10C13000B240224441018280411122C42A842E85CA
:10C140009797FE1F23AE07A806C6D120FD57631997
:10C15000F5009797FE1F9387A7A89C4391C31CC027
:10C16000B240224441018280411122C42A842E859A
:10C17000B28536869797FE1F23A407A606C64520DC
:10C18000FD576319F5009797FE1F938767A59C439A
:10C1900091C31CC0B24022444101828093F5F50F47
:10C1A0002A966314C5000145828083470500E38D0C
:10C1B000B7FE0505FDB782808280411122C42A8422
:10C1C0002E85B28536869797FE1F23AB07A006C63D
:10C1D000B928FD576319F5009797FE1F938747A06D
:10C1E0009C4391C31CC0B24022444101828093070A
:10C1F00080051797FE1F2325F79E7D5582809307A4
:10C2000080051797FE1F232DF79C7D55828093078D
:10C2100080051797FE1F2325F79C01458280930711
:10C2200080051797FE1F232DF79A7D55828093076F
:10C2300080051797FE1F2325F79A7D5582809387E7
:10C2400001889C4391C73E9523A0A1883E858280AA
:10C250009797FE1F938707993E9523A0A1883E8557
:10C260008280000069643634010000006964360190
:10C2700043483539785F424C455F4C49425F5631FF
:10C280002E330000686561642066696C6520657204
:10C29000726F722E2E2E00004C494220696E697416
:10C2A000206572726F7220636F64653A2025782072
:10C2B0002E2E2E0A000000002A200000F268FEFF49
:10C2C0001A69FEFF4269FEFF5A69FEFF7469FEFFAC
:10C2D00044656C657465206C6F63616C206E6F647F
:10C2E0006500000044656C6574652073746F726549
:10C2F00064206E6F646520696E666F20636F6D7079
:10C300006C657465000000006170705F70726F761C
:10C310005F6174746E5F6F6E000000006170705F2B
:10C3200070726F765F6174746E5F6F666600000096
:10C330006C696E6B5F6F70656E0000006C696E6B90
:10C340005F636C6F7365000070726F765F636F6D13
:10C35000706C65746500000070726F765F72657353
:10C36000657400006366675F7372765F7273705FF7
:10C3700068616E646C65720076656E646F725F6D85
:10C380006F64656C5F7372765F7273705F68616E05
:10C39000646C6572000000006B65795072657373A0
:10C3A00000000000626C656D6573685F6F6E5F739F
:10C3B000796E63004170705F50726F63657373458F
:10C3C00076656E7400000000D707000000000000D2
:10C3D000010000007819002058250020000000000E
:10C3E000000000000000000000000000000000004D
:10C3F000000000000000000000000000000000003D
:10C40000000000000000000000000000A82D000057
:10C410004C300000B230000000000000223000006C
:10C420006170705F70726F765F6174746E5F6F665B
:10C43000660000004150505F4442472025733E2073
:10C44000000000006170705F70726F765F617474DD
:10C450006E5F6F6E000000004D4553485F4C4942CF
:10C460005F56312E37000000556E61626C65207397
:10C47000657420636F6E66696775726174696F6E4B
:10C4800020286572723A256429000000496E69749B
:10C4900069616C697A696E67206D65736820666191
:10C4A000696C65642028657272202564290000008B
:10C4B000426C7565746F6F746820696E6974696128
:10C4C0006C697A65640000004D657368206E657460
:10C4D000776F726B20726573746F72656420667219
:10C4E0006F6D20666C617368000000004D657368B5
:10C4F00020696E697469616C697A65640000000086
:10C500007761726E696E67206F70636F646520304B
:10C510007825303278000000417070204B6579201A
:10C52000416464656400000056656E646F72204D5E
:10C530006F64656C2042696E6465640056656E6464
:10C540006F72204D6F64656C2053756273637269FE
:10C550007074696F6E205365740000000000000065
:10C56000000000000000000000000000402D00005E
:10C57000742D000073656E64206661696C656420CB
:10C5800025640000726561736F6E202578000000DD
:10C590006E65745F6964782025782C20616464720C
:10C5A0002025780054696D656F7574206F70636F16
:10C5B000646520307825303278000000B4D33078BC
:10C5C00025303478CAD5B5BDCAFDBEDD25732CB380
:10C5D000A4B6C8CEAA256400B4D330782530347808
:10C5E000CAD5B5BD7772697465CAFDBEDD25732CE9
:10C5F000B3A4B6C8CEAA256400000000556E6B6EC9
:10C600006F77206F70636F646520307825303278E3
:10C61000000000006D6573682068656164206669CC
:10C620006C65206572726F722E2E2E0025730D0AB6
:10C6300000000000D6D8D6C3C5E4CDF80D00000038
:10C6400078350000A43500009435000074350000F2
:10C6500003040010000000000A1400600001060539
:10C66000140103DD08020200C00002003C003C008F
:10C670000200020401041E0002000000500000003D
:10C680002C01000064000A0000000000D6BE898E64
:10C690002526270076656E646F725F6D6F64656C2A
:10C6A0005F7372765F7265736574000076656E64A1
:10C6B0006F725F6D6573736167655F7372765F63D9
:10C6C0006F6E6669726D000076656E646F725F6D85
:10C6D0006573736167655F7372765F61636B00009A
:10C6E00076656E646F725F6D6573736167655F73A6
:10C6F00072765F73656E645F7472616E73000000C2
:10C70000696E645F73746172740000006164765FC7
:10C71000696E645F73656E64000000006164765F3B
:10C720007372765F7472616E735F73656E6400001E
:10C730004E554C4C2062756600000000556E6162DB
:10C740006C652073656E64206D6F64656C206D652B
:10C75000737361676520286572723A256429000049
:10C76000556E61626C652073656E6420696E6469E4
:10C770006361746520286572723A2564290000009F
:10C780007372633A20307825303478206473743AB9
:10C790002030782530347820746964203078253052
:10C7A000327820727373693A20256400BBD8B8B41C
:10C7B000636F6E6669726DD0C5CFA2A3ACD0C5CFD2
:10C7C000A2746964CEAA3078253032780000000067
:10C7D000236D6573682D6F6E6F66662053544154E8
:10C7E00055533A2073656E642073746174757320B9
:10C7F0006661696C65643A20256400004E6F2065AF
:10C800006E6F7567682073706163652100000000BA
:10C810004E6F20617661696C61626C6520436F6E5A
:10C8200066696775726174696F6E20436C69656EC5
:10C830007420636F6E74657874210000416E6F74AC
:10C840006865722073796E6368726F6E6F7573209E
:10C850006F7065726174696F6E2070656E64696E69
:10C8600067000000D707CF0000000000D8350000A7
:10C87000D707CC0000000000F8360000D707CD0035
:10C88000000000001E3B000000000000000000004F
:10C89000000000004661696C656420746F20736558
:10C8A0006E6420746F203078253034583A205479E3
:10C8B00070653D25642C20446174613D2573000042
:10C8C00052656365697665642066726F6D203078A5
:10C8D000253034583A20547970653D25642C204425
:10C8E0006174613D257300005265637648616E6432
:10C8F0006C6572004572726F7248616E646C65722D
:10C9000000000000884100001A460000DB2A0000F9
:10C91000DC2A0000020000001CC9010027180000EA
:10C92000DD2A0000DE2A00000200000030C90100FC
:10C9300028180000292A2B244D4553485F4C4942B2
:10C940005F56312E3736000000000000D65600003A
:10C95000BE5600000000000060C901000000000099
:10C96000405C0000105C00001E5C00000000000045
:10C9700000000000606000000000000002000000F5
:10C980000F0000008E6800000B8000000100000016
:10C990006A6800000E800000010000004668000088
:10C9A00011800000010000002268000014800000D7
:10C9B00001000000FE670000288000000200000067
:10C9C000A667000044800000030000006A670000C2
:10C9D0000380000004000000BE6800003E800000EC
:10C9E0000700000044670000198000000C000000F0
:10C9F000D06600001F80000007000000AC66000049
:10CA00003C80000009000000FC65000006000000FA
:10CA10000A0000008E6500002E8000000500000066
:10CA20003C65000025800000010000000665000054
:10CA30004A80000000000000DA6400004880000026
:10CA40000400000090640000178000000400000053
:10CA5000486400004C800000050000009463000062
:10CA60004E80000007000000DC6200000280000031
:10CA7000030000003A6200002A8000000500000068
:10CA8000866100002C80000007000000CE600000DE
:10CA90000000000000000000000000000000000096
:10CAA00000000000C07300000000000008800000CB
:10CAB00001000000447B00000000000013000000A3
:10CAC000729300000100000013000000EA920000D1
:10CAD00000800000030000004A9400000180000074
:10CAE00002000000E2900000098000000000000049
:10CAF0002A8600000A800000010000009E850000D8
:10CB00000C80000000000000FC8700000D80000089
:10CB10000100000076870000128000000000000085
:10CB2000CE8600001380000001000000E6860000B1
:10CB30002380000000000000F48300002480000037
:10CB40000100000084830000268000000000000037
:10CB50002E85000027800000020000008084000075
:10CB60001880000004000000C47A000003000000E8
:10CB70000B000000E68B00001A8000001800000087
:10CB8000E88A00001B80000006000000F678000024
:10CB90002080000014000000327E00001C80000095
:10CBA000060000001E780000218000001400000034
:10CBB000F27C00001E80000006000000D88E0000FD
:10CBC0002280000014000000E88D00001D8000009D
:10CBD000040000003A8D00002980000004000000DD
:10CBE000A87200002B800000060000006E7100009B
:10CBF00040800000120000008070000045800000AE
:10CC000012000000A06F0000418000000200000040
:10CC10008C95000042800000000000003E90000063
:10CC20004680000002000000666A000047800000A5
:10CC300003000000D46E00003D80000006000000EC
:10CC4000147700003F80000006000000FC8900000F
:10CC50004B80000004000000E07500004D800000E3
:10CC600006000000E07500004980000000000000A0
:10CC7000DE6D00000F80000000000000B8690000B9
:10CC80001080000001000000187500002D800000D9
:10CC9000020000002C6D0000158000000200000062
:10CCA000206A000016800000030000004E6C0000A7
:10CCB0003880000000000000A46B000039800000F4
:10CCC00009000000A67F00003A800000000000007C
:10CCD000B08100003B80000005000000C88100001A
:10CCE0000000000000000000000000005E7F000067
:10CCF000000000006964313238010000736D6B324E
:10CD000000000000736D6B3300000000736D6B3426
:10CD1000000000007072636B0000000076746164B4
:10CD2000000000000091E3720796E4750E9FED7C11
:10CD30000998EA7B1C8DFF6E1B8AF8691283F160EB
:10CD40001584F66738A9DB4A3FAEDC4D36A7D544DB
:10CD500031A0D24324B5C75623B2C0512ABBC9580B
:10CD60002DBCCE5F70E1930277E694057EEF9D0CBB
:10CD700079E89A0B6CFD8F1E6BFA881962F38110AB
:10CD800065F4861748D9AB3A4FDEAC3D46D7A5349B
:10CD900041D0A23354C5B72653C2B0215ACBB928CB
:10CDA0005DCCBE2FE0710392E7760495EE7F0D9C7B
:10CDB000E9780A9BFC6D1F8EFB6A1889F26311806B
:10CDC000F5641687D8493BAADF4E3CADD64735A45B
:10CDD000D14032A3C45527B6C35220B1CA5B29B88B
:10CDE000CD5C2EBF900173E2970674E59E0F7DEC3B
:10CDF00099087AEB8C1D6FFE8B1A68F9821361F02B
:10CE0000851466F7A8394BDAAF3E4CDDA63745D41A
:10CE1000A13042D3B42557C6B32250C1BA2B59C84A
:10CE2000BD2C5ECF0000000000000000F0B5000047
:10CE3000000000000500000003000000B2B6000082
:10CE40000400000003000000B4B5000037800000BB
:10CE5000010000007CB60000078000000100000017
:10CE600048B60000000000000000000000000000C4
:10CE70000000000000000000B8B900000000000041
:10CE8000318000000200000076B900002F80000011
:10CE90000200000026B900003080000002000000FF
:10CEA00046B800003280000003000000DEB8000039
:10CEB00033800000030000000EB800003480000042
:10CEC0000000000002B800003580000001000000F2
:10CED000EAB7000036800000010000001AB7000029
:10CEE000048000000000000098B7000005800000EA
:10CEF0000100000038BB00000680000001000000B7
:10CF000020BB000000000000000000000000000046
:10CF100000000000A8BF000034BF000000000000B7
:10CF20006E6B626B000000006E6B696B00000000AE
:10CF30002F4E6F64652F25780000000000070E0952
:10CF40001C1B1215383F363124232A2D2F566E64B0
:10CF50002F25782F257300002F5369672F25782FF1
:10CF600025730000646174610000000038D0010086
:10CF7000ACDB00003CD0010010DC000040D0010020
:10CF8000DEDA000044D0010096E1000048D0010044
:10CF9000D6E0000050D0010026E0000058D001008B
:10CFA0005CD8000060D0010092DA000064D001007B
:10CFB000F2EE000068D00100DCEE00006CD0010051
:10CFC000A4DF000070D0010030DF00002EF9000067
:10CFD000000000000EF80000000000002F417070FB
:10CFE0004B65792F257800002F4E65744B65792F9E
:10CFF000257800002F4E6574000000002F49560070
:10D000002F536571000000002F48425075620000E8
:10D010002F436667000000002F56612F257800001F
:10D0200062696E64000000007375620070756200D2
:10D030002F52504C2F2578004E6574004956000041
:10D040005365710052504C004E65744B6579000079
:10D050004170704B657900004842507562000000D5
:10D060004366670053696700566E640056610000AE
:10D070004E6F64650000000001020408100000000B
:10D080000102040826000100000000000A00000060
:10D0900064000000E803000010270000A0860100E3
:10D0A00040420F008096980000E1F50598180100B5
:10D0B00001030000B8140100010000006C0D010024
:10D0C00001000000060A0100000000007072736B8E
:10D0D000000000007072736E000000007072646BDC
:10D0E00000000000700401000100000006160100AD
:10D0F0000B0000007C150100050000007A12010001
:10D10000400000004C120100000000001812010055
:10D1100010000000AC0F0100100000004E0E0100D6
:10D1200021000000781A0100000000009819010099
:10D13000010000009A2801008C2801000000000076
:10D14000000000000000000000000087434835395F
:10D15000785F424C455F4C49425F56312E33410067
:10D16000000102020303030304040404040404048E
:10D17000050505050505050505050505050505055F
:10D18000060606060606060606060606060606063F
:10D19000060606060606060606060606060606062F
:10D1A000070707070707070707070707070707070F
:10D1B00007070707070707070707070707070707FF
:10D1C00007070707070707070707070707070707EF
:10D1D00007070707070707070707070707070707DF
:10D1E00008080808080808080808080808080808BF
:10D1F00008080808080808080808080808080808AF
:10D20000080808080808080808080808080808089E
:10D21000080808080808080808080808080808088E
:10D22000080808080808080808080808080808087E
:10D23000080808080808080808080808080808086E
:10D24000080808080808080808080808080808085E
:10D25000080808080808080808080808080808084E
:10D2600000000000000000000000000000000000BE
:10D2700000000000000000000000000000000000AE
:10D28000000000000000000000000000000000009E
:10D29000000000000000000000000000000000008E
:10D2A000000000000000000000000000000000007E
:10D2B000000000000000000000000000000000006E
:10D2C000232D302B20000000686C4C0065666745FC
:10D2D0004647000030313233343536373839414231
:10D2E0004344454600000000303132333435363790
:10D2F000383961626364656600000000C23800006E
:10D30000AE380000032800000229000000280000B9
:04D31000641C002079
:10D314007425002000000C0074250020000000008B
:10D3240000000000042F00000701070100000300B3
:10D3340000000000000000000000000000000000E9
:10D3440000000000000000000000000000000000D9
:10D3540000000000000000000000000000000000C9
:10D3640000000000000000000000000000000000B9
:10D374000000000002010000E0190020441A00200F
:10D384000000000000000000000000000000000099
:10D394001819002000000000000000000000000038
:10D3A4000000000000000000000000000000000079
:10D3B40000000000000000005CC501000000000047
:10D3C4000000000000000000000000000000000059
:10D3D4000000000000000000000000000000000049
:10D3E40000000000C81C00204C250020ACCA01002D
:10D3F4009CCA01002819002002000000000000005F
:10D4040088190020CC1C00206825002080CE010053
:10D4140070CE0100BC1900208025002000004100CE
:10D424008025002000000000000000000000000033
:10D43400FF00000000000000D02D00000000D7070E
:10D444000000000000000000D01C0020C4250020C3
:10D4540064C80100000000002C1A00200000000035
:10D4640000000000000000000000000000000000B8
:10D474000000000000000000D03500200000000083
:10D484000000000000000000000000000000000098
:10D494000000000000000000EC350020041004101F
:10D4A400020000000CD301000100000014C90100B7
:10D4B4000200000004D3010001000000A41A0020AF
:10D4C400020000000CC9010002000000000000007E
:10D4D4000200000004D3010001000000A51A00208E
:10D4E4000200000010C9010000000000000000005C
:10D4F4000200000008D3010003000000A441002042
:10D50400020000000CD301000100000028C9010042
:10D514000200000004D3010001000000A61A00204C
:10D524000200000020C90100020000000000000009
:10D534000200000004D3010001000000A71A00202B
:10D544000200000024C901000000000000000000E7
:10D554000200000008D3010003000000B4410020D1
:10D5640000000000000000000000000055555500B8
:10D5740068AF000000000000000000000000000090
:10D5840030C6010000000000FCEC0000D2D800000E
:10D594000000000000000000000000004A0101003B
:10D5A400FF000000AC1B0020AC1B00200820000181
:10D5B400FFFFFFFFFFFFFFFFFFFFFFFF0000000073
:10D5C400000000000000000001000000FFFFFFFF5A
:10D5D400512563FCC2CAB9F3849E17A7ADFAE6BC11
:10D5E400FFFFFFFFFFFFFFFF00000000FFFFFFFF43
:10D5F40096C298D84539A1F4A033EB2D817D0377E9
:10D60400F240A463E5E6BCF847422CE1F2D1176B83
:10D61400F551BF376840B6CBCE5E316B5733CE2B56
:10D62400169E0F7C4AEBE78E9B7F1AFEE242E34F85
:10D634004B60D2273E3CCE3BF6B053CCB0061D65C2
:10D64400BC86987655BDEBB3E7933AAAD835C65A4B
:10D65400EC45010034450100444301000000000092
:10D6640080D20100A0D2010060D2010000000000BD
:10D6740000000000000000000000000000000000A6
:10D684000000000000000000000000000000000096
:10D694000000000000000000000000000000000086
:10D6A4000000000000000000000000000000000076
:10D6B4000000000000000000000000000000000066
:10D6C400FFFF0000FFFF0000FFFF8000C3812F0168
:10D6D400641C00200000000000010203040506078A
:00000001FF
